Varenavn,Årsforbrug,Pris,Ordreomkostning,Rentesats
Elektronik Model A Pro #1000,174,613,165,4.3
Elektronik Model A Plus #1001,238,480,314,4.9
Elektronik Model A Premium #1002,303,952,355,3.9
Elektronik Model A Standard #1003,423,743,279,7.4
Elektronik Model A Basic #1004,347,1229,304,6.6
Elektronik Model A Deluxe #1005,388,776,364,3.9
Elektronik Model A Ultra #1006,271,1195,258,3.6
Elektronik Model A Max #1007,150,1171,314,5.2
Elektronik Model A Compact #1008,337,499,140,7.5
Elektronik Model A Mini #1009,453,310,260,5.8
Elektronik Model A XL #1010,308,380,233,7.2
Elektronik Model A S #1011,330,314,287,6.1
Elektronik Model A M #1012,398,1317,349,7.1
Elektronik Model A L #1013,456,913,396,5.2
Elektronik Model A XL #1014,319,511,173,6.4
Elektronik Model A XXL #1015,129,1493,381,4.1
Elektronik Model A V1 #1016,417,1291,360,4.5
Elektronik Model A V2 #1017,202,641,327,7.2
Elektronik Model A V3 #1018,165,1261,361,4.9
Elektronik Model A MK2 #1019,163,283,101,7.5
Elektronik Model A MK3 #1020,408,502,330,3.8
Elektronik Model A Gen2 #1021,183,744,296,4.4
Elektronik Model A Gen3 #1022,265,476,217,4.8
Elektronik Model A Sort #1023,179,1296,485,6.4
Elektronik Model A Hvid #1024,402,839,193,4.5
Elektronik Model A Blå #1025,431,896,431,4.4
Elektronik Model A Rød #1026,493,1133,392,4.2
Elektronik Model A Grøn #1027,91,292,288,4.4
Elektronik Model A Grå #1028,422,1166,406,5.5
Elektronik Model B Pro #1029,342,873,189,3.8
Elektronik Model B Plus #1030,138,1397,440,7.0
Elektronik Model B Premium #1031,67,503,330,4.6
Elektronik Model B Standard #1032,122,1463,393,7.0
Elektronik Model B Basic #1033,293,432,136,6.2
Elektronik Model B Deluxe #1034,359,510,316,3.7
Elektronik Model B Ultra #1035,132,455,331,4.7
Elektronik Model B Max #1036,389,554,211,5.7
Elektronik Model B Compact #1037,262,656,375,4.1
Elektronik Model B Mini #1038,353,1406,391,4.6
Elektronik Model B XL #1039,193,1157,330,5.0
Elektronik Model B S #1040,443,286,117,7.2
Elektronik Model B M #1041,166,345,165,5.8
Elektronik Model B L #1042,355,288,152,4.8
Elektronik Model B XL #1043,459,939,400,3.8
Elektronik Model B XXL #1044,492,995,294,4.8
Elektronik Model B V1 #1045,372,961,205,6.7
Elektronik Model B V2 #1046,401,818,203,4.0
Elektronik Model B V3 #1047,394,999,221,7.3
Elektronik Model B MK2 #1048,280,1488,297,5.2
Elektronik Model B MK3 #1049,211,1023,210,5.0
Elektronik Model B Gen2 #1050,242,877,359,3.9
Elektronik Model B Gen3 #1051,132,641,292,7.3
Elektronik Model B Sort #1052,351,405,323,4.5
Elektronik Model B Hvid #1053,161,1063,250,4.8
Elektronik Model B Blå #1054,271,658,289,3.5
Elektronik Model B Rød #1055,421,301,226,6.3
Elektronik Model B Grøn #1056,125,1030,428,3.6
Elektronik Model B Grå #1057,365,856,255,4.4
Elektronik Model C Pro #1058,73,524,303,4.9
Elektronik Model C Plus #1059,491,775,190,7.0
Elektronik Model C Premium #1060,202,971,263,5.4
Elektronik Model C Standard #1061,171,833,299,5.5
Elektronik Model C Basic #1062,77,711,191,7.4
Elektronik Model C Deluxe #1063,61,1005,341,4.5
Elektronik Model C Ultra #1064,300,1221,483,6.9
Elektronik Model C Max #1065,76,646,380,6.2
Elektronik Model C Compact #1066,326,684,261,4.9
Elektronik Model C Mini #1067,386,833,353,6.2
Elektronik Model C XL #1068,481,1398,311,7.2
Elektronik Model C S #1069,269,1073,361,3.6
Elektronik Model C M #1070,310,287,153,7.2
Elektronik Model C L #1071,308,1219,456,4.3
Elektronik Model C XL #1072,258,943,314,5.1
Elektronik Model C XXL #1073,408,1349,330,4.9
Elektronik Model C V1 #1074,76,483,253,6.3
Elektronik Model C V2 #1075,462,798,326,5.1
Elektronik Model C V3 #1076,258,1061,253,4.9
Elektronik Model C MK2 #1077,488,1015,435,5.9
Elektronik Model C MK3 #1078,362,1353,451,3.5
Elektronik Model C Gen2 #1079,355,593,149,7.4
Elektronik Model C Gen3 #1080,210,664,293,5.9
Elektronik Model C Sort #1081,392,1251,240,3.7
Elektronik Model C Hvid #1082,288,684,262,6.4
Elektronik Model C Blå #1083,303,1426,334,4.6
Elektronik Model C Rød #1084,161,654,158,7.1
Elektronik Model C Grøn #1085,337,825,259,6.7
Elektronik Model C Grå #1086,260,518,259,7.1
Elektronik Type 1 Pro #1087,443,1022,412,4.9
Elektronik Type 1 Plus #1088,336,1474,426,5.6
Elektronik Type 1 Premium #1089,318,1368,432,6.2
Elektronik Type 1 Standard #1090,465,1366,486,5.0
Elektronik Type 1 Basic #1091,206,1455,397,4.6
Elektronik Type 1 Deluxe #1092,349,350,318,5.5
Elektronik Type 1 Ultra #1093,175,1068,268,6.0
Elektronik Type 1 Max #1094,370,786,171,4.0
Elektronik Type 1 Compact #1095,446,287,103,6.6
Elektronik Type 1 Mini #1096,482,1429,419,6.9
Elektronik Type 1 XL #1097,64,1306,300,3.9
Elektronik Type 1 S #1098,485,1472,521,5.1
Elektronik Type 1 M #1099,368,1340,280,6.2
Elektronik Type 1 L #1100,371,875,409,4.5
Elektronik Type 1 XL #1101,108,1075,275,4.8
Elektronik Type 1 XXL #1102,229,965,369,5.4
Elektronik Type 1 V1 #1103,245,824,368,4.1
Elektronik Type 1 V2 #1104,71,737,236,5.4
Elektronik Type 1 V3 #1105,424,1193,236,6.9
Elektronik Type 1 MK2 #1106,397,1131,232,6.4
Elektronik Type 1 MK3 #1107,133,284,224,7.2
Elektronik Type 1 Gen2 #1108,428,1392,362,6.9
Elektronik Type 1 Gen3 #1109,380,603,319,6.1
Elektronik Type 1 Sort #1110,320,801,279,4.3
Elektronik Type 1 Hvid #1111,319,382,338,5.5
Elektronik Type 1 Blå #1112,125,1377,333,6.7
Elektronik Type 1 Rød #1113,301,407,178,5.1
Elektronik Type 1 Grøn #1114,103,927,328,6.3
Elektronik Type 1 Grå #1115,111,739,227,4.9
Elektronik Type 2 Pro #1116,62,875,407,6.3
Elektronik Type 2 Plus #1117,165,1003,403,6.3
Elektronik Type 2 Premium #1118,245,1423,314,6.3
Elektronik Type 2 Standard #1119,492,937,394,3.5
Elektronik Type 2 Basic #1120,324,575,193,6.8
Elektronik Type 2 Deluxe #1121,324,547,226,5.8
Elektronik Type 2 Ultra #1122,358,368,123,7.0
Elektronik Type 2 Max #1123,160,1363,318,5.3
Elektronik Type 2 Compact #1124,321,1048,359,5.9
Elektronik Type 2 Mini #1125,91,1103,236,6.4
Elektronik Type 2 XL #1126,222,696,255,5.6
Elektronik Type 2 S #1127,116,583,292,6.3
Elektronik Type 2 M #1128,79,985,419,7.1
Elektronik Type 2 L #1129,323,1230,480,3.9
Elektronik Type 2 XL #1130,254,580,143,4.9
Elektronik Type 2 XXL #1131,128,688,184,4.9
Elektronik Type 2 V1 #1132,259,285,301,6.8
Elektronik Type 2 V2 #1133,215,1440,476,6.3
Elektronik Type 2 V3 #1134,393,659,343,4.4
Elektronik Type 2 MK2 #1135,365,717,227,4.1
Elektronik Type 2 MK3 #1136,192,541,274,4.1
Elektronik Type 2 Gen2 #1137,252,345,131,6.0
Elektronik Type 2 Gen3 #1138,321,1107,347,3.7
Elektronik Type 2 Sort #1139,372,988,399,6.3
Elektronik Type 2 Hvid #1140,330,1493,390,4.7
Elektronik Type 2 Blå #1141,214,579,262,6.8
Elektronik Type 2 Rød #1142,70,904,374,4.6
Elektronik Type 2 Grøn #1143,169,377,136,4.8
Elektronik Type 2 Grå #1144,467,1061,280,7.1
Elektronik Serie 100 Pro #1145,178,490,124,6.6
Elektronik Serie 100 Plus #1146,431,846,409,5.6
Elektronik Serie 100 Premium #1147,177,1442,344,5.8
Elektronik Serie 100 Standard #1148,190,960,296,3.7
Elektronik Serie 100 Basic #1149,362,760,214,4.8
Elektronik Serie 100 Deluxe #1150,189,1445,409,6.0
Elektronik Serie 100 Ultra #1151,342,1318,486,5.7
Elektronik Serie 100 Max #1152,168,301,296,6.4
Elektronik Serie 100 Compact #1153,72,1481,316,5.4
Elektronik Serie 100 Mini #1154,418,1017,325,7.3
Elektronik Serie 100 XL #1155,432,359,317,7.0
Elektronik Serie 100 S #1156,337,354,109,7.2
Elektronik Serie 100 M #1157,304,584,254,5.8
Elektronik Serie 100 L #1158,233,1147,381,3.7
Elektronik Serie 100 XL #1159,250,696,172,4.6
Elektronik Serie 100 XXL #1160,485,1173,228,3.9
Elektronik Serie 100 V1 #1161,438,463,324,5.6
Elektronik Serie 100 V2 #1162,306,1378,343,6.0
Elektronik Serie 100 V3 #1163,268,527,238,5.2
Elektronik Serie 100 MK2 #1164,282,630,370,5.1
Elektronik Serie 100 MK3 #1165,83,516,347,5.9
Elektronik Serie 100 Gen2 #1166,344,1016,254,6.5
Elektronik Serie 100 Gen3 #1167,133,369,105,4.6
Elektronik Serie 100 Sort #1168,250,958,339,4.8
Elektronik Serie 100 Hvid #1169,460,272,135,3.9
Elektronik Serie 100 Blå #1170,356,335,205,6.1
Elektronik Serie 100 Rød #1171,152,409,332,5.2
Elektronik Serie 100 Grøn #1172,299,349,240,7.3
Elektronik Serie 100 Grå #1173,208,426,258,5.0
Elektronik Serie 200 Pro #1174,212,274,105,4.1
Elektronik Serie 200 Plus #1175,376,879,301,6.3
Elektronik Serie 200 Premium #1176,420,371,226,7.3
Elektronik Serie 200 Standard #1177,223,1444,270,6.3
Elektronik Serie 200 Basic #1178,469,1062,220,3.7
Elektronik Serie 200 Deluxe #1179,448,611,237,5.4
Elektronik Serie 200 Ultra #1180,117,1432,322,7.4
Elektronik Serie 200 Max #1181,343,408,144,6.7
Elektronik Serie 200 Compact #1182,320,484,306,4.5
Elektronik Serie 200 Mini #1183,173,1222,425,5.5
Elektronik Serie 200 XL #1184,496,582,280,6.0
Elektronik Serie 200 S #1185,330,640,259,6.3
Elektronik Serie 200 M #1186,343,957,266,5.3
Elektronik Serie 200 L #1187,474,510,330,4.6
Elektronik Serie 200 XL #1188,334,881,368,7.1
Elektronik Serie 200 XXL #1189,313,301,340,5.4
Elektronik Serie 200 V1 #1190,66,1386,346,3.6
Elektronik Serie 200 V2 #1191,158,1096,445,6.7
Elektronik Serie 200 V3 #1192,360,829,296,4.0
Elektronik Serie 200 MK2 #1193,291,1062,306,4.4
Elektronik Serie 200 MK3 #1194,441,951,303,3.8
Elektronik Serie 200 Gen2 #1195,277,1160,369,6.1
Elektronik Serie 200 Gen3 #1196,301,1007,297,4.9
Elektronik Serie 200 Sort #1197,183,1070,398,6.7
Elektronik Serie 200 Hvid #1198,334,885,408,6.8
Elektronik Serie 200 Blå #1199,232,1150,312,6.7
Elektronik Serie 200 Rød #1200,463,1064,401,6.7
Elektronik Serie 200 Grøn #1201,470,907,400,7.4
Elektronik Serie 200 Grå #1202,401,1445,296,3.6
Elektronik Edition Pro #1203,333,1386,337,5.5
Elektronik Edition Plus #1204,101,1347,441,4.4
Elektronik Edition Premium #1205,482,689,260,5.4
Elektronik Edition Standard #1206,73,407,245,3.7
Elektronik Edition Basic #1207,86,444,320,6.3
Elektronik Edition Deluxe #1208,453,799,320,5.6
Elektronik Edition Ultra #1209,383,1332,412,4.6
Elektronik Edition Max #1210,64,863,194,4.6
Elektronik Edition Compact #1211,428,693,396,4.4
Elektronik Edition Mini #1212,86,582,364,4.8
Elektronik Edition XL #1213,326,508,332,7.2
Elektronik Edition S #1214,309,808,265,6.0
Elektronik Edition M #1215,180,440,345,5.3
Elektronik Edition L #1216,65,808,395,6.6
Elektronik Edition XL #1217,234,1345,301,4.8
Elektronik Edition XXL #1218,444,539,234,5.3
Elektronik Edition V1 #1219,212,303,160,4.9
Elektronik Edition V2 #1220,269,600,176,4.4
Elektronik Edition V3 #1221,146,421,121,5.8
Elektronik Edition MK2 #1222,161,951,206,4.2
Elektronik Edition MK3 #1223,482,1078,434,7.3
Elektronik Edition Gen2 #1224,279,1464,489,6.2
Elektronik Edition Gen3 #1225,142,795,335,4.2
Elektronik Edition Sort #1226,237,391,290,5.2
Elektronik Edition Hvid #1227,331,1278,253,3.7
Elektronik Edition Blå #1228,499,559,363,4.0
Elektronik Edition Rød #1229,341,1051,374,7.3
Elektronik Edition Grøn #1230,101,468,121,6.1
Elektronik Edition Grå #1231,302,496,208,4.8
Elektronik Classic Pro #1232,412,1206,310,4.9
Elektronik Classic Plus #1233,263,464,241,6.2
Elektronik Classic Premium #1234,220,1140,342,6.3
Elektronik Classic Standard #1235,154,1366,382,6.5
Elektronik Classic Basic #1236,329,911,248,6.6
Elektronik Classic Deluxe #1237,106,669,237,5.4
Elektronik Classic Ultra #1238,265,491,192,6.8
Elektronik Classic Max #1239,428,1026,304,4.7
Elektronik Classic Compact #1240,279,929,305,4.9
Elektronik Classic Mini #1241,428,1205,431,4.0
Elektronik Classic XL #1242,261,287,266,5.3
Elektronik Classic S #1243,344,474,259,6.4
Elektronik Classic M #1244,158,1034,312,5.1
Elektronik Classic L #1245,145,885,255,6.1
Elektronik Classic XL #1246,416,973,224,3.6
Elektronik Classic XXL #1247,453,1009,425,7.3
Elektronik Classic V1 #1248,202,787,236,6.4
Elektronik Classic V2 #1249,242,511,350,5.7
Elektronik Classic V3 #1250,430,491,149,5.1
Elektronik Classic MK2 #1251,133,434,238,5.3
Elektronik Classic MK3 #1252,293,288,269,7.4
Elektronik Classic Gen2 #1253,69,516,269,5.0
Elektronik Classic Gen3 #1254,442,426,299,5.8
Elektronik Classic Sort #1255,297,345,230,4.8
Elektronik Classic Hvid #1256,397,1045,244,3.8
Elektronik Classic Blå #1257,376,1018,279,5.3
Elektronik Classic Rød #1258,209,1251,322,6.0
Elektronik Classic Grøn #1259,316,1219,334,3.5
Elektronik Classic Grå #1260,279,1051,332,5.0
Elektronik Modern Pro #1261,207,577,381,6.0
Elektronik Modern Plus #1262,296,603,261,3.6
Elektronik Modern Premium #1263,103,296,248,3.6
Elektronik Modern Standard #1264,346,1438,378,5.4
Elektronik Modern Basic #1265,388,260,179,3.5
Elektronik Modern Deluxe #1266,496,1077,236,7.2
Elektronik Modern Ultra #1267,351,1350,482,3.8
Elektronik Modern Max #1268,130,1494,424,7.4
Elektronik Modern Compact #1269,225,1040,244,7.0
Elektronik Modern Mini #1270,316,318,192,4.3
Elektronik Modern XL #1271,116,1174,278,7.5
Elektronik Modern S #1272,307,381,303,3.9
Elektronik Modern M #1273,320,1024,375,7.1
Elektronik Modern L #1274,108,1497,503,4.1
Elektronik Modern XL #1275,474,337,333,7.1
Elektronik Modern XXL #1276,269,1162,359,6.7
Elektronik Modern V1 #1277,229,362,167,4.7
Elektronik Modern V2 #1278,292,447,262,5.1
Elektronik Modern V3 #1279,166,497,146,5.2
Elektronik Modern MK2 #1280,469,675,385,5.2
Elektronik Modern MK3 #1281,447,885,314,6.3
Elektronik Modern Gen2 #1282,194,442,165,3.9
Elektronik Modern Gen3 #1283,73,1099,285,4.8
Elektronik Modern Sort #1284,324,1337,390,7.2
Elektronik Modern Hvid #1285,267,964,345,5.0
Elektronik Modern Blå #1286,231,618,360,7.0
Elektronik Modern Rød #1287,408,705,255,5.4
Elektronik Modern Grøn #1288,269,1498,505,7.1
Elektronik Modern Grå #1289,155,1293,435,6.6
Elektronik Industri Pro #1290,82,525,308,4.4
Elektronik Industri Plus #1291,365,485,267,4.3
Elektronik Industri Premium #1292,331,443,116,5.7
Elektronik Industri Standard #1293,274,1265,372,4.2
Elektronik Industri Basic #1294,361,918,372,5.4
Elektronik Industri Deluxe #1295,318,513,166,4.3
Elektronik Industri Ultra #1296,448,1301,465,4.2
Elektronik Industri Max #1297,102,561,216,6.5
Elektronik Industri Compact #1298,251,302,151,5.5
Elektronik Industri Mini #1299,276,1426,336,4.9
Elektronik Industri XL #1300,403,294,104,7.2
Elektronik Industri S #1301,268,501,332,6.2
Elektronik Industri M #1302,431,1089,360,6.3
Elektronik Industri L #1303,110,1054,452,4.7
Elektronik Industri XL #1304,91,518,177,7.4
Elektronik Industri XXL #1305,166,942,417,6.4
Elektronik Industri V1 #1306,364,264,219,6.8
Elektronik Industri V2 #1307,418,1475,497,4.0
Elektronik Industri V3 #1308,285,1004,357,4.3
Elektronik Industri MK2 #1309,389,1319,307,4.2
Elektronik Industri MK3 #1310,168,1185,237,4.8
Elektronik Industri Gen2 #1311,322,1355,358,4.3
Elektronik Industri Gen3 #1312,474,762,248,4.7
Elektronik Industri Sort #1313,452,884,199,4.5
Elektronik Industri Hvid #1314,227,1118,263,4.4
Elektronik Industri Blå #1315,258,445,227,3.6
Elektronik Industri Rød #1316,196,524,222,3.8
Elektronik Industri Grøn #1317,157,998,376,3.6
Elektronik Industri Grå #1318,182,832,341,5.3
Elektronik Professionel Pro #1319,401,376,141,7.1
Elektronik Professionel Plus #1320,338,831,304,5.1
Elektronik Professionel Premium #1321,82,1204,408,4.8
Elektronik Professionel Standard #1322,440,935,371,5.5
Elektronik Professionel Basic #1323,78,374,341,4.6
Elektronik Professionel Deluxe #1324,263,391,241,6.1
Elektronik Professionel Ultra #1325,424,273,200,5.2
Elektronik Professionel Max #1326,243,386,317,7.0
Elektronik Professionel Compact #1327,413,1096,299,4.9
Elektronik Professionel Mini #1328,145,1275,258,6.7
Elektronik Professionel XL #1329,145,741,227,3.7
Elektronik Professionel S #1330,380,1464,509,6.8
Elektronik Professionel M #1331,261,1189,237,7.1
Elektronik Professionel L #1332,404,387,131,5.3
Elektronik Professionel XL #1333,310,546,303,4.3
Elektronik Professionel XXL #1334,79,656,244,3.6
Elektronik Professionel V1 #1335,253,1193,265,6.9
Elektronik Professionel V2 #1336,245,923,259,6.3
Elektronik Professionel V3 #1337,403,370,232,6.1
Elektronik Professionel MK2 #1338,157,1403,299,5.7
Elektronik Professionel MK3 #1339,472,1372,275,4.6
Elektronik Professionel Gen2 #1340,349,1229,442,3.6
Elektronik Professionel Gen3 #1341,342,482,202,6.2
Elektronik Professionel Sort #1342,246,1413,435,7.2
Elektronik Professionel Hvid #1343,440,525,189,5.9
Elektronik Professionel Blå #1344,206,692,392,5.1
Elektronik Professionel Rød #1345,470,1026,368,6.7
Elektronik Professionel Grøn #1346,316,452,133,4.8
Elektronik Professionel Grå #1347,361,554,289,6.6
Elektronik Commercial Pro #1348,394,1486,373,5.2
Elektronik Commercial Plus #1349,154,412,313,4.3
Elektronik Commercial Premium #1350,155,825,370,6.8
Elektronik Commercial Standard #1351,63,608,216,5.2
Elektronik Commercial Basic #1352,373,720,376,5.8
Elektronik Commercial Deluxe #1353,376,986,382,4.8
Elektronik Commercial Ultra #1354,363,1096,217,6.0
Elektronik Commercial Max #1355,194,426,338,4.1
Elektronik Commercial Compact #1356,382,449,222,7.0
Elektronik Commercial Mini #1357,391,556,185,3.6
Elektronik Commercial XL #1358,488,309,310,5.5
Elektronik Commercial S #1359,339,791,317,4.6
Elektronik Commercial M #1360,73,1177,453,4.8
Elektronik Commercial L #1361,239,869,223,5.6
Elektronik Commercial XL #1362,472,1451,344,6.2
Elektronik Commercial XXL #1363,373,1226,298,5.7
Elektronik Commercial V1 #1364,204,1027,424,5.8
Elektronik Commercial V2 #1365,76,1035,371,5.1
Elektronik Commercial V3 #1366,170,657,152,7.1
Elektronik Commercial MK2 #1367,345,899,194,6.3
Elektronik Commercial MK3 #1368,432,1457,513,4.0
Elektronik Commercial Gen2 #1369,336,689,180,4.7
Elektronik Commercial Gen3 #1370,280,803,344,6.4
Elektronik Commercial Sort #1371,244,990,210,3.7
Elektronik Commercial Hvid #1372,384,1169,403,6.9
Elektronik Commercial Blå #1373,119,1391,469,4.8
Elektronik Commercial Rød #1374,171,1324,280,5.0
Elektronik Commercial Grøn #1375,282,943,369,7.5
Elektronik Commercial Grå #1376,333,699,350,6.6
Elektronik Model A Pro #1377,325,744,365,4.3
Elektronik Model A Plus #1378,499,379,316,5.7
Elektronik Model A Premium #1379,254,929,406,7.1
Elektronik Model A Standard #1380,92,1421,379,7.4
Elektronik Model A Basic #1381,335,1182,451,5.3
Elektronik Model A Deluxe #1382,446,1195,431,6.3
Elektronik Model A Ultra #1383,469,611,330,4.3
Elektronik Model A Max #1384,383,672,335,3.9
Elektronik Model A Compact #1385,69,1016,390,5.9
Elektronik Model A Mini #1386,355,1314,285,3.7
Elektronik Model A XL #1387,282,972,375,5.3
Elektronik Model A S #1388,212,776,224,6.5
Elektronik Model A M #1389,316,854,273,4.0
Elektronik Model A L #1390,344,898,396,6.8
Elektronik Model A XL #1391,175,993,306,6.3
Elektronik Model A XXL #1392,309,853,330,7.2
Elektronik Model A V1 #1393,79,1061,439,4.9
Elektronik Model A V2 #1394,67,1436,363,6.2
Elektronik Model A V3 #1395,405,814,263,5.2
Elektronik Model A MK2 #1396,285,1038,410,5.6
Elektronik Model A MK3 #1397,323,1161,352,5.7
Elektronik Model A Gen2 #1398,207,677,210,6.9
Elektronik Model A Gen3 #1399,497,738,190,5.8
Elektronik Model A Sort #1400,329,681,186,6.9
Elektronik Model A Hvid #1401,109,1395,271,7.2
Elektronik Model A Blå #1402,302,1493,289,4.4
Elektronik Model A Rød #1403,276,1245,418,5.1
Elektronik Model A Grøn #1404,232,1154,340,4.6
Elektronik Model A Grå #1405,384,423,297,4.8
Elektronik Model B Pro #1406,368,1178,281,4.6
Elektronik Model B Plus #1407,220,310,148,3.6
Elektronik Model B Premium #1408,229,439,232,4.1
Elektronik Model B Standard #1409,112,1346,371,4.2
Elektronik Model B Basic #1410,373,1038,227,4.5
Elektronik Model B Deluxe #1411,323,797,180,4.3
Elektronik Model B Ultra #1412,140,1010,382,6.9
Elektronik Model B Max #1413,153,492,236,4.2
Elektronik Model B Compact #1414,404,607,319,6.2
Elektronik Model B Mini #1415,401,735,354,6.1
Elektronik Model B XL #1416,429,1292,489,5.1
Elektronik Model B S #1417,158,712,332,4.3
Elektronik Model B M #1418,288,408,226,6.9
Elektronik Model B L #1419,145,523,307,3.5
Elektronik Model B XL #1420,75,717,204,5.9
Elektronik Model B XXL #1421,198,574,381,4.1
Elektronik Model B V1 #1422,394,471,258,6.6
Elektronik Model B V2 #1423,212,1162,337,3.5
Elektronik Model B V3 #1424,380,836,380,6.4
Elektronik Model B MK2 #1425,499,743,184,4.7
Elektronik Model B MK3 #1426,84,1324,376,5.5
Elektronik Model B Gen2 #1427,367,1083,450,4.2
Elektronik Model B Gen3 #1428,114,531,308,6.1
Elektronik Model B Sort #1429,294,679,317,5.4
Elektronik Model B Hvid #1430,364,1295,407,7.2
Elektronik Model B Blå #1431,153,783,361,7.2
Elektronik Model B Rød #1432,363,1375,438,4.1
Elektronik Model B Grøn #1433,404,1050,210,6.8
Elektronik Model B Grå #1434,491,330,320,7.2
Elektronik Model C Pro #1435,328,864,314,5.9
Elektronik Model C Plus #1436,278,1256,325,6.7
Elektronik Model C Premium #1437,485,1199,270,4.2
Elektronik Model C Standard #1438,425,1051,247,6.8
Elektronik Model C Basic #1439,181,1325,461,7.4
Elektronik Model C Deluxe #1440,481,301,134,6.7
Elektronik Model C Ultra #1441,429,753,187,6.7
Elektronik Model C Max #1442,444,1316,256,5.9
Elektronik Model C Compact #1443,117,1420,456,4.2
Elektronik Model C Mini #1444,304,1493,421,3.7
Elektronik Model C XL #1445,114,1060,451,6.3
Elektronik Model C S #1446,217,792,264,6.6
Elektronik Model C M #1447,471,1455,513,6.9
Elektronik Model C L #1448,151,664,223,6.0
Elektronik Model C XL #1449,232,728,188,4.9
Elektronik Model C XXL #1450,206,869,262,6.0
Elektronik Model C V1 #1451,269,1214,328,5.4
Elektronik Model C V2 #1452,199,1384,430,4.8
Elektronik Model C V3 #1453,407,713,375,3.7
Elektronik Model C MK2 #1454,229,1129,317,5.6
Elektronik Model C MK3 #1455,110,1238,414,6.8
Elektronik Model C Gen2 #1456,235,697,183,4.1
Elektronik Model C Gen3 #1457,250,995,404,4.9
Elektronik Model C Sort #1458,184,609,262,5.1
Elektronik Model C Hvid #1459,91,454,335,3.7
Elektronik Model C Blå #1460,75,469,123,3.6
Elektronik Model C Rød #1461,328,384,253,6.0
Elektronik Model C Grøn #1462,474,592,332,5.3
Elektronik Model C Grå #1463,68,253,251,4.3
Elektronik Type 1 Pro #1464,88,898,293,6.9
Elektronik Type 1 Plus #1465,348,467,264,6.8
Elektronik Type 1 Premium #1466,221,1066,243,6.3
Elektronik Type 1 Standard #1467,89,981,447,3.9
Elektronik Type 1 Basic #1468,367,1045,331,4.4
Elektronik Type 1 Deluxe #1469,382,994,411,6.8
Elektronik Type 1 Ultra #1470,236,1407,325,5.2
Elektronik Type 1 Max #1471,87,1118,461,6.4
Elektronik Type 1 Compact #1472,192,715,196,6.0
Elektronik Type 1 Mini #1473,348,575,278,7.0
Elektronik Type 1 XL #1474,252,1373,460,5.9
Elektronik Type 1 S #1475,202,490,340,6.9
Elektronik Type 1 M #1476,282,599,253,3.5
Elektronik Type 1 L #1477,290,378,148,3.9
Elektronik Type 1 XL #1478,300,272,174,5.3
Elektronik Type 1 XXL #1479,109,590,386,7.4
Elektronik Type 1 V1 #1480,257,1264,292,5.7
Elektronik Type 1 V2 #1481,427,509,300,5.0
Elektronik Type 1 V3 #1482,272,1337,259,5.1
Elektronik Type 1 MK2 #1483,497,1387,455,3.7
Elektronik Type 1 MK3 #1484,335,1068,320,4.5
Elektronik Type 1 Gen2 #1485,412,472,269,4.3
Elektronik Type 1 Gen3 #1486,427,597,297,4.7
Elektronik Type 1 Sort #1487,387,491,337,5.9
Elektronik Type 1 Hvid #1488,62,1345,491,5.7
Elektronik Type 1 Blå #1489,97,1245,442,6.0
Elektronik Type 1 Rød #1490,486,1049,210,6.7
Elektronik Type 1 Grøn #1491,171,1191,433,5.0
Elektronik Type 1 Grå #1492,448,1492,450,4.8
Elektronik Type 2 Pro #1493,159,1223,404,6.1
Elektronik Type 2 Plus #1494,156,406,221,6.8
Elektronik Type 2 Premium #1495,152,350,144,4.4
Elektronik Type 2 Standard #1496,323,542,341,4.1
Elektronik Type 2 Basic #1497,112,294,162,7.2
Elektronik Type 2 Deluxe #1498,392,955,369,5.2
Elektronik Type 2 Ultra #1499,446,512,247,5.0
Elektronik Type 2 Max #1500,211,1387,263,4.0
Elektronik Type 2 Compact #1501,407,1206,241,6.1
Elektronik Type 2 Mini #1502,124,701,224,6.9
Elektronik Type 2 XL #1503,344,415,228,6.2
Elektronik Type 2 S #1504,121,1009,385,7.5
Elektronik Type 2 M #1505,480,972,419,6.6
Elektronik Type 2 L #1506,89,416,211,3.7
Elektronik Type 2 XL #1507,163,1086,401,7.2
Elektronik Type 2 XXL #1508,375,581,269,5.3
Elektronik Type 2 V1 #1509,161,1109,316,7.2
Elektronik Type 2 V2 #1510,359,615,291,6.1
Elektronik Type 2 V3 #1511,101,703,341,6.1
Elektronik Type 2 MK2 #1512,500,782,339,6.2
Elektronik Type 2 MK3 #1513,251,583,347,5.4
Elektronik Type 2 Gen2 #1514,414,948,359,6.1
Elektronik Type 2 Gen3 #1515,403,1187,441,7.5
Elektronik Type 2 Sort #1516,294,817,366,7.4
Elektronik Type 2 Hvid #1517,334,810,274,3.6
Elektronik Type 2 Blå #1518,173,1139,396,5.4
Elektronik Type 2 Rød #1519,261,1034,263,5.6
Elektronik Type 2 Grøn #1520,133,830,188,3.7
Elektronik Type 2 Grå #1521,494,1379,346,3.8
Elektronik Serie 100 Pro #1522,170,1411,346,6.6
Elektronik Serie 100 Plus #1523,277,946,397,4.9
Elektronik Serie 100 Premium #1524,339,418,284,3.7
Elektronik Serie 100 Standard #1525,330,1262,466,7.5
Elektronik Serie 100 Basic #1526,190,1113,288,6.2
Elektronik Serie 100 Deluxe #1527,237,1270,456,3.6
Elektronik Serie 100 Ultra #1528,290,1374,385,3.5
Elektronik Serie 100 Max #1529,456,348,257,6.6
Elektronik Serie 100 Compact #1530,463,1084,459,4.3
Elektronik Serie 100 Mini #1531,264,1357,277,5.4
Elektronik Serie 100 XL #1532,417,605,340,4.8
Elektronik Serie 100 S #1533,310,1363,337,5.3
Elektronik Serie 100 M #1534,84,439,120,6.4
Elektronik Serie 100 L #1535,474,1493,288,6.8
Elektronik Serie 100 XL #1536,138,920,388,7.2
Elektronik Serie 100 XXL #1537,435,583,284,6.5
Elektronik Serie 100 V1 #1538,369,1191,330,4.1
Elektronik Serie 100 V2 #1539,111,1415,297,7.5
Elektronik Serie 100 V3 #1540,240,1206,464,7.2
Elektronik Serie 100 MK2 #1541,311,1063,390,6.9
Elektronik Serie 100 MK3 #1542,300,462,130,6.0
Elektronik Serie 100 Gen2 #1543,198,1041,285,5.6
Elektronik Serie 100 Gen3 #1544,381,278,218,6.7
Elektronik Serie 100 Sort #1545,373,1107,463,3.7
Elektronik Serie 100 Hvid #1546,235,947,345,6.3
Elektronik Serie 100 Blå #1547,79,977,384,6.3
Elektronik Serie 100 Rød #1548,86,555,164,5.4
Elektronik Serie 100 Grøn #1549,183,477,259,5.7
Elektronik Serie 100 Grå #1550,295,858,392,4.7
Elektronik Serie 200 Pro #1551,451,531,240,6.9
Elektronik Serie 200 Plus #1552,79,1316,317,7.3
Elektronik Serie 200 Premium #1553,493,573,262,4.1
Elektronik Serie 200 Standard #1554,100,683,373,4.0
Elektronik Serie 200 Basic #1555,73,866,183,7.4
Elektronik Serie 200 Deluxe #1556,175,982,243,6.5
Elektronik Serie 200 Ultra #1557,488,1161,460,5.9
Elektronik Serie 200 Max #1558,425,1387,503,6.2
Elektronik Serie 200 Compact #1559,398,1130,348,7.3
Elektronik Serie 200 Mini #1560,283,312,276,5.2
Elektronik Serie 200 XL #1561,179,839,268,6.9
Elektronik Serie 200 S #1562,81,738,185,4.9
Elektronik Serie 200 M #1563,149,1288,421,4.1
Elektronik Serie 200 L #1564,414,666,298,7.1
Elektronik Serie 200 XL #1565,405,1349,312,6.1
Elektronik Serie 200 XXL #1566,205,555,292,4.3
Elektronik Serie 200 V1 #1567,159,1254,481,5.3
Elektronik Serie 200 V2 #1568,341,1457,384,5.1
Elektronik Serie 200 V3 #1569,393,694,310,5.9
Elektronik Serie 200 MK2 #1570,190,430,162,5.3
Elektronik Serie 200 MK3 #1571,159,1021,302,4.3
Elektronik Serie 200 Gen2 #1572,272,1061,303,6.6
Elektronik Serie 200 Gen3 #1573,461,687,163,4.9
Elektronik Serie 200 Sort #1574,208,1216,358,4.8
Elektronik Serie 200 Hvid #1575,231,1418,356,4.7
Elektronik Serie 200 Blå #1576,439,836,294,5.8
Elektronik Serie 200 Rød #1577,375,920,404,5.5
Elektronik Serie 200 Grøn #1578,276,689,282,6.8
Elektronik Serie 200 Grå #1579,109,1119,283,5.4
Elektronik Edition Pro #1580,475,445,287,7.3
Elektronik Edition Plus #1581,409,1058,386,5.7
Elektronik Edition Premium #1582,157,445,228,6.6
Elektronik Edition Standard #1583,359,418,176,5.8
Elektronik Edition Basic #1584,116,1162,415,4.5
Elektronik Edition Deluxe #1585,210,593,292,7.2
Elektronik Edition Ultra #1586,215,1184,463,7.0
Elektronik Edition Max #1587,342,1487,399,5.8
Elektronik Edition Compact #1588,365,1082,236,4.0
Elektronik Edition Mini #1589,149,1319,331,7.0
Elektronik Edition XL #1590,95,1278,379,6.7
Elektronik Edition S #1591,494,1174,455,7.0
Elektronik Edition M #1592,104,1351,269,4.3
Elektronik Edition L #1593,430,828,303,6.3
Elektronik Edition XL #1594,70,760,251,6.7
Elektronik Edition XXL #1595,429,673,204,6.0
Elektronik Edition V1 #1596,280,338,217,3.7
Elektronik Edition V2 #1597,319,1373,276,6.7
Elektronik Edition V3 #1598,470,643,213,7.1
Elektronik Edition MK2 #1599,192,457,198,5.7
Elektronik Edition MK3 #1600,77,887,335,4.3
Elektronik Edition Gen2 #1601,489,1436,356,5.2
Elektronik Edition Gen3 #1602,261,897,203,5.5
Elektronik Edition Sort #1603,248,1275,369,6.6
Elektronik Edition Hvid #1604,246,387,345,4.6
Elektronik Edition Blå #1605,414,295,332,5.4
Elektronik Edition Rød #1606,172,305,258,5.1
Elektronik Edition Grøn #1607,441,1190,346,5.8
Elektronik Edition Grå #1608,235,411,196,5.3
Elektronik Classic Pro #1609,425,666,194,3.9
Elektronik Classic Plus #1610,130,1297,450,5.1
Elektronik Classic Premium #1611,372,1278,479,6.4
Elektronik Classic Standard #1612,443,485,372,5.9
Elektronik Classic Basic #1613,441,418,118,6.4
Elektronik Classic Deluxe #1614,430,686,240,6.8
Elektronik Classic Ultra #1615,128,299,289,6.6
Elektronik Classic Max #1616,462,1281,381,3.9
Elektronik Classic Compact #1617,266,269,316,4.4
Elektronik Classic Mini #1618,140,369,146,7.5
Elektronik Classic XL #1619,298,1171,294,3.7
Elektronik Classic S #1620,190,989,340,4.1
Elektronik Classic M #1621,86,723,167,7.4
Elektronik Classic L #1622,334,1003,207,5.8
Elektronik Classic XL #1623,121,1285,340,6.3
Elektronik Classic XXL #1624,192,669,198,4.6
Elektronik Classic V1 #1625,429,620,152,7.3
Elektronik Classic V2 #1626,431,1047,423,6.1
Elektronik Classic V3 #1627,258,721,196,3.9
Elektronik Classic MK2 #1628,162,1440,277,4.7
Elektronik Classic MK3 #1629,377,857,205,7.1
Elektronik Classic Gen2 #1630,64,803,349,4.8
Elektronik Classic Gen3 #1631,405,646,333,5.9
Elektronik Classic Sort #1632,296,607,195,7.4
Elektronik Classic Hvid #1633,435,472,125,4.3
Elektronik Classic Blå #1634,295,1107,217,5.1
Elektronik Classic Rød #1635,241,954,331,4.2
Elektronik Classic Grøn #1636,322,1216,331,4.0
Elektronik Classic Grå #1637,395,1318,367,5.8
Elektronik Modern Pro #1638,489,847,218,7.0
Elektronik Modern Plus #1639,239,1461,414,3.8
Elektronik Modern Premium #1640,210,1199,377,5.5
Elektronik Modern Standard #1641,343,676,174,5.2
Elektronik Modern Basic #1642,426,997,305,6.2
Elektronik Modern Deluxe #1643,111,1056,439,6.8
Elektronik Modern Ultra #1644,358,487,238,3.7
Elektronik Modern Max #1645,440,382,109,6.7
Elektronik Modern Compact #1646,263,260,209,4.8
Elektronik Modern Mini #1647,294,1258,397,3.6
Elektronik Modern XL #1648,94,1032,454,7.2
Elektronik Modern S #1649,496,484,317,6.7
Elektronik Modern M #1650,401,1153,353,6.5
Elektronik Modern L #1651,486,1038,451,4.1
Elektronik Modern XL #1652,100,908,423,4.6
Elektronik Modern XXL #1653,233,454,303,5.2
Elektronik Modern V1 #1654,146,878,221,3.6
Elektronik Modern V2 #1655,456,663,193,4.8
Elektronik Modern V3 #1656,257,671,176,5.6
Elektronik Modern MK2 #1657,432,1365,421,4.0
Elektronik Modern MK3 #1658,402,1108,324,4.1
Elektronik Modern Gen2 #1659,241,783,180,5.7
Elektronik Modern Gen3 #1660,397,854,384,6.4
Elektronik Modern Sort #1661,338,327,343,5.8
Elektronik Modern Hvid #1662,492,1093,345,7.1
Elektronik Modern Blå #1663,102,418,348,5.9
Elektronik Modern Rød #1664,187,1298,268,5.9
Elektronik Modern Grøn #1665,478,297,136,6.8
Elektronik Modern Grå #1666,465,1175,356,4.6
Elektronik Industri Pro #1667,498,723,352,5.3
Elektronik Industri Plus #1668,344,1264,450,7.3
Elektronik Industri Premium #1669,95,1179,466,6.5
Elektronik Industri Standard #1670,463,305,172,3.8
Elektronik Industri Basic #1671,91,351,144,6.6
Elektronik Industri Deluxe #1672,377,861,260,5.5
Elektronik Industri Ultra #1673,126,457,155,7.0
Elektronik Industri Max #1674,384,1291,267,5.2
Elektronik Industri Compact #1675,360,717,304,5.7
Elektronik Industri Mini #1676,496,591,278,6.3
Elektronik Industri XL #1677,352,775,216,5.2
Elektronik Industri S #1678,450,515,133,3.5
Elektronik Industri M #1679,78,597,285,5.2
Elektronik Industri L #1680,227,1223,279,3.8
Elektronik Industri XL #1681,449,1038,447,6.1
Elektronik Industri XXL #1682,269,260,129,6.5
Elektronik Industri V1 #1683,266,927,305,4.8
Elektronik Industri V2 #1684,205,634,363,4.1
Elektronik Industri V3 #1685,270,1082,455,4.4
Elektronik Industri MK2 #1686,427,907,251,6.1
Elektronik Industri MK3 #1687,179,1309,482,6.5
Elektronik Industri Gen2 #1688,379,1233,284,5.2
Elektronik Industri Gen3 #1689,261,1186,358,3.6
Elektronik Industri Sort #1690,386,1404,305,6.7
Elektronik Industri Hvid #1691,132,1034,432,7.1
Elektronik Industri Blå #1692,426,522,137,5.4
Elektronik Industri Rød #1693,237,456,187,4.3
Elektronik Industri Grøn #1694,177,1349,500,5.9
Elektronik Industri Grå #1695,418,1443,277,4.7
Elektronik Professionel Pro #1696,369,404,116,6.3
Elektronik Professionel Plus #1697,203,723,330,4.7
Elektronik Professionel Premium #1698,146,347,250,6.9
Elektronik Professionel Standard #1699,182,731,310,4.6
Elektronik Professionel Basic #1700,478,1156,335,5.6
Elektronik Professionel Deluxe #1701,157,1265,256,6.1
Elektronik Professionel Ultra #1702,404,898,277,7.1
Elektronik Professionel Max #1703,372,626,256,3.8
Elektronik Professionel Compact #1704,144,986,420,4.1
Elektronik Professionel Mini #1705,81,1082,381,5.4
Elektronik Professionel XL #1706,108,1162,260,6.5
Elektronik Professionel S #1707,179,629,251,5.9
Elektronik Professionel M #1708,162,552,354,5.4
Elektronik Professionel L #1709,485,685,296,7.2
Elektronik Professionel XL #1710,414,1446,371,4.7
Elektronik Professionel XXL #1711,177,1045,371,4.4
Elektronik Professionel V1 #1712,127,1046,424,3.9
Elektronik Professionel V2 #1713,136,1002,392,5.9
Elektronik Professionel V3 #1714,191,1092,296,4.5
Elektronik Professionel MK2 #1715,162,1486,430,7.3
Elektronik Professionel MK3 #1716,65,943,325,6.1
Elektronik Professionel Gen2 #1717,395,1070,408,5.7
Elektronik Professionel Gen3 #1718,374,636,343,4.1
Elektronik Professionel Sort #1719,132,1138,400,5.6
Elektronik Professionel Hvid #1720,119,947,342,6.9
Elektronik Professionel Blå #1721,66,1157,394,6.2
Elektronik Professionel Rød #1722,120,930,396,6.1
Elektronik Professionel Grøn #1723,92,301,223,4.7
Elektronik Professionel Grå #1724,72,836,330,3.8
Elektronik Commercial Pro #1725,403,1158,391,3.7
Elektronik Commercial Plus #1726,82,338,275,4.3
Elektronik Commercial Premium #1727,231,595,256,6.5
Elektronik Commercial Standard #1728,90,1155,415,5.1
Elektronik Commercial Basic #1729,433,341,270,5.8
Elektronik Commercial Deluxe #1730,351,287,317,5.7
Elektronik Commercial Ultra #1731,191,1397,408,6.7
Elektronik Commercial Max #1732,97,531,304,6.7
Elektronik Commercial Compact #1733,205,1093,226,3.8
Elektronik Commercial Mini #1734,465,259,177,7.5
Elektronik Commercial XL #1735,125,320,235,5.8
Elektronik Commercial S #1736,296,389,178,5.8
Elektronik Commercial M #1737,182,645,293,5.5
Elektronik Commercial L #1738,200,571,289,4.3
Elektronik Commercial XL #1739,333,439,329,6.0
Elektronik Commercial XXL #1740,217,1171,307,4.1
Elektronik Commercial V1 #1741,439,950,354,5.6
Elektronik Commercial V2 #1742,428,764,395,4.6
Elektronik Commercial V3 #1743,334,1170,326,7.4
Elektronik Commercial MK2 #1744,367,301,252,5.9
Elektronik Commercial MK3 #1745,72,339,173,4.5
Elektronik Commercial Gen2 #1746,492,795,373,7.3
Elektronik Commercial Gen3 #1747,236,953,271,5.3
Elektronik Commercial Sort #1748,418,979,234,3.7
Elektronik Commercial Hvid #1749,397,1309,357,5.8
Elektronik Commercial Blå #1750,356,661,351,7.4
Elektronik Commercial Rød #1751,383,1008,289,5.7
Elektronik Commercial Grøn #1752,400,1032,209,5.2
Elektronik Commercial Grå #1753,192,1484,473,6.5
Elektronik Model A Pro #1754,499,442,310,7.3
Elektronik Model A Plus #1755,336,343,145,3.9
Elektronik Model A Premium #1756,377,1342,498,6.4
Elektronik Model A Standard #1757,275,1203,265,4.8
Elektronik Model A Basic #1758,118,1042,260,5.6
Elektronik Model A Deluxe #1759,85,681,339,4.7
Elektronik Model A Ultra #1760,80,584,312,6.6
Elektronik Model A Max #1761,207,1024,327,6.3
Elektronik Model A Compact #1762,456,840,421,6.9
Elektronik Model A Mini #1763,245,484,349,4.9
Elektronik Model A XL #1764,244,786,168,4.0
Elektronik Model A S #1765,355,1124,326,6.7
Elektronik Model A M #1766,418,1313,412,4.8
Elektronik Model A L #1767,234,737,408,4.3
Elektronik Model A XL #1768,325,1172,288,7.0
Elektronik Model A XXL #1769,270,942,430,7.0
Elektronik Model A V1 #1770,352,793,261,7.2
Elektronik Model A V2 #1771,186,790,312,7.0
Elektronik Model A V3 #1772,94,962,379,5.0
Elektronik Model A MK2 #1773,455,1245,316,3.8
Elektronik Model A MK3 #1774,364,1303,436,7.4
Elektronik Model A Gen2 #1775,364,371,156,7.2
Elektronik Model A Gen3 #1776,274,1071,430,5.8
Elektronik Model A Sort #1777,109,583,166,7.3
Elektronik Model A Hvid #1778,344,1156,400,4.2
Elektronik Model A Blå #1779,193,750,274,4.7
Elektronik Model A Rød #1780,306,827,247,4.7
Elektronik Model A Grøn #1781,90,1478,277,4.2
Elektronik Model A Grå #1782,241,1296,318,3.8
Elektronik Model B Pro #1783,290,577,262,6.3
Elektronik Model B Plus #1784,152,423,272,4.1
Elektronik Model B Premium #1785,214,1478,415,5.9
Elektronik Model B Standard #1786,151,587,286,4.4
Elektronik Model B Basic #1787,227,1252,420,6.6
Elektronik Model B Deluxe #1788,178,1133,442,6.4
Elektronik Model B Ultra #1789,82,324,130,4.1
Elektronik Model B Max #1790,209,527,244,6.9
Elektronik Model B Compact #1791,446,723,220,4.0
Elektronik Model B Mini #1792,258,416,301,5.1
Elektronik Model B XL #1793,140,828,303,4.9
Elektronik Model B S #1794,375,1373,382,7.1
Elektronik Model B M #1795,324,667,387,6.0
Elektronik Model B L #1796,206,843,282,4.1
Elektronik Model B XL #1797,77,632,386,3.9
Elektronik Model B XXL #1798,255,853,238,6.4
Elektronik Model B V1 #1799,249,1069,407,6.9
Elektronik Model B V2 #1800,227,1365,270,5.1
Elektronik Model B V3 #1801,471,1245,270,4.1
Elektronik Model B MK2 #1802,246,706,288,4.0
Elektronik Model B MK3 #1803,272,1325,419,6.9
Elektronik Model B Gen2 #1804,460,1192,373,3.6
Elektronik Model B Gen3 #1805,303,1018,226,5.2
Elektronik Model B Sort #1806,68,355,138,3.6
Elektronik Model B Hvid #1807,289,1403,443,6.8
Elektronik Model B Blå #1808,399,1293,294,7.1
Elektronik Model B Rød #1809,235,561,196,3.6
Elektronik Model B Grøn #1810,319,492,153,7.2
Elektronik Model B Grå #1811,64,1299,429,6.9
Elektronik Model C Pro #1812,87,337,289,6.3
Elektronik Model C Plus #1813,230,488,264,5.9
Elektronik Model C Premium #1814,200,858,390,5.8
Elektronik Model C Standard #1815,421,673,208,7.3
Elektronik Model C Basic #1816,425,795,256,4.6
Elektronik Model C Deluxe #1817,294,1423,493,5.3
Elektronik Model C Ultra #1818,233,740,321,5.5
Elektronik Model C Max #1819,212,813,375,7.3
Elektronik Model C Compact #1820,238,752,256,5.5
Elektronik Model C Mini #1821,402,330,130,6.3
Elektronik Model C XL #1822,368,871,301,7.4
Elektronik Model C S #1823,250,1360,266,6.8
Elektronik Model C M #1824,398,902,186,6.2
Elektronik Model C L #1825,72,1212,450,5.3
Elektronik Model C XL #1826,304,288,304,3.7
Elektronik Model C XXL #1827,98,1157,333,6.8
Elektronik Model C V1 #1828,262,311,131,4.6
Elektronik Model C V2 #1829,155,1290,364,5.4
Elektronik Model C V3 #1830,353,927,307,6.5
Elektronik Model C MK2 #1831,495,855,393,4.6
Elektronik Model C MK3 #1832,467,1112,373,6.6
Elektronik Model C Gen2 #1833,275,831,287,5.3
Elektronik Model C Gen3 #1834,60,993,332,3.9
Elektronik Model C Sort #1835,450,298,103,3.6
Elektronik Model C Hvid #1836,212,603,215,4.9
Elektronik Model C Blå #1837,301,490,346,6.2
Elektronik Model C Rød #1838,320,323,247,6.0
Elektronik Model C Grøn #1839,286,914,348,3.9
Elektronik Model C Grå #1840,299,955,255,5.9
Elektronik Type 1 Pro #1841,457,1361,394,7.1
Elektronik Type 1 Plus #1842,346,976,261,6.0
Elektronik Type 1 Premium #1843,147,928,315,5.0
Elektronik Type 1 Standard #1844,246,842,296,7.4
Elektronik Type 1 Basic #1845,331,1288,371,3.7
Elektronik Type 1 Deluxe #1846,422,992,304,5.4
Elektronik Type 1 Ultra #1847,419,668,222,4.6
Elektronik Type 1 Max #1848,72,349,238,5.2
Elektronik Type 1 Compact #1849,371,825,399,6.7
Elektronik Type 1 Mini #1850,163,1194,361,7.1
Elektronik Type 1 XL #1851,98,654,270,7.0
Elektronik Type 1 S #1852,354,1374,489,5.1
Elektronik Type 1 M #1853,458,476,367,6.7
Elektronik Type 1 L #1854,214,1486,423,5.9
Elektronik Type 1 XL #1855,296,431,316,4.2
Elektronik Type 1 XXL #1856,105,1205,256,4.7
Elektronik Type 1 V1 #1857,455,1261,300,5.3
Elektronik Type 1 V2 #1858,299,469,308,5.4
Elektronik Type 1 V3 #1859,122,1068,414,5.0
Elektronik Type 1 MK2 #1860,378,447,190,5.1
Elektronik Type 1 MK3 #1861,145,450,178,3.5
Elektronik Type 1 Gen2 #1862,248,1173,307,5.2
Elektronik Type 1 Gen3 #1863,334,1352,413,4.1
Elektronik Type 1 Sort #1864,167,600,217,7.1
Elektronik Type 1 Hvid #1865,126,1168,423,6.2
Elektronik Type 1 Blå #1866,463,539,213,3.8
Elektronik Type 1 Rød #1867,335,950,200,5.3
Elektronik Type 1 Grøn #1868,60,923,244,6.9
Elektronik Type 1 Grå #1869,163,1200,460,6.0
Elektronik Type 2 Pro #1870,149,646,177,3.5
Elektronik Type 2 Plus #1871,165,664,259,3.8
Elektronik Type 2 Premium #1872,141,836,263,3.9
Elektronik Type 2 Standard #1873,203,1125,278,6.7
Elektronik Type 2 Basic #1874,445,561,260,4.3
Elektronik Type 2 Deluxe #1875,206,1473,464,3.6
Elektronik Type 2 Ultra #1876,375,790,342,5.7
Elektronik Type 2 Max #1877,283,1295,265,4.1
Elektronik Type 2 Compact #1878,337,381,269,5.6
Elektronik Type 2 Mini #1879,76,1234,299,7.5
Elektronik Type 2 XL #1880,493,908,366,6.0
Elektronik Type 2 S #1881,116,1472,348,5.1
Elektronik Type 2 M #1882,285,600,147,3.8
Elektronik Type 2 L #1883,204,713,300,7.0
Elektronik Type 2 XL #1884,444,586,281,4.8
Elektronik Type 2 XXL #1885,387,1225,298,5.5
Elektronik Type 2 V1 #1886,484,883,373,5.2
Elektronik Type 2 V2 #1887,458,1127,455,5.4
Elektronik Type 2 V3 #1888,205,1000,227,6.9
Elektronik Type 2 MK2 #1889,117,299,160,4.8
Elektronik Type 2 MK3 #1890,460,259,250,5.1
Elektronik Type 2 Gen2 #1891,170,1144,317,7.3
Elektronik Type 2 Gen3 #1892,497,631,206,6.5
Elektronik Type 2 Sort #1893,354,518,185,6.2
Elektronik Type 2 Hvid #1894,131,528,227,5.8
Elektronik Type 2 Blå #1895,180,1346,383,5.2
Elektronik Type 2 Rød #1896,480,731,199,5.8
Elektronik Type 2 Grøn #1897,304,725,263,6.8
Elektronik Type 2 Grå #1898,184,1001,327,3.6
Elektronik Serie 100 Pro #1899,212,1474,328,5.6
Elektronik Serie 100 Plus #1900,286,1239,350,4.5
Elektronik Serie 100 Premium #1901,395,1458,479,4.1
Elektronik Serie 100 Standard #1902,83,1497,331,6.8
Elektronik Serie 100 Basic #1903,185,572,263,5.5
Elektronik Serie 100 Deluxe #1904,448,911,214,3.6
Elektronik Serie 100 Ultra #1905,221,1318,396,3.5
Elektronik Serie 100 Max #1906,220,407,180,6.1
Elektronik Serie 100 Compact #1907,373,1217,308,5.3
Elektronik Serie 100 Mini #1908,145,870,386,5.9
Elektronik Serie 100 XL #1909,152,620,213,5.5
Elektronik Serie 100 S #1910,429,503,175,6.5
Elektronik Serie 100 M #1911,62,1157,389,3.7
Elektronik Serie 100 L #1912,155,1381,361,4.4
Elektronik Serie 100 XL #1913,257,1366,424,5.7
Elektronik Serie 100 XXL #1914,226,851,221,7.4
Elektronik Serie 100 V1 #1915,103,844,226,3.9
Elektronik Serie 100 V2 #1916,86,1262,296,6.4
Elektronik Serie 100 V3 #1917,337,614,312,6.6
Elektronik Serie 100 MK2 #1918,247,1143,385,6.3
Elektronik Serie 100 MK3 #1919,103,293,133,5.5
Elektronik Serie 100 Gen2 #1920,214,812,350,3.7
Elektronik Serie 100 Gen3 #1921,84,873,325,4.3
Elektronik Serie 100 Sort #1922,132,653,149,5.8
Elektronik Serie 100 Hvid #1923,273,1435,365,7.0
Elektronik Serie 100 Blå #1924,152,419,189,6.8
Elektronik Serie 100 Rød #1925,218,1012,445,5.0
Elektronik Serie 100 Grøn #1926,493,957,273,5.4
Elektronik Serie 100 Grå #1927,448,1496,312,6.0
Elektronik Serie 200 Pro #1928,291,1447,435,6.9
Elektronik Serie 200 Plus #1929,329,486,370,5.9
Elektronik Serie 200 Premium #1930,435,955,349,5.8
Elektronik Serie 200 Standard #1931,319,782,226,3.8
Elektronik Serie 200 Basic #1932,203,978,313,4.9
Elektronik Serie 200 Deluxe #1933,123,315,128,4.5
Elektronik Serie 200 Ultra #1934,382,991,261,6.3
Elektronik Serie 200 Max #1935,125,716,396,3.5
Elektronik Serie 200 Compact #1936,118,550,276,7.2
Elektronik Serie 200 Mini #1937,418,903,276,7.2
Elektronik Serie 200 XL #1938,182,776,335,4.5
Elektronik Serie 200 S #1939,185,1151,293,5.6
Elektronik Serie 200 M #1940,333,1444,271,7.1
Elektronik Serie 200 L #1941,189,1208,348,4.7
Elektronik Serie 200 XL #1942,310,1000,368,6.1
Elektronik Serie 200 XXL #1943,129,483,133,5.7
Elektronik Serie 200 V1 #1944,146,495,237,5.0
Elektronik Serie 200 V2 #1945,399,1222,373,3.6
Elektronik Serie 200 V3 #1946,167,1020,357,7.3
Elektronik Serie 200 MK2 #1947,272,491,143,5.0
Elektronik Serie 200 MK3 #1948,223,573,365,6.5
Elektronik Serie 200 Gen2 #1949,305,1216,318,4.0
Elektronik Serie 200 Gen3 #1950,293,379,328,7.3
Elektronik Serie 200 Sort #1951,482,477,338,3.8
Elektronik Serie 200 Hvid #1952,499,1274,353,7.4
Elektronik Serie 200 Blå #1953,225,828,285,6.0
Elektronik Serie 200 Rød #1954,275,1312,451,4.3
Elektronik Serie 200 Grøn #1955,251,1373,342,4.0
Elektronik Serie 200 Grå #1956,107,487,155,6.9
Elektronik Edition Pro #1957,83,1103,350,6.1
Elektronik Edition Plus #1958,297,610,230,7.1
Elektronik Edition Premium #1959,99,1470,438,4.8
Elektronik Edition Standard #1960,116,337,295,6.9
Elektronik Edition Basic #1961,447,1303,492,7.4
Elektronik Edition Deluxe #1962,341,1001,265,7.1
Elektronik Edition Ultra #1963,456,1042,298,5.5
Elektronik Edition Max #1964,431,906,413,5.3
Elektronik Edition Compact #1965,217,477,193,6.2
Elektronik Edition Mini #1966,199,1374,268,4.3
Elektronik Edition XL #1967,121,518,295,6.7
Elektronik Edition S #1968,477,336,166,5.2
Elektronik Edition M #1969,197,657,267,3.6
Elektronik Edition L #1970,379,1485,463,7.4
Elektronik Edition XL #1971,408,881,268,5.0
Elektronik Edition XXL #1972,343,792,216,7.1
Elektronik Edition V1 #1973,232,759,168,5.9
Elektronik Edition V2 #1974,78,1353,340,7.5
Elektronik Edition V3 #1975,354,1133,457,5.8
Elektronik Edition MK2 #1976,270,870,360,6.9
Elektronik Edition MK3 #1977,457,1108,329,6.4
Elektronik Edition Gen2 #1978,93,396,109,3.6
Elektronik Edition Gen3 #1979,163,409,206,4.0
Elektronik Edition Sort #1980,175,647,255,6.0
Elektronik Edition Hvid #1981,290,1485,492,7.0
Elektronik Edition Blå #1982,343,285,287,4.7
Elektronik Edition Rød #1983,79,1280,359,6.5
Elektronik Edition Grøn #1984,410,839,295,5.0
Elektronik Edition Grå #1985,124,1159,329,6.4
Elektronik Classic Pro #1986,292,602,228,4.1
Elektronik Classic Plus #1987,482,1372,383,3.9
Elektronik Classic Premium #1988,73,1270,242,5.0
Elektronik Classic Standard #1989,92,1321,298,6.5
Elektronik Classic Basic #1990,69,1438,397,6.2
Elektronik Classic Deluxe #1991,137,1171,441,7.1
Elektronik Classic Ultra #1992,322,366,142,4.5
Elektronik Classic Max #1993,307,694,230,6.5
Elektronik Classic Compact #1994,224,1179,357,5.1
Elektronik Classic Mini #1995,299,676,210,5.4
Elektronik Classic XL #1996,276,1382,495,5.7
Elektronik Classic S #1997,430,1246,487,7.1
Elektronik Classic M #1998,449,670,286,6.1
Elektronik Classic L #1999,443,1286,316,7.2
Elektronik Classic XL #2000,258,468,175,6.1
Elektronik Classic XXL #2001,197,920,396,6.4
Elektronik Classic V1 #2002,373,359,221,6.3
Elektronik Classic V2 #2003,85,803,290,6.9
Elektronik Classic V3 #2004,323,1259,460,7.3
Elektronik Classic MK2 #2005,388,902,343,6.2
Elektronik Classic MK3 #2006,393,385,241,4.2
Elektronik Classic Gen2 #2007,87,320,221,4.4
Elektronik Classic Gen3 #2008,463,856,206,4.6
Elektronik Classic Sort #2009,416,555,379,4.1
Elektronik Classic Hvid #2010,171,1417,462,3.7
Elektronik Classic Blå #2011,403,1461,291,4.3
Elektronik Classic Rød #2012,79,936,434,5.4
Elektronik Classic Grøn #2013,124,775,243,4.7
Elektronik Classic Grå #2014,68,1089,355,6.0
Elektronik Modern Pro #2015,427,980,249,3.8
Elektronik Modern Plus #2016,494,1221,463,4.7
Elektronik Modern Premium #2017,256,1391,291,5.1
Elektronik Modern Standard #2018,237,1240,276,4.5
Elektronik Modern Basic #2019,269,759,339,4.5
Elektronik Modern Deluxe #2020,301,1109,434,4.7
Elektronik Modern Ultra #2021,280,1352,332,3.7
Elektronik Modern Max #2022,419,1057,411,4.2
Elektronik Modern Compact #2023,176,1434,316,5.9
Elektronik Modern Mini #2024,340,1376,415,7.0
Elektronik Modern XL #2025,440,1336,336,6.5
Elektronik Modern S #2026,492,324,308,4.8
Elektronik Modern M #2027,94,497,253,5.6
Elektronik Modern L #2028,137,451,153,4.2
Elektronik Modern XL #2029,340,1437,332,4.0
Elektronik Modern XXL #2030,162,525,369,5.2
Elektronik Modern V1 #2031,216,774,170,4.6
Elektronik Modern V2 #2032,493,966,268,6.9
Elektronik Modern V3 #2033,371,809,415,5.3
Elektronik Modern MK2 #2034,365,1485,407,3.5
Elektronik Modern MK3 #2035,416,409,333,6.8
Elektronik Modern Gen2 #2036,366,1241,409,4.0
Elektronik Modern Gen3 #2037,492,910,266,4.9
Elektronik Modern Sort #2038,364,269,298,7.1
Elektronik Modern Hvid #2039,171,1334,407,4.0
Elektronik Modern Blå #2040,229,1311,467,5.2
Elektronik Modern Rød #2041,141,1380,365,6.9
Elektronik Modern Grøn #2042,141,823,381,6.0
Elektronik Modern Grå #2043,496,658,219,4.6
Elektronik Industri Pro #2044,454,1177,290,5.2
Elektronik Industri Plus #2045,347,604,197,7.3
Elektronik Industri Premium #2046,177,591,309,4.3
Elektronik Industri Standard #2047,414,1231,352,5.0
Elektronik Industri Basic #2048,466,802,190,6.7
Elektronik Industri Deluxe #2049,233,262,101,5.2
Elektronik Industri Ultra #2050,159,643,390,5.8
Elektronik Industri Max #2051,251,1141,260,4.8
Elektronik Industri Compact #2052,489,979,446,4.3
Elektronik Industri Mini #2053,79,728,342,7.3
Elektronik Industri XL #2054,169,1369,294,4.1
Elektronik Industri S #2055,147,1352,376,5.1
Elektronik Industri M #2056,251,925,195,6.6
Elektronik Industri L #2057,330,439,119,4.9
Elektronik Industri XL #2058,245,374,290,4.7
Elektronik Industri XXL #2059,485,884,294,4.8
Elektronik Industri V1 #2060,270,1022,428,3.6
Elektronik Industri V2 #2061,334,1133,255,6.4
Elektronik Industri V3 #2062,448,691,213,6.1
Elektronik Industri MK2 #2063,162,841,387,5.8
Elektronik Industri MK3 #2064,483,1167,269,5.2
Elektronik Industri Gen2 #2065,411,1278,332,4.8
Elektronik Industri Gen3 #2066,133,1036,283,6.9
Elektronik Industri Sort #2067,342,1205,401,6.4
Elektronik Industri Hvid #2068,69,1165,271,7.2
Elektronik Industri Blå #2069,259,730,228,6.2
Elektronik Industri Rød #2070,339,1423,317,4.7
Elektronik Industri Grøn #2071,77,1109,227,5.3
Elektronik Industri Grå #2072,466,708,333,6.3
Elektronik Professionel Pro #2073,193,900,238,6.7
Elektronik Professionel Plus #2074,223,318,254,6.2
Elektronik Professionel Premium #2075,77,1137,308,4.7
Elektronik Professionel Standard #2076,311,789,203,6.8
Elektronik Professionel Basic #2077,103,506,306,5.8
Elektronik Professionel Deluxe #2078,441,608,251,4.1
Elektronik Professionel Ultra #2079,369,1439,278,7.4
Elektronik Professionel Max #2080,194,1132,256,6.5
Elektronik Professionel Compact #2081,475,728,358,4.5
Elektronik Professionel Mini #2082,105,466,210,7.0
Elektronik Professionel XL #2083,108,1344,430,6.4
Elektronik Professionel S #2084,140,1234,374,5.7
Elektronik Professionel M #2085,118,1256,464,6.5
Elektronik Professionel L #2086,80,1264,384,3.9
Elektronik Professionel XL #2087,268,1365,294,5.9
Elektronik Professionel XXL #2088,457,1449,279,3.7
Elektronik Professionel V1 #2089,347,1136,278,5.8
Elektronik Professionel V2 #2090,476,1163,349,5.3
Elektronik Professionel V3 #2091,387,706,285,3.6
Elektronik Professionel MK2 #2092,315,1364,385,5.8
Elektronik Professionel MK3 #2093,143,623,245,7.2
Elektronik Professionel Gen2 #2094,310,1135,323,6.9
Elektronik Professionel Gen3 #2095,275,1204,313,7.4
Elektronik Professionel Sort #2096,256,829,288,7.5
Elektronik Professionel Hvid #2097,137,346,142,5.8
Elektronik Professionel Blå #2098,236,458,259,3.7
Elektronik Professionel Rød #2099,120,435,179,5.8
Elektronik Professionel Grøn #2100,394,1058,249,7.2
Elektronik Professionel Grå #2101,435,1062,246,4.3
Elektronik Commercial Pro #2102,252,427,148,7.3
Elektronik Commercial Plus #2103,465,947,389,5.5
Elektronik Commercial Premium #2104,192,1442,373,4.7
Elektronik Commercial Standard #2105,479,1222,450,4.3
Elektronik Commercial Basic #2106,118,524,170,4.0
Elektronik Commercial Deluxe #2107,470,965,278,6.9
Elektronik Commercial Ultra #2108,191,942,191,6.6
Elektronik Commercial Max #2109,151,1027,350,4.3
Elektronik Commercial Compact #2110,199,387,213,7.3
Elektronik Commercial Mini #2111,370,1266,439,4.4
Elektronik Commercial XL #2112,405,772,224,5.4
Elektronik Commercial S #2113,345,573,370,5.9
Elektronik Commercial M #2114,79,1079,359,5.1
Elektronik Commercial L #2115,255,808,394,6.2
Elektronik Commercial XL #2116,123,1281,257,7.1
Elektronik Commercial XXL #2117,300,885,198,5.2
Elektronik Commercial V1 #2118,110,434,248,6.6
Elektronik Commercial V2 #2119,93,654,363,5.8
Elektronik Commercial V3 #2120,209,1238,327,4.0
Elektronik Commercial MK2 #2121,439,474,154,7.2
Elektronik Commercial MK3 #2122,111,286,300,5.1
Elektronik Commercial Gen2 #2123,308,1316,401,6.1
Elektronik Commercial Gen3 #2124,171,842,342,5.8
Elektronik Commercial Sort #2125,368,572,203,4.3
Elektronik Commercial Hvid #2126,499,1421,448,3.7
Elektronik Commercial Blå #2127,131,1159,256,5.8
Elektronik Commercial Rød #2128,450,1493,453,7.2
Elektronik Commercial Grøn #2129,323,1073,241,5.6
Elektronik Commercial Grå #2130,236,629,227,4.8
Elektronik Model A Pro #2131,403,1112,459,6.0
Elektronik Model A Plus #2132,323,795,337,6.5
Elektronik Model A Premium #2133,69,347,119,7.5
Elektronik Model A Standard #2134,261,431,176,6.9
Elektronik Model A Basic #2135,281,545,339,7.3
Elektronik Model A Deluxe #2136,374,1249,402,6.4
Elektronik Model A Ultra #2137,226,866,246,4.8
Elektronik Model A Max #2138,401,881,242,3.6
Elektronik Model A Compact #2139,417,781,416,4.1
Elektronik Model A Mini #2140,153,1338,430,5.5
Elektronik Model A XL #2141,494,1288,420,6.7
Elektronik Model A S #2142,277,1252,262,3.9
Elektronik Model A M #2143,279,1211,238,5.6
Elektronik Model A L #2144,384,960,221,4.6
Elektronik Model A XL #2145,417,1226,289,5.5
Elektronik Model A XXL #2146,133,777,235,3.8
Elektronik Model A V1 #2147,156,1007,310,3.6
Elektronik Model A V2 #2148,297,1024,231,6.3
Elektronik Model A V3 #2149,207,565,357,5.6
Elektronik Model A MK2 #2150,72,921,189,4.3
Elektronik Model A MK3 #2151,398,944,341,3.5
Elektronik Model A Gen2 #2152,228,673,311,6.1
Elektronik Model A Gen3 #2153,269,900,381,4.9
Elektronik Model A Sort #2154,147,505,185,6.7
Elektronik Model A Hvid #2155,241,269,211,4.3
Elektronik Model A Blå #2156,140,711,279,5.1
Elektronik Model A Rød #2157,150,504,157,4.4
Elektronik Model A Grøn #2158,335,848,379,4.4
Elektronik Model A Grå #2159,141,499,356,5.5
Elektronik Model B Pro #2160,265,1155,241,4.6
Elektronik Model B Plus #2161,481,1332,350,5.0
Elektronik Model B Premium #2162,497,1185,268,6.1
Elektronik Model B Standard #2163,143,676,360,3.6
Elektronik Model B Basic #2164,381,481,327,6.8
Elektronik Model B Deluxe #2165,440,757,343,4.7
Elektronik Model B Ultra #2166,181,559,266,4.8
Elektronik Model B Max #2167,76,1311,260,5.9
Elektronik Model B Compact #2168,92,283,287,4.8
Elektronik Model B Mini #2169,82,1065,221,3.8
Elektronik Model B XL #2170,244,1473,491,6.0
Elektronik Model B S #2171,319,884,274,6.6
Elektronik Model B M #2172,281,919,348,3.8
Elektronik Model B L #2173,88,1059,348,6.5
Elektronik Model B XL #2174,355,746,322,3.8
Elektronik Model B XXL #2175,126,315,236,6.0
Elektronik Model B V1 #2176,275,1096,266,4.8
Elektronik Model B V2 #2177,146,1112,278,4.6
Elektronik Model B V3 #2178,162,881,419,3.9
Elektronik Model B MK2 #2179,116,856,315,5.7
Elektronik Model B MK3 #2180,260,729,407,4.5
Elektronik Model B Gen2 #2181,78,1125,224,5.9
Elektronik Model B Gen3 #2182,125,646,160,5.0
Elektronik Model B Sort #2183,297,1380,277,5.3
Elektronik Model B Hvid #2184,176,747,187,4.3
Elektronik Model B Blå #2185,238,1264,288,6.8
Elektronik Model B Rød #2186,116,836,213,7.2
Elektronik Model B Grøn #2187,182,1323,453,4.4
Elektronik Model B Grå #2188,79,321,100,6.1
Elektronik Model C Pro #2189,482,952,333,5.8
Elektronik Model C Plus #2190,173,1046,326,5.8
Elektronik Model C Premium #2191,404,661,306,4.4
Elektronik Model C Standard #2192,141,457,147,6.7
Elektronik Model C Basic #2193,170,1304,462,6.8
Elektronik Model C Deluxe #2194,409,347,301,6.3
Elektronik Model C Ultra #2195,205,1159,394,7.4
Elektronik Model C Max #2196,338,1129,267,3.9
Elektronik Model C Compact #2197,402,1447,422,5.1
Elektronik Model C Mini #2198,259,1202,360,4.6
Elektronik Model C XL #2199,451,984,355,6.5
Elektronik Model C S #2200,188,1197,267,6.6
Elektronik Model C M #2201,281,749,178,6.7
Elektronik Model C L #2202,149,1064,256,5.6
Elektronik Model C XL #2203,476,502,296,6.6
Elektronik Model C XXL #2204,73,1073,233,5.0
Elektronik Model C V1 #2205,455,1367,365,5.6
Elektronik Model C V2 #2206,337,568,254,6.0
Elektronik Model C V3 #2207,488,1336,369,7.4
Elektronik Model C MK2 #2208,89,1058,446,3.7
Elektronik Model C MK3 #2209,84,931,384,5.7
Elektronik Model C Gen2 #2210,160,636,341,5.3
Elektronik Model C Gen3 #2211,370,1122,439,6.9
Elektronik Model C Sort #2212,486,1264,483,4.9
Elektronik Model C Hvid #2213,445,1303,376,5.3
Elektronik Model C Blå #2214,331,507,243,3.6
Elektronik Model C Rød #2215,251,668,358,6.1
Elektronik Model C Grøn #2216,364,1224,283,4.8
Elektronik Model C Grå #2217,322,904,296,5.6
Elektronik Type 1 Pro #2218,114,1121,453,6.8
Elektronik Type 1 Plus #2219,372,1498,455,7.0
Elektronik Type 1 Premium #2220,381,500,357,5.4
Elektronik Type 1 Standard #2221,360,338,347,5.5
Elektronik Type 1 Basic #2222,121,1139,358,7.0
Elektronik Type 1 Deluxe #2223,168,269,110,3.7
Elektronik Type 1 Ultra #2224,110,304,277,4.1
Elektronik Type 1 Max #2225,64,1384,396,6.8
Elektronik Type 1 Compact #2226,493,459,280,6.6
Elektronik Type 1 Mini #2227,208,1457,296,4.9
Elektronik Type 1 XL #2228,275,1432,350,6.9
Elektronik Type 1 S #2229,446,670,200,3.7
Elektronik Type 1 M #2230,124,939,213,5.3
Elektronik Type 1 L #2231,183,571,183,3.9
Elektronik Type 1 XL #2232,484,955,359,4.4
Elektronik Type 1 XXL #2233,280,470,312,4.4
Elektronik Type 1 V1 #2234,94,1274,268,7.0
Elektronik Type 1 V2 #2235,439,1043,403,4.4
Elektronik Type 1 V3 #2236,106,1429,408,4.3
Elektronik Type 1 MK2 #2237,381,355,167,4.2
Elektronik Type 1 MK3 #2238,437,1028,206,5.5
Elektronik Type 1 Gen2 #2239,317,617,332,5.5
Elektronik Type 1 Gen3 #2240,479,1150,324,5.5
Elektronik Type 1 Sort #2241,155,1158,361,4.1
Elektronik Type 1 Hvid #2242,181,606,172,6.8
Elektronik Type 1 Blå #2243,169,263,330,6.0
Elektronik Type 1 Rød #2244,492,604,149,4.5
Elektronik Type 1 Grøn #2245,166,977,328,5.1
Elektronik Type 1 Grå #2246,342,876,380,5.8
Elektronik Type 2 Pro #2247,88,1435,327,3.8
Elektronik Type 2 Plus #2248,202,536,378,6.0
Elektronik Type 2 Premium #2249,261,1158,239,7.3
Elektronik Type 2 Standard #2250,205,1345,293,6.7
Elektronik Type 2 Basic #2251,207,696,191,5.8
Elektronik Type 2 Deluxe #2252,69,1269,407,6.9
Elektronik Type 2 Ultra #2253,309,459,160,6.3
Elektronik Type 2 Max #2254,72,1110,252,5.9
Elektronik Type 2 Compact #2255,385,857,249,7.0
Elektronik Type 2 Mini #2256,399,964,262,4.1
Elektronik Type 2 XL #2257,489,1060,343,6.7
Elektronik Type 2 S #2258,210,321,181,7.1
Elektronik Type 2 M #2259,325,1051,322,6.0
Elektronik Type 2 L #2260,187,616,226,4.2
Elektronik Type 2 XL #2261,479,1025,387,3.9
Elektronik Type 2 XXL #2262,474,648,237,6.1
Elektronik Type 2 V1 #2263,270,272,216,7.0
Elektronik Type 2 V2 #2264,172,1111,238,5.7
Elektronik Type 2 V3 #2265,454,693,268,4.2
Elektronik Type 2 MK2 #2266,247,1459,498,5.5
Elektronik Type 2 MK3 #2267,62,766,313,5.2
Elektronik Type 2 Gen2 #2268,222,1103,241,5.0
Elektronik Type 2 Gen3 #2269,372,437,148,6.7
Elektronik Type 2 Sort #2270,186,1482,280,5.0
Elektronik Type 2 Hvid #2271,352,439,198,6.1
Elektronik Type 2 Blå #2272,281,1161,390,6.1
Elektronik Type 2 Rød #2273,86,706,212,5.4
Elektronik Type 2 Grøn #2274,205,455,250,6.4
Elektronik Type 2 Grå #2275,157,727,271,5.1
Elektronik Serie 100 Pro #2276,455,1129,408,6.3
Elektronik Serie 100 Plus #2277,426,1287,290,5.2
Elektronik Serie 100 Premium #2278,295,721,364,4.4
Elektronik Serie 100 Standard #2279,210,1310,376,5.3
Elektronik Serie 100 Basic #2280,80,1457,445,4.6
Elektronik Serie 100 Deluxe #2281,301,702,247,6.2
Elektronik Serie 100 Ultra #2282,423,932,280,7.5
Elektronik Serie 100 Max #2283,172,872,232,5.8
Elektronik Serie 100 Compact #2284,396,378,292,7.4
Elektronik Serie 100 Mini #2285,174,867,235,3.8
Elektronik Serie 100 XL #2286,440,336,204,4.1
Elektronik Serie 100 S #2287,310,590,254,5.0
Elektronik Serie 100 M #2288,393,1497,522,3.8
Elektronik Serie 100 L #2289,208,533,217,5.0
Elektronik Serie 100 XL #2290,238,539,201,5.3
Elektronik Serie 100 XXL #2291,221,524,280,6.1
Elektronik Serie 100 V1 #2292,320,454,290,3.9
Elektronik Serie 100 V2 #2293,273,466,161,7.5
Elektronik Serie 100 V3 #2294,188,681,282,4.1
Elektronik Serie 100 MK2 #2295,410,561,335,4.3
Elektronik Serie 100 MK3 #2296,386,1383,408,5.2
Elektronik Serie 100 Gen2 #2297,368,1340,405,5.5
Elektronik Serie 100 Gen3 #2298,248,1007,263,3.6
Elektronik Serie 100 Sort #2299,270,1444,316,5.5
Elektronik Serie 100 Hvid #2300,257,734,196,6.1
Elektronik Serie 100 Blå #2301,178,1430,396,5.5
Elektronik Serie 100 Rød #2302,177,1144,416,6.2
Elektronik Serie 100 Grøn #2303,151,541,205,4.4
Elektronik Serie 100 Grå #2304,255,418,137,3.8
Elektronik Serie 200 Pro #2305,342,1356,333,4.8
Elektronik Serie 200 Plus #2306,212,685,269,6.3
Elektronik Serie 200 Premium #2307,189,381,273,4.6
Elektronik Serie 200 Standard #2308,483,648,164,6.3
Elektronik Serie 200 Basic #2309,295,810,392,6.1
Elektronik Serie 200 Deluxe #2310,240,1291,436,3.5
Elektronik Serie 200 Ultra #2311,226,1122,433,6.8
Elektronik Serie 200 Max #2312,161,503,246,5.4
Elektronik Serie 200 Compact #2313,236,1044,351,7.3
Elektronik Serie 200 Mini #2314,394,1193,320,7.3
Elektronik Serie 200 XL #2315,114,397,302,7.1
Elektronik Serie 200 S #2316,380,447,354,4.9
Elektronik Serie 200 M #2317,267,833,180,4.7
Elektronik Serie 200 L #2318,233,932,193,4.6
Elektronik Serie 200 XL #2319,344,659,219,3.9
Elektronik Serie 200 XXL #2320,122,326,266,6.6
Elektronik Serie 200 V1 #2321,488,1007,367,3.9
Elektronik Serie 200 V2 #2322,100,1252,480,6.6
Elektronik Serie 200 V3 #2323,278,1290,378,3.9
Elektronik Serie 200 MK2 #2324,260,1479,279,4.2
Elektronik Serie 200 MK3 #2325,395,615,161,4.7
Elektronik Serie 200 Gen2 #2326,469,1395,293,5.2
Elektronik Serie 200 Gen3 #2327,493,548,344,5.0
Elektronik Serie 200 Sort #2328,197,1201,370,3.6
Elektronik Serie 200 Hvid #2329,171,1477,430,7.2
Elektronik Serie 200 Blå #2330,293,1316,463,6.6
Elektronik Serie 200 Rød #2331,439,544,268,4.6
Elektronik Serie 200 Grøn #2332,454,1265,445,7.0
Elektronik Serie 200 Grå #2333,116,1432,295,4.2
Elektronik Edition Pro #2334,112,283,238,4.2
Elektronik Edition Plus #2335,318,1354,321,5.3
Elektronik Edition Premium #2336,329,826,386,5.8
Elektronik Edition Standard #2337,109,1341,480,6.4
Elektronik Edition Basic #2338,431,487,140,3.5
Elektronik Edition Deluxe #2339,439,714,347,4.0
Elektronik Edition Ultra #2340,122,934,440,5.1
Elektronik Edition Max #2341,348,257,307,5.4
Elektronik Edition Compact #2342,165,1459,333,5.4
Elektronik Edition Mini #2343,496,1484,304,4.2
Elektronik Edition XL #2344,165,1400,292,7.2
Elektronik Edition S #2345,296,1231,402,6.4
Elektronik Edition M #2346,248,1362,406,3.9
Elektronik Edition L #2347,332,533,315,4.8
Elektronik Edition XL #2348,95,761,312,6.5
Elektronik Edition XXL #2349,496,320,207,5.6
Elektronik Edition V1 #2350,430,553,292,7.5
Elektronik Edition V2 #2351,69,1345,329,3.6
Elektronik Edition V3 #2352,408,575,337,5.1
Elektronik Edition MK2 #2353,387,734,336,6.6
Elektronik Edition MK3 #2354,102,1098,288,5.4
Elektronik Edition Gen2 #2355,385,1123,323,6.4
Elektronik Edition Gen3 #2356,293,685,318,6.4
Elektronik Edition Sort #2357,428,698,351,5.0
Elektronik Edition Hvid #2358,419,1150,342,4.9
Elektronik Edition Blå #2359,292,925,334,7.1
Elektronik Edition Rød #2360,197,1087,269,4.7
Elektronik Edition Grøn #2361,272,1090,316,5.3
Elektronik Edition Grå #2362,365,554,137,7.3
Elektronik Classic Pro #2363,167,278,285,4.0
Elektronik Classic Plus #2364,362,1245,385,4.9
Elektronik Classic Premium #2365,91,1332,394,4.1
Elektronik Classic Standard #2366,392,1256,331,7.2
Elektronik Classic Basic #2367,292,1209,255,5.9
Elektronik Classic Deluxe #2368,321,421,209,5.3
Elektronik Classic Ultra #2369,481,1130,388,7.1
Elektronik Classic Max #2370,75,947,370,6.4
Elektronik Classic Compact #2371,469,970,372,7.4
Elektronik Classic Mini #2372,104,426,256,7.2
Elektronik Classic XL #2373,135,1388,463,3.8
Elektronik Classic S #2374,439,989,355,4.9
Elektronik Classic M #2375,197,1359,365,4.6
Elektronik Classic L #2376,78,1117,415,4.2
Elektronik Classic XL #2377,72,787,227,6.5
Elektronik Classic XXL #2378,330,1198,271,7.1
Elektronik Classic V1 #2379,346,1111,362,4.2
Elektronik Classic V2 #2380,127,428,212,5.5
Elektronik Classic V3 #2381,470,703,340,5.6
Elektronik Classic MK2 #2382,251,424,187,4.0
Elektronik Classic MK3 #2383,296,809,368,5.7
Elektronik Classic Gen2 #2384,113,1063,344,4.1
Elektronik Classic Gen3 #2385,65,812,327,6.3
Elektronik Classic Sort #2386,242,589,371,7.5
Elektronik Classic Hvid #2387,191,806,306,5.1
Elektronik Classic Blå #2388,305,649,253,6.9
Elektronik Classic Rød #2389,146,808,287,7.4
Elektronik Classic Grøn #2390,322,576,284,6.9
Elektronik Classic Grå #2391,374,877,400,5.9
Elektronik Modern Pro #2392,321,955,405,4.1
Elektronik Modern Plus #2393,65,404,176,5.9
Elektronik Modern Premium #2394,118,787,407,5.0
Elektronik Modern Standard #2395,114,316,154,6.2
Elektronik Modern Basic #2396,430,685,287,6.6
Elektronik Modern Deluxe #2397,172,467,155,4.9
Elektronik Modern Ultra #2398,245,676,236,4.1
Elektronik Modern Max #2399,99,1386,498,7.3
Elektronik Modern Compact #2400,165,1468,509,5.2
Elektronik Modern Mini #2401,388,1329,464,3.7
Elektronik Modern XL #2402,235,264,244,3.6
Elektronik Modern S #2403,122,1474,277,6.7
Elektronik Modern M #2404,365,906,295,5.4
Elektronik Modern L #2405,246,638,207,5.2
Elektronik Modern XL #2406,219,1150,242,5.6
Elektronik Modern XXL #2407,167,1068,406,3.5
Elektronik Modern V1 #2408,342,334,296,6.1
Elektronik Modern V2 #2409,474,451,203,6.9
Elektronik Modern V3 #2410,116,1146,463,6.6
Elektronik Modern MK2 #2411,280,970,250,7.2
Elektronik Modern MK3 #2412,370,870,384,6.9
Elektronik Modern Gen2 #2413,123,1317,342,7.4
Elektronik Modern Gen3 #2414,244,870,330,6.1
Elektronik Modern Sort #2415,398,691,304,3.6
Elektronik Modern Hvid #2416,290,1458,486,4.1
Elektronik Modern Blå #2417,337,470,266,7.2
Elektronik Modern Rød #2418,400,1359,457,3.6
Elektronik Modern Grøn #2419,193,828,277,4.8
Elektronik Modern Grå #2420,67,929,423,5.7
Elektronik Industri Pro #2421,472,832,292,3.9
Elektronik Industri Plus #2422,275,1222,467,7.3
Elektronik Industri Premium #2423,423,1157,463,5.4
Elektronik Industri Standard #2424,164,1376,488,4.1
Elektronik Industri Basic #2425,132,1230,330,4.6
Elektronik Industri Deluxe #2426,490,713,250,5.8
Elektronik Industri Ultra #2427,309,397,125,5.8
Elektronik Industri Max #2428,239,413,149,6.1
Elektronik Industri Compact #2429,87,776,182,4.8
Elektronik Industri Mini #2430,461,727,159,3.8
Elektronik Industri XL #2431,116,377,285,3.6
Elektronik Industri S #2432,337,1251,258,4.8
Elektronik Industri M #2433,116,1410,498,5.1
Elektronik Industri L #2434,131,306,141,6.0
Elektronik Industri XL #2435,271,1145,422,6.7
Elektronik Industri XXL #2436,242,1070,302,6.3
Elektronik Industri V1 #2437,390,747,179,4.2
Elektronik Industri V2 #2438,376,1079,390,4.5
Elektronik Industri V3 #2439,74,1203,405,5.9
Elektronik Industri MK2 #2440,161,815,344,4.5
Elektronik Industri MK3 #2441,99,1048,366,5.9
Elektronik Industri Gen2 #2442,140,733,295,5.7
Elektronik Industri Gen3 #2443,123,963,270,5.4
Elektronik Industri Sort #2444,246,651,339,4.5
Elektronik Industri Hvid #2445,183,744,344,6.2
Elektronik Industri Blå #2446,260,768,171,7.5
Elektronik Industri Rød #2447,172,428,143,4.6
Elektronik Industri Grøn #2448,379,1011,249,3.5
Elektronik Industri Grå #2449,426,1178,336,5.6
Elektronik Professionel Pro #2450,301,324,223,6.3
Elektronik Professionel Plus #2451,329,533,177,6.5
Elektronik Professionel Premium #2452,319,564,288,6.2
Elektronik Professionel Standard #2453,220,1108,363,3.9
Elektronik Professionel Basic #2454,453,930,390,3.9
Elektronik Professionel Deluxe #2455,298,594,272,6.5
Elektronik Professionel Ultra #2456,398,426,334,5.0
Elektronik Professionel Max #2457,383,763,204,4.6
Elektronik Professionel Compact #2458,91,1088,228,5.8
Elektronik Professionel Mini #2459,381,597,286,4.3
Elektronik Professionel XL #2460,415,1358,403,7.5
Elektronik Professionel S #2461,214,446,181,6.0
Elektronik Professionel M #2462,324,833,199,4.5
Elektronik Professionel L #2463,365,1429,403,6.0
Elektronik Professionel XL #2464,288,1099,232,7.1
Elektronik Professionel XXL #2465,476,1220,289,7.3
Elektronik Professionel V1 #2466,136,1065,336,5.8
Elektronik Professionel V2 #2467,392,541,349,5.8
Elektronik Professionel V3 #2468,154,606,335,6.6
Elektronik Professionel MK2 #2469,454,1498,313,6.7
Elektronik Professionel MK3 #2470,140,1421,295,6.3
Elektronik Professionel Gen2 #2471,359,853,202,3.7
Elektronik Professionel Gen3 #2472,266,658,166,6.0
Elektronik Professionel Sort #2473,307,952,436,3.8
Elektronik Professionel Hvid #2474,360,547,231,4.9
Elektronik Professionel Blå #2475,198,278,293,4.4
Elektronik Professionel Rød #2476,239,1407,473,3.8
Elektronik Professionel Grøn #2477,436,547,221,4.1
Elektronik Professionel Grå #2478,498,881,195,6.6
Elektronik Commercial Pro #2479,150,861,356,6.2
Elektronik Commercial Plus #2480,349,389,225,3.9
Elektronik Commercial Premium #2481,243,480,305,5.9
Elektronik Commercial Standard #2482,239,531,199,6.2
Elektronik Commercial Basic #2483,384,1342,310,4.4
Elektronik Commercial Deluxe #2484,425,1365,358,3.8
Elektronik Commercial Ultra #2485,327,1321,412,5.9
Elektronik Commercial Max #2486,198,307,113,6.6
Elektronik Commercial Compact #2487,250,612,340,6.1
Elektronik Commercial Mini #2488,151,956,423,6.4
Elektronik Commercial XL #2489,206,1448,306,4.3
Elektronik Commercial S #2490,376,732,366,4.7
Elektronik Commercial M #2491,147,1498,495,7.4
Elektronik Commercial L #2492,204,547,330,5.6
Elektronik Commercial XL #2493,142,1044,339,6.4
Elektronik Commercial XXL #2494,268,307,249,7.0
Elektronik Commercial V1 #2495,113,1212,441,6.2
Elektronik Commercial V2 #2496,110,1356,263,5.7
Elektronik Commercial V3 #2497,499,844,346,3.8
Elektronik Commercial MK2 #2498,172,1422,471,4.0
Elektronik Commercial MK3 #2499,478,704,210,7.3
Elektronik Commercial Gen2 #2500,423,1083,401,5.1
Elektronik Commercial Gen3 #2501,163,251,130,4.8
Elektronik Commercial Sort #2502,264,566,381,4.7
Elektronik Commercial Hvid #2503,108,1393,358,6.4
Elektronik Commercial Blå #2504,480,1139,251,5.1
Elektronik Commercial Rød #2505,200,1166,351,7.2
Elektronik Commercial Grøn #2506,189,702,402,6.4
Elektronik Commercial Grå #2507,316,1190,478,6.1
Elektronik Model A Pro #2508,152,1317,416,5.4
Elektronik Model A Plus #2509,180,1435,322,3.6
Elektronik Model A Premium #2510,429,867,393,3.8
Elektronik Model A Standard #2511,237,425,262,6.7
Elektronik Model A Basic #2512,215,442,264,4.3
Elektronik Model A Deluxe #2513,424,1388,434,4.2
Elektronik Model A Ultra #2514,438,629,207,4.2
Elektronik Model A Max #2515,90,477,125,4.7
Elektronik Model A Compact #2516,174,1342,253,7.2
Elektronik Model A Mini #2517,114,1261,274,4.8
Elektronik Model A XL #2518,277,1011,326,6.4
Elektronik Model A S #2519,479,1397,419,7.5
Elektronik Model A M #2520,314,560,245,3.9
Elektronik Model A L #2521,183,1383,455,4.3
Elektronik Model A XL #2522,253,667,363,5.4
Elektronik Model A XXL #2523,395,555,173,4.9
Elektronik Model A V1 #2524,63,312,270,4.9
Elektronik Model A V2 #2525,290,1257,340,4.7
Elektronik Model A V3 #2526,253,1149,396,7.1
Elektronik Model A MK2 #2527,324,528,204,5.4
Elektronik Model A MK3 #2528,258,1332,383,6.3
Elektronik Model A Gen2 #2529,72,417,161,4.2
Elektronik Model A Gen3 #2530,357,948,304,3.7
Elektronik Model A Sort #2531,344,1289,485,7.3
Elektronik Model A Hvid #2532,90,999,442,6.8
Elektronik Model A Blå #2533,65,1275,400,4.3
Elektronik Model A Rød #2534,251,470,194,6.8
Elektronik Model A Grøn #2535,331,1243,310,5.6
Elektronik Model A Grå #2536,145,997,314,7.1
Elektronik Model B Pro #2537,351,1041,422,6.3
Elektronik Model B Plus #2538,213,1031,438,6.5
Elektronik Model B Premium #2539,89,1272,299,4.5
Elektronik Model B Standard #2540,393,1247,277,4.9
Elektronik Model B Basic #2541,379,1180,239,5.7
Elektronik Model B Deluxe #2542,170,982,327,7.3
Elektronik Model B Ultra #2543,148,1063,341,4.1
Elektronik Model B Max #2544,92,986,365,4.7
Elektronik Model B Compact #2545,318,952,414,6.5
Elektronik Model B Mini #2546,142,263,190,7.1
Elektronik Model B XL #2547,190,536,231,3.6
Elektronik Model B S #2548,271,493,154,6.4
Elektronik Model B M #2549,274,653,187,7.4
Elektronik Model B L #2550,284,1363,276,7.1
Elektronik Model B XL #2551,70,693,374,4.5
Elektronik Model B XXL #2552,61,418,176,4.9
Elektronik Model B V1 #2553,157,561,179,6.4
Elektronik Model B V2 #2554,335,567,253,3.9
Elektronik Model B V3 #2555,457,1258,342,5.9
Elektronik Model B MK2 #2556,212,1127,238,7.0
Elektronik Model B MK3 #2557,403,985,394,7.2
Elektronik Model B Gen2 #2558,372,1355,256,5.5
Elektronik Model B Gen3 #2559,104,1326,479,6.6
Elektronik Model B Sort #2560,481,1359,380,6.3
Elektronik Model B Hvid #2561,237,1407,493,6.1
Elektronik Model B Blå #2562,433,912,298,5.8
Elektronik Model B Rød #2563,458,420,121,7.5
Elektronik Model B Grøn #2564,250,1168,335,4.3
Elektronik Model B Grå #2565,357,890,270,6.7
Elektronik Model C Pro #2566,251,1395,455,3.8
Elektronik Model C Plus #2567,239,263,151,4.7
Elektronik Model C Premium #2568,487,423,289,7.3
Elektronik Model C Standard #2569,99,1007,305,5.5
Elektronik Model C Basic #2570,270,951,279,4.4
Elektronik Model C Deluxe #2571,472,763,205,3.9
Elektronik Model C Ultra #2572,221,458,160,5.7
Elektronik Model C Max #2573,198,1120,461,4.4
Elektronik Model C Compact #2574,259,372,159,4.8
Elektronik Model C Mini #2575,274,1109,273,3.6
Elektronik Model C XL #2576,220,1456,339,4.7
Elektronik Model C S #2577,336,361,113,5.1
Elektronik Model C M #2578,350,730,194,4.8
Elektronik Model C L #2579,299,1098,418,5.0
Elektronik Model C XL #2580,178,475,344,4.0
Elektronik Model C XXL #2581,91,334,110,7.4
Elektronik Model C V1 #2582,187,1324,308,6.4
Elektronik Model C V2 #2583,205,1148,310,4.2
Elektronik Model C V3 #2584,262,636,376,6.3
Elektronik Model C MK2 #2585,453,1266,349,4.3
Elektronik Model C MK3 #2586,197,769,250,5.5
Elektronik Model C Gen2 #2587,483,1431,387,3.8
Elektronik Model C Gen3 #2588,107,650,204,7.4
Elektronik Model C Sort #2589,416,1372,423,6.8
Elektronik Model C Hvid #2590,231,787,353,4.3
Elektronik Model C Blå #2591,85,574,246,5.8
Elektronik Model C Rød #2592,75,262,255,7.4
Elektronik Model C Grøn #2593,213,620,163,3.5
Elektronik Model C Grå #2594,224,718,186,5.0
Elektronik Type 1 Pro #2595,363,1492,383,6.1
Elektronik Type 1 Plus #2596,355,1270,468,5.3
Elektronik Type 1 Premium #2597,180,745,349,6.4
Elektronik Type 1 Standard #2598,436,313,313,6.2
Elektronik Type 1 Basic #2599,442,1142,306,7.0
Elektronik Type 1 Deluxe #2600,61,1344,367,3.8
Elektronik Type 1 Ultra #2601,313,917,287,5.1
Elektronik Type 1 Max #2602,332,1193,296,3.6
Elektronik Type 1 Compact #2603,168,635,199,5.1
Elektronik Type 1 Mini #2604,104,574,245,3.5
Elektronik Type 1 XL #2605,453,688,181,6.8
Elektronik Type 1 S #2606,135,687,283,3.9
Elektronik Type 1 M #2607,179,1256,483,7.0
Elektronik Type 1 L #2608,112,1052,416,6.6
Elektronik Type 1 XL #2609,431,814,306,6.5
Elektronik Type 1 XXL #2610,227,576,383,7.2
Elektronik Type 1 V1 #2611,486,446,159,5.5
Elektronik Type 1 V2 #2612,211,427,131,6.4
Elektronik Type 1 V3 #2613,421,1356,391,7.0
Elektronik Type 1 MK2 #2614,249,1037,396,6.2
Elektronik Type 1 MK3 #2615,486,1258,310,4.3
Elektronik Type 1 Gen2 #2616,192,1215,434,4.8
Elektronik Type 1 Gen3 #2617,254,1144,276,4.2
Elektronik Type 1 Sort #2618,78,1152,393,5.2
Elektronik Type 1 Hvid #2619,350,1495,330,4.9
Elektronik Type 1 Blå #2620,260,1450,504,5.8
Elektronik Type 1 Rød #2621,236,833,344,4.6
Elektronik Type 1 Grøn #2622,139,1107,285,5.4
Elektronik Type 1 Grå #2623,156,1451,411,6.8
Elektronik Type 2 Pro #2624,89,632,307,4.7
Elektronik Type 2 Plus #2625,169,620,229,3.8
Elektronik Type 2 Premium #2626,358,366,312,5.1
Elektronik Type 2 Standard #2627,363,1199,395,5.1
Elektronik Type 2 Basic #2628,73,1131,262,7.0
Elektronik Type 2 Deluxe #2629,144,1440,462,6.7
Elektronik Type 2 Ultra #2630,448,819,228,6.0
Elektronik Type 2 Max #2631,104,815,269,4.6
Elektronik Type 2 Compact #2632,148,1485,290,6.1
Elektronik Type 2 Mini #2633,222,1065,281,5.8
Elektronik Type 2 XL #2634,477,459,239,6.0
Elektronik Type 2 S #2635,87,1210,238,4.0
Elektronik Type 2 M #2636,175,1193,392,4.0
Elektronik Type 2 L #2637,457,616,270,7.3
Elektronik Type 2 XL #2638,425,380,223,4.0
Elektronik Type 2 XXL #2639,196,541,223,3.5
Elektronik Type 2 V1 #2640,258,866,204,5.2
Elektronik Type 2 V2 #2641,348,1217,423,4.1
Elektronik Type 2 V3 #2642,257,565,232,4.1
Elektronik Type 2 MK2 #2643,491,1251,329,6.0
Elektronik Type 2 MK3 #2644,178,964,382,4.3
Elektronik Type 2 Gen2 #2645,270,319,115,3.9
Elektronik Type 2 Gen3 #2646,210,599,369,5.2
Elektronik Type 2 Sort #2647,386,1478,382,3.8
Elektronik Type 2 Hvid #2648,486,370,226,3.8
Elektronik Type 2 Blå #2649,247,915,311,5.7
Elektronik Type 2 Rød #2650,215,1179,444,6.3
Elektronik Type 2 Grøn #2651,435,788,294,5.8
Elektronik Type 2 Grå #2652,306,1418,364,3.9
Elektronik Serie 100 Pro #2653,222,698,328,3.8
Elektronik Serie 100 Plus #2654,455,1134,429,6.2
Elektronik Serie 100 Premium #2655,96,506,160,7.1
Elektronik Serie 100 Standard #2656,357,1306,327,4.3
Elektronik Serie 100 Basic #2657,166,1054,416,6.6
Elektronik Serie 100 Deluxe #2658,453,1289,490,7.1
Elektronik Serie 100 Ultra #2659,319,584,243,4.0
Elektronik Serie 100 Max #2660,327,470,332,7.4
Elektronik Serie 100 Compact #2661,201,1351,451,5.5
Elektronik Serie 100 Mini #2662,370,570,166,3.8
Elektronik Serie 100 XL #2663,202,1235,343,6.2
Elektronik Serie 100 S #2664,382,1460,431,6.6
Elektronik Serie 100 M #2665,297,399,336,3.6
Elektronik Serie 100 L #2666,65,1417,278,6.4
Elektronik Serie 100 XL #2667,482,1127,240,4.0
Elektronik Serie 100 XXL #2668,438,854,289,6.8
Elektronik Serie 100 V1 #2669,458,649,287,5.7
Elektronik Serie 100 V2 #2670,463,1247,433,6.5
Elektronik Serie 100 V3 #2671,299,428,319,6.6
Elektronik Serie 100 MK2 #2672,353,441,147,6.1
Elektronik Serie 100 MK3 #2673,277,1060,292,7.3
Elektronik Serie 100 Gen2 #2674,242,966,248,4.4
Elektronik Serie 100 Gen3 #2675,337,758,274,4.4
Elektronik Serie 100 Sort #2676,420,525,202,5.4
Elektronik Serie 100 Hvid #2677,446,933,190,6.0
Elektronik Serie 100 Blå #2678,133,625,228,4.2
Elektronik Serie 100 Rød #2679,390,736,223,4.1
Elektronik Serie 100 Grøn #2680,104,896,316,6.9
Elektronik Serie 100 Grå #2681,189,622,383,5.3
Elektronik Serie 200 Pro #2682,380,1312,263,4.5
Elektronik Serie 200 Plus #2683,90,1158,410,5.5
Elektronik Serie 200 Premium #2684,224,297,289,6.4
Elektronik Serie 200 Standard #2685,452,987,406,6.3
Elektronik Serie 200 Basic #2686,381,786,292,5.1
Elektronik Serie 200 Deluxe #2687,372,752,337,6.5
Elektronik Serie 200 Ultra #2688,324,1181,465,5.9
Elektronik Serie 200 Max #2689,61,922,287,5.5
Elektronik Serie 200 Compact #2690,382,1488,335,4.0
Elektronik Serie 200 Mini #2691,338,379,287,4.2
Elektronik Serie 200 XL #2692,95,849,340,5.2
Elektronik Serie 200 S #2693,151,1206,410,5.6
Elektronik Serie 200 M #2694,330,471,351,5.0
Elektronik Serie 200 L #2695,494,881,252,6.0
Elektronik Serie 200 XL #2696,66,825,355,5.9
Elektronik Serie 200 XXL #2697,192,1414,426,6.5
Elektronik Serie 200 V1 #2698,113,1366,342,3.6
Elektronik Serie 200 V2 #2699,76,321,135,4.0
Elektronik Serie 200 V3 #2700,373,1297,263,6.5
Elektronik Serie 200 MK2 #2701,225,1056,355,6.8
Elektronik Serie 200 MK3 #2702,110,1172,245,4.2
Elektronik Serie 200 Gen2 #2703,350,794,204,6.9
Elektronik Serie 200 Gen3 #2704,286,1396,308,7.2
Elektronik Serie 200 Sort #2705,84,946,304,7.0
Elektronik Serie 200 Hvid #2706,474,1109,216,4.0
Elektronik Serie 200 Blå #2707,79,1178,288,4.6
Elektronik Serie 200 Rød #2708,328,810,174,4.9
Elektronik Serie 200 Grøn #2709,116,875,412,6.4
Elektronik Serie 200 Grå #2710,492,792,218,5.0
Elektronik Edition Pro #2711,381,1499,472,4.6
Elektronik Edition Plus #2712,160,1331,429,4.4
Elektronik Edition Premium #2713,269,292,286,4.8
Elektronik Edition Standard #2714,371,888,285,5.7
Elektronik Edition Basic #2715,108,290,158,4.9
Elektronik Edition Deluxe #2716,252,627,258,4.2
Elektronik Edition Ultra #2717,221,388,342,7.5
Elektronik Edition Max #2718,385,1086,303,4.4
Elektronik Edition Compact #2719,370,599,346,6.3
Elektronik Edition Mini #2720,395,993,257,3.7
Elektronik Edition XL #2721,312,1406,351,4.5
Elektronik Edition S #2722,470,865,334,5.5
Elektronik Edition M #2723,64,1393,292,6.6
Elektronik Edition L #2724,416,765,230,5.9
Elektronik Edition XL #2725,91,522,332,6.0
Elektronik Edition XXL #2726,194,503,221,7.4
Elektronik Edition V1 #2727,300,718,220,5.8
Elektronik Edition V2 #2728,110,402,355,7.4
Elektronik Edition V3 #2729,443,1211,237,4.8
Elektronik Edition MK2 #2730,470,1407,357,5.8
Elektronik Edition MK3 #2731,495,284,255,4.4
Elektronik Edition Gen2 #2732,183,966,386,4.1
Elektronik Edition Gen3 #2733,295,1285,343,6.4
Elektronik Edition Sort #2734,337,1270,462,5.6
Elektronik Edition Hvid #2735,461,935,217,7.4
Elektronik Edition Blå #2736,471,645,163,6.4
Elektronik Edition Rød #2737,226,644,232,6.4
Elektronik Edition Grøn #2738,304,473,265,4.2
Elektronik Edition Grå #2739,157,625,226,5.1
Elektronik Classic Pro #2740,301,1254,378,6.7
Elektronik Classic Plus #2741,449,741,385,4.1
Elektronik Classic Premium #2742,443,1057,359,4.4
Elektronik Classic Standard #2743,271,345,297,4.6
Elektronik Classic Basic #2744,102,328,340,4.2
Elektronik Classic Deluxe #2745,432,776,209,5.5
Elektronik Classic Ultra #2746,362,749,304,5.6
Elektronik Classic Max #2747,270,433,305,5.0
Elektronik Classic Compact #2748,433,1264,248,4.5
Elektronik Classic Mini #2749,247,993,372,6.5
Elektronik Classic XL #2750,138,762,372,3.8
Elektronik Classic S #2751,336,446,257,4.6
Elektronik Classic M #2752,119,473,186,6.2
Elektronik Classic L #2753,438,975,429,4.2
Elektronik Classic XL #2754,296,308,226,6.3
Elektronik Classic XXL #2755,486,727,298,7.1
Elektronik Classic V1 #2756,495,374,266,6.7
Elektronik Classic V2 #2757,341,1120,335,3.7
Elektronik Classic V3 #2758,226,1158,347,7.1
Elektronik Classic MK2 #2759,193,1206,399,6.6
Elektronik Classic MK3 #2760,400,707,215,5.5
Elektronik Classic Gen2 #2761,481,966,297,3.5
Elektronik Classic Gen3 #2762,233,560,267,5.9
Elektronik Classic Sort #2763,321,658,253,4.1
Elektronik Classic Hvid #2764,218,1180,393,7.4
Elektronik Classic Blå #2765,336,1172,246,7.1
Elektronik Classic Rød #2766,385,378,320,3.8
Elektronik Classic Grøn #2767,431,1326,369,5.6
Elektronik Classic Grå #2768,282,490,186,5.9
Elektronik Modern Pro #2769,359,346,344,5.0
Elektronik Modern Plus #2770,118,922,237,7.5
Elektronik Modern Premium #2771,111,365,299,3.6
Elektronik Modern Standard #2772,190,1196,237,4.7
Elektronik Modern Basic #2773,352,733,215,6.3
Elektronik Modern Deluxe #2774,83,1461,392,7.0
Elektronik Modern Ultra #2775,265,747,218,3.6
Elektronik Modern Max #2776,293,283,123,4.5
Elektronik Modern Compact #2777,360,635,196,3.6
Elektronik Modern Mini #2778,87,484,369,4.5
Elektronik Modern XL #2779,361,1372,258,5.7
Elektronik Modern S #2780,151,350,188,4.1
Elektronik Modern M #2781,369,720,194,7.4
Elektronik Modern L #2782,303,1006,345,4.6
Elektronik Modern XL #2783,492,1109,238,5.7
Elektronik Modern XXL #2784,391,422,186,5.5
Elektronik Modern V1 #2785,203,664,208,5.6
Elektronik Modern V2 #2786,214,949,436,4.0
Elektronik Modern V3 #2787,217,909,288,3.6
Elektronik Modern MK2 #2788,262,705,277,6.0
Elektronik Modern MK3 #2789,281,1401,443,5.9
Elektronik Modern Gen2 #2790,171,1417,409,4.8
Elektronik Modern Gen3 #2791,232,1281,258,6.4
Elektronik Modern Sort #2792,137,1474,363,4.2
Elektronik Modern Hvid #2793,485,450,260,3.8
Elektronik Modern Blå #2794,483,1481,440,3.9
Elektronik Modern Rød #2795,102,455,277,4.1
Elektronik Modern Grøn #2796,391,1132,389,4.9
Elektronik Modern Grå #2797,387,1374,431,6.1
Elektronik Industri Pro #2798,191,932,292,7.5
Elektronik Industri Plus #2799,189,1044,453,4.7
Elektronik Industri Premium #2800,329,810,234,6.6
Elektronik Industri Standard #2801,271,956,403,3.8
Elektronik Industri Basic #2802,404,1202,462,4.6
Elektronik Industri Deluxe #2803,382,1387,409,7.2
Elektronik Industri Ultra #2804,294,902,353,4.9
Elektronik Industri Max #2805,326,258,223,5.6
Elektronik Industri Compact #2806,212,278,185,6.0
Elektronik Industri Mini #2807,138,391,303,4.9
Elektronik Industri XL #2808,203,1008,437,3.9
Elektronik Industri S #2809,105,1416,361,4.3
Elektronik Industri M #2810,68,451,137,5.3
Elektronik Industri L #2811,173,1138,390,7.1
Elektronik Industri XL #2812,189,433,259,4.8
Elektronik Industri XXL #2813,463,462,131,6.9
Elektronik Industri V1 #2814,214,952,307,6.3
Elektronik Industri V2 #2815,262,912,195,5.3
Elektronik Industri V3 #2816,241,719,332,4.0
Elektronik Industri MK2 #2817,354,1049,356,4.7
Elektronik Industri MK3 #2818,247,1169,436,6.4
Elektronik Industri Gen2 #2819,194,995,302,5.2
Elektronik Industri Gen3 #2820,71,1357,256,5.3
Elektronik Industri Sort #2821,109,1063,452,3.5
Elektronik Industri Hvid #2822,189,594,284,7.3
Elektronik Industri Blå #2823,311,1124,253,7.2
Elektronik Industri Rød #2824,63,795,399,7.3
Elektronik Industri Grøn #2825,295,1286,479,3.6
Elektronik Industri Grå #2826,469,1459,356,6.9
Elektronik Professionel Pro #2827,163,999,389,6.6
Elektronik Professionel Plus #2828,100,1367,358,3.6
Elektronik Professionel Premium #2829,270,1344,384,6.9
Elektronik Professionel Standard #2830,132,1311,355,3.9
Elektronik Professionel Basic #2831,130,837,304,5.9
Elektronik Professionel Deluxe #2832,199,1042,312,6.7
Elektronik Professionel Ultra #2833,190,1416,425,5.1
Elektronik Professionel Max #2834,105,1096,399,6.3
Elektronik Professionel Compact #2835,297,371,144,7.0
Elektronik Professionel Mini #2836,496,1276,346,5.8
Elektronik Professionel XL #2837,314,1175,229,5.9
Elektronik Professionel S #2838,371,472,331,5.8
Elektronik Professionel M #2839,420,1159,400,4.0
Elektronik Professionel L #2840,326,1253,416,4.9
Elektronik Professionel XL #2841,287,1410,394,4.5
Elektronik Professionel XXL #2842,62,531,311,3.8
Elektronik Professionel V1 #2843,290,1128,462,4.5
Elektronik Professionel V2 #2844,130,462,119,5.4
Elektronik Professionel V3 #2845,391,956,310,4.6
Elektronik Professionel MK2 #2846,249,1245,243,3.6
Elektronik Professionel MK3 #2847,164,1352,341,5.1
Elektronik Professionel Gen2 #2848,306,710,312,6.8
Elektronik Professionel Gen3 #2849,489,1079,426,6.2
Elektronik Professionel Sort #2850,302,568,163,7.0
Elektronik Professionel Hvid #2851,391,576,265,4.9
Elektronik Professionel Blå #2852,91,1263,377,5.7
Elektronik Professionel Rød #2853,338,408,149,4.8
Elektronik Professionel Grøn #2854,388,1391,327,6.0
Elektronik Professionel Grå #2855,125,1063,244,6.8
Elektronik Commercial Pro #2856,362,1187,374,4.7
Elektronik Commercial Plus #2857,210,450,224,4.5
Elektronik Commercial Premium #2858,456,467,146,4.0
Elektronik Commercial Standard #2859,226,438,119,6.3
Elektronik Commercial Basic #2860,133,828,326,6.1
Elektronik Commercial Deluxe #2861,200,910,298,4.4
Elektronik Commercial Ultra #2862,75,298,326,6.3
Elektronik Commercial Max #2863,424,784,362,4.3
Elektronik Commercial Compact #2864,142,1374,439,4.7
Elektronik Commercial Mini #2865,472,1356,448,5.3
Elektronik Commercial XL #2866,151,274,117,4.2
Elektronik Commercial S #2867,164,849,248,7.1
Elektronik Commercial M #2868,476,631,160,6.0
Elektronik Commercial L #2869,259,731,318,5.6
Elektronik Commercial XL #2870,376,281,118,6.8
Elektronik Commercial XXL #2871,227,406,185,6.1
Elektronik Commercial V1 #2872,201,739,189,7.0
Elektronik Commercial V2 #2873,413,475,140,7.5
Elektronik Commercial V3 #2874,260,1354,429,6.4
Elektronik Commercial MK2 #2875,107,799,170,5.7
Elektronik Commercial MK3 #2876,217,640,375,4.9
Elektronik Commercial Gen2 #2877,96,1136,415,5.2
Elektronik Commercial Gen3 #2878,110,1422,434,4.7
Elektronik Commercial Sort #2879,165,1318,295,5.9
Elektronik Commercial Hvid #2880,297,336,296,6.6
Elektronik Commercial Blå #2881,174,458,346,6.7
Elektronik Commercial Rød #2882,468,374,189,5.6
Elektronik Commercial Grøn #2883,249,898,203,4.2
Elektronik Commercial Grå #2884,229,1294,364,4.9
Elektronik Model A Pro #2885,75,466,248,6.5
Elektronik Model A Plus #2886,204,979,203,7.1
Elektronik Model A Premium #2887,227,280,332,6.5
Elektronik Model A Standard #2888,140,1432,273,4.6
Elektronik Model A Basic #2889,254,741,337,3.9
Elektronik Model A Deluxe #2890,364,606,162,7.5
Elektronik Model A Ultra #2891,151,1096,454,6.3
Elektronik Model A Max #2892,338,1469,498,6.8
Elektronik Model A Compact #2893,229,288,199,4.0
Elektronik Model A Mini #2894,304,508,328,5.8
Elektronik Model A XL #2895,384,561,281,7.0
Elektronik Model A S #2896,413,721,242,6.4
Elektronik Model A M #2897,65,1427,352,6.7
Elektronik Model A L #2898,113,679,286,6.7
Elektronik Model A XL #2899,322,1490,300,6.1
Elektronik Model A XXL #2900,499,926,253,7.2
Elektronik Model A V1 #2901,293,578,376,3.8
Elektronik Model A V2 #2902,266,552,248,4.6
Elektronik Model A V3 #2903,227,945,392,7.0
Elektronik Model A MK2 #2904,113,852,191,5.2
Elektronik Model A MK3 #2905,377,1302,484,5.4
Elektronik Model A Gen2 #2906,242,1106,397,7.4
Elektronik Model A Gen3 #2907,230,1232,269,3.8
Elektronik Model A Sort #2908,100,977,338,4.9
Elektronik Model A Hvid #2909,98,718,245,3.7
Elektronik Model A Blå #2910,220,870,338,7.2
Elektronik Model A Rød #2911,104,1224,387,6.9
Elektronik Model A Grøn #2912,445,458,368,5.6
Elektronik Model A Grå #2913,285,666,349,6.0
Elektronik Model B Pro #2914,79,540,291,5.7
Elektronik Model B Plus #2915,96,1345,271,5.8
Elektronik Model B Premium #2916,207,867,304,7.0
Elektronik Model B Standard #2917,92,908,385,7.4
Elektronik Model B Basic #2918,191,912,248,7.0
Elektronik Model B Deluxe #2919,358,701,319,4.7
Elektronik Model B Ultra #2920,347,569,264,3.6
Elektronik Model B Max #2921,127,765,243,4.7
Elektronik Model B Compact #2922,376,664,343,3.7
Elektronik Model B Mini #2923,157,858,415,3.7
Elektronik Model B XL #2924,463,444,315,4.7
Elektronik Model B S #2925,409,684,232,5.4
Elektronik Model B M #2926,452,298,201,6.0
Elektronik Model B L #2927,169,1204,258,4.3
Elektronik Model B XL #2928,405,991,206,5.2
Elektronik Model B XXL #2929,75,336,145,6.6
Elektronik Model B V1 #2930,472,1264,490,4.2
Elektronik Model B V2 #2931,170,932,363,7.0
Elektronik Model B V3 #2932,170,582,181,3.8
Elektronik Model B MK2 #2933,91,710,360,3.9
Elektronik Model B MK3 #2934,211,1246,447,4.9
Elektronik Model B Gen2 #2935,285,766,329,5.1
Elektronik Model B Gen3 #2936,225,999,380,3.8
Elektronik Model B Sort #2937,108,1035,288,6.8
Elektronik Model B Hvid #2938,217,1080,394,5.0
Elektronik Model B Blå #2939,326,982,291,5.1
Elektronik Model B Rød #2940,151,1050,420,5.1
Elektronik Model B Grøn #2941,305,606,243,7.3
Elektronik Model B Grå #2942,248,708,205,3.6
Elektronik Model C Pro #2943,268,504,158,6.7
Elektronik Model C Plus #2944,128,1330,494,5.5
Elektronik Model C Premium #2945,390,1428,493,4.0
Elektronik Model C Standard #2946,443,1234,328,7.0
Elektronik Model C Basic #2947,99,869,311,3.5
Elektronik Model C Deluxe #2948,216,708,372,3.8
Elektronik Model C Ultra #2949,394,604,190,4.8
Elektronik Model C Max #2950,452,1407,474,6.7
Elektronik Model C Compact #2951,129,1154,385,6.5
Elektronik Model C Mini #2952,400,666,230,6.8
Elektronik Model C XL #2953,291,1284,473,7.3
Elektronik Model C S #2954,74,1201,449,4.6
Elektronik Model C M #2955,152,879,316,5.7
Elektronik Model C L #2956,263,301,262,4.4
Elektronik Model C XL #2957,96,1367,502,4.5
Elektronik Model C XXL #2958,198,376,336,7.3
Elektronik Model C V1 #2959,129,379,326,7.1
Elektronik Model C V2 #2960,68,1264,483,4.5
Elektronik Model C V3 #2961,194,281,141,7.5
Elektronik Model C MK2 #2962,440,737,188,5.8
Elektronik Model C MK3 #2963,190,1424,360,4.7
Elektronik Model C Gen2 #2964,381,338,139,7.4
Elektronik Model C Gen3 #2965,391,517,246,4.8
Elektronik Model C Sort #2966,67,492,177,6.7
Elektronik Model C Hvid #2967,291,1332,395,5.9
Elektronik Model C Blå #2968,273,559,259,7.5
Elektronik Model C Rød #2969,399,1474,405,6.9
Elektronik Model C Grøn #2970,356,895,191,4.9
Elektronik Model C Grå #2971,294,1266,273,4.8
Elektronik Type 1 Pro #2972,429,1413,445,3.7
Elektronik Type 1 Plus #2973,486,764,339,6.8
Elektronik Type 1 Premium #2974,402,1111,412,5.4
Elektronik Type 1 Standard #2975,242,442,339,6.0
Elektronik Type 1 Basic #2976,69,1381,361,4.4
Elektronik Type 1 Deluxe #2977,297,358,343,4.0
Elektronik Type 1 Ultra #2978,381,1147,456,6.9
Elektronik Type 1 Max #2979,397,1186,232,4.2
Elektronik Type 1 Compact #2980,392,1158,340,6.7
Elektronik Type 1 Mini #2981,408,477,327,5.0
Elektronik Type 1 XL #2982,254,696,347,6.9
Elektronik Type 1 S #2983,437,1364,293,6.5
Elektronik Type 1 M #2984,168,1198,316,5.1
Elektronik Type 1 L #2985,306,298,113,5.0
Elektronik Type 1 XL #2986,248,1103,452,4.8
Elektronik Type 1 XXL #2987,333,713,364,3.9
Elektronik Type 1 V1 #2988,258,374,311,6.3
Elektronik Type 1 V2 #2989,436,601,290,6.7
Elektronik Type 1 V3 #2990,233,709,220,4.1
Elektronik Type 1 MK2 #2991,210,1129,420,5.6
Elektronik Type 1 MK3 #2992,336,1381,392,6.5
Elektronik Type 1 Gen2 #2993,355,1198,256,7.1
Elektronik Type 1 Gen3 #2994,89,1153,390,5.1
Elektronik Type 1 Sort #2995,403,602,247,5.9
Elektronik Type 1 Hvid #2996,422,664,364,6.9
Elektronik Type 1 Blå #2997,387,497,129,5.1
Elektronik Type 1 Rød #2998,456,934,346,5.9
Elektronik Type 1 Grøn #2999,311,893,300,5.1
Kontorartikler Model A Pro #1000,1888,69,205,7.3
Kontorartikler Model A Plus #1001,953,51,204,6.6
Kontorartikler Model A Premium #1002,1638,94,82,5.3
Kontorartikler Model A Standard #1003,752,77,302,5.4
Kontorartikler Model A Basic #1004,1073,112,257,5.2
Kontorartikler Model A Deluxe #1005,3120,130,282,6.3
Kontorartikler Model A Ultra #1006,1536,44,58,5.1
Kontorartikler Model A Max #1007,1580,112,277,4.0
Kontorartikler Model A Compact #1008,2190,74,96,6.0
Kontorartikler Model A Mini #1009,1325,110,306,4.2
Kontorartikler Model A XL #1010,1000,99,223,3.6
Kontorartikler Model A S #1011,2563,75,186,5.2
Kontorartikler Model A M #1012,3577,113,100,7.1
Kontorartikler Model A L #1013,3037,75,300,6.0
Kontorartikler Model A XL #1014,1766,54,267,4.1
Kontorartikler Model A XXL #1015,762,139,200,6.1
Kontorartikler Model A V1 #1016,2290,31,239,6.7
Kontorartikler Model A V2 #1017,1532,96,211,7.3
Kontorartikler Model A V3 #1018,2046,131,160,3.7
Kontorartikler Model A MK2 #1019,2658,104,106,7.1
Kontorartikler Model A MK3 #1020,3277,145,316,5.4
Kontorartikler Model A Gen2 #1021,3343,129,277,5.7
Kontorartikler Model A Gen3 #1022,2894,105,134,6.6
Kontorartikler Model A Sort #1023,3495,94,165,6.4
Kontorartikler Model A Hvid #1024,1934,66,202,5.6
Kontorartikler Model A Blå #1025,2132,72,134,6.7
Kontorartikler Model A Rød #1026,1974,79,204,6.4
Kontorartikler Model A Grøn #1027,1207,74,160,4.7
Kontorartikler Model A Grå #1028,455,67,201,3.8
Kontorartikler Model B Pro #1029,2384,110,164,6.0
Kontorartikler Model B Plus #1030,1525,49,239,4.4
Kontorartikler Model B Premium #1031,2689,102,212,5.0
Kontorartikler Model B Standard #1032,3071,31,275,4.1
Kontorartikler Model B Basic #1033,663,58,65,4.7
Kontorartikler Model B Deluxe #1034,2096,76,94,4.7
Kontorartikler Model B Ultra #1035,3560,111,75,6.1
Kontorartikler Model B Max #1036,3742,77,264,5.5
Kontorartikler Model B Compact #1037,2346,51,140,4.3
Kontorartikler Model B Mini #1038,520,63,297,6.8
Kontorartikler Model B XL #1039,2866,106,187,5.7
Kontorartikler Model B S #1040,2592,135,190,6.9
Kontorartikler Model B M #1041,1131,88,77,4.2
Kontorartikler Model B L #1042,2523,52,117,7.2
Kontorartikler Model B XL #1043,3050,80,288,5.4
Kontorartikler Model B XXL #1044,3639,58,301,3.8
Kontorartikler Model B V1 #1045,1159,84,203,3.5
Kontorartikler Model B V2 #1046,1508,140,200,3.8
Kontorartikler Model B V3 #1047,2647,51,281,6.6
Kontorartikler Model B MK2 #1048,3072,116,118,5.2
Kontorartikler Model B MK3 #1049,1304,136,115,5.9
Kontorartikler Model B Gen2 #1050,3630,33,117,5.2
Kontorartikler Model B Gen3 #1051,1177,91,306,3.9
Kontorartikler Model B Sort #1052,3662,44,240,6.8
Kontorartikler Model B Hvid #1053,1173,34,100,5.9
Kontorartikler Model B Blå #1054,1452,134,254,6.0
Kontorartikler Model B Rød #1055,1305,38,116,6.5
Kontorartikler Model B Grøn #1056,3400,122,193,6.7
Kontorartikler Model B Grå #1057,2087,98,160,5.8
Kontorartikler Model C Pro #1058,3345,81,194,5.1
Kontorartikler Model C Plus #1059,2746,62,174,3.6
Kontorartikler Model C Premium #1060,3507,140,197,5.0
Kontorartikler Model C Standard #1061,785,57,304,4.5
Kontorartikler Model C Basic #1062,970,75,251,6.6
Kontorartikler Model C Deluxe #1063,2607,45,175,4.2
Kontorartikler Model C Ultra #1064,3533,149,247,5.7
Kontorartikler Model C Max #1065,1810,70,188,3.9
Kontorartikler Model C Compact #1066,1869,132,167,3.5
Kontorartikler Model C Mini #1067,569,34,176,7.0
Kontorartikler Model C XL #1068,2203,124,109,7.0
Kontorartikler Model C S #1069,2297,126,232,6.0
Kontorartikler Model C M #1070,3130,76,226,3.8
Kontorartikler Model C L #1071,1288,146,248,5.1
Kontorartikler Model C XL #1072,2043,133,136,4.8
Kontorartikler Model C XXL #1073,3712,55,180,7.4
Kontorartikler Model C V1 #1074,1368,142,99,6.1
Kontorartikler Model C V2 #1075,1047,39,172,5.2
Kontorartikler Model C V3 #1076,2240,123,123,6.9
Kontorartikler Model C MK2 #1077,1688,117,110,5.8
Kontorartikler Model C MK3 #1078,3452,114,256,4.5
Kontorartikler Model C Gen2 #1079,2588,66,128,6.5
Kontorartikler Model C Gen3 #1080,3600,44,229,4.9
Kontorartikler Model C Sort #1081,3539,45,290,4.1
Kontorartikler Model C Hvid #1082,1269,76,283,7.5
Kontorartikler Model C Blå #1083,1078,52,191,4.8
Kontorartikler Model C Rød #1084,3410,85,300,7.2
Kontorartikler Model C Grøn #1085,515,120,238,6.4
Kontorartikler Model C Grå #1086,3038,71,293,6.5
Kontorartikler Type 1 Pro #1087,1966,60,80,6.2
Kontorartikler Type 1 Plus #1088,2380,84,263,6.8
Kontorartikler Type 1 Premium #1089,3518,35,137,5.0
Kontorartikler Type 1 Standard #1090,1431,62,187,7.0
Kontorartikler Type 1 Basic #1091,1171,29,98,6.6
Kontorartikler Type 1 Deluxe #1092,3738,88,238,3.6
Kontorartikler Type 1 Ultra #1093,896,104,295,4.3
Kontorartikler Type 1 Max #1094,1700,27,115,5.8
Kontorartikler Type 1 Compact #1095,2742,55,159,7.0
Kontorartikler Type 1 Mini #1096,2283,68,247,6.0
Kontorartikler Type 1 XL #1097,3409,72,129,3.8
Kontorartikler Type 1 S #1098,729,100,282,4.6
Kontorartikler Type 1 M #1099,2632,60,211,7.2
Kontorartikler Type 1 L #1100,1741,53,147,5.7
Kontorartikler Type 1 XL #1101,2329,109,101,4.2
Kontorartikler Type 1 XXL #1102,1784,31,193,5.3
Kontorartikler Type 1 V1 #1103,1435,84,122,4.3
Kontorartikler Type 1 V2 #1104,1335,87,84,4.2
Kontorartikler Type 1 V3 #1105,3442,81,194,3.5
Kontorartikler Type 1 MK2 #1106,2872,143,301,4.8
Kontorartikler Type 1 MK3 #1107,2837,41,123,6.4
Kontorartikler Type 1 Gen2 #1108,2369,72,162,4.1
Kontorartikler Type 1 Gen3 #1109,2785,55,281,4.7
Kontorartikler Type 1 Sort #1110,2901,134,255,7.4
Kontorartikler Type 1 Hvid #1111,2317,95,105,5.2
Kontorartikler Type 1 Blå #1112,1790,112,125,7.5
Kontorartikler Type 1 Rød #1113,1167,69,298,5.3
Kontorartikler Type 1 Grøn #1114,2166,60,278,3.8
Kontorartikler Type 1 Grå #1115,468,96,154,6.0
Kontorartikler Type 2 Pro #1116,2001,128,182,7.4
Kontorartikler Type 2 Plus #1117,760,100,165,4.4
Kontorartikler Type 2 Premium #1118,2556,146,96,7.1
Kontorartikler Type 2 Standard #1119,921,124,318,7.4
Kontorartikler Type 2 Basic #1120,2196,64,182,4.0
Kontorartikler Type 2 Deluxe #1121,2740,76,296,5.8
Kontorartikler Type 2 Ultra #1122,1046,116,99,5.3
Kontorartikler Type 2 Max #1123,2725,70,250,4.5
Kontorartikler Type 2 Compact #1124,3139,71,71,4.1
Kontorartikler Type 2 Mini #1125,3537,124,319,4.6
Kontorartikler Type 2 XL #1126,1193,54,306,5.9
Kontorartikler Type 2 S #1127,3544,133,306,6.3
Kontorartikler Type 2 M #1128,2810,65,85,7.1
Kontorartikler Type 2 L #1129,991,81,65,6.0
Kontorartikler Type 2 XL #1130,664,51,208,5.6
Kontorartikler Type 2 XXL #1131,2540,144,198,5.8
Kontorartikler Type 2 V1 #1132,1902,108,146,7.1
Kontorartikler Type 2 V2 #1133,2328,121,105,3.9
Kontorartikler Type 2 V3 #1134,3184,107,239,4.5
Kontorartikler Type 2 MK2 #1135,1276,90,262,3.8
Kontorartikler Type 2 MK3 #1136,2970,81,76,5.2
Kontorartikler Type 2 Gen2 #1137,2344,143,172,6.5
Kontorartikler Type 2 Gen3 #1138,2723,36,101,5.4
Kontorartikler Type 2 Sort #1139,960,141,200,6.6
Kontorartikler Type 2 Hvid #1140,3375,63,189,4.0
Kontorartikler Type 2 Blå #1141,1249,73,149,5.0
Kontorartikler Type 2 Rød #1142,2608,91,262,6.2
Kontorartikler Type 2 Grøn #1143,2755,146,314,7.3
Kontorartikler Type 2 Grå #1144,2876,48,134,5.0
Kontorartikler Serie 100 Pro #1145,1647,112,76,7.5
Kontorartikler Serie 100 Plus #1146,2226,38,209,6.4
Kontorartikler Serie 100 Premium #1147,1701,105,222,5.7
Kontorartikler Serie 100 Standard #1148,652,110,174,5.7
Kontorartikler Serie 100 Basic #1149,1173,137,134,4.3
Kontorartikler Serie 100 Deluxe #1150,3093,50,78,3.7
Kontorartikler Serie 100 Ultra #1151,1145,41,91,6.7
Kontorartikler Serie 100 Max #1152,1161,55,207,7.0
Kontorartikler Serie 100 Compact #1153,2317,91,82,3.6
Kontorartikler Serie 100 Mini #1154,2200,99,82,4.9
Kontorartikler Serie 100 XL #1155,2346,45,213,3.8
Kontorartikler Serie 100 S #1156,3711,94,202,4.6
Kontorartikler Serie 100 M #1157,2980,136,246,5.4
Kontorartikler Serie 100 L #1158,459,106,214,7.0
Kontorartikler Serie 100 XL #1159,891,36,290,4.4
Kontorartikler Serie 100 XXL #1160,1550,148,321,4.7
Kontorartikler Serie 100 V1 #1161,3736,44,186,3.8
Kontorartikler Serie 100 V2 #1162,2432,86,212,5.8
Kontorartikler Serie 100 V3 #1163,3553,64,209,5.1
Kontorartikler Serie 100 MK2 #1164,2071,98,81,4.9
Kontorartikler Serie 100 MK3 #1165,2525,121,125,4.6
Kontorartikler Serie 100 Gen2 #1166,2382,109,92,4.2
Kontorartikler Serie 100 Gen3 #1167,1371,78,224,5.7
Kontorartikler Serie 100 Sort #1168,944,122,295,5.6
Kontorartikler Serie 100 Hvid #1169,2497,28,64,5.0
Kontorartikler Serie 100 Blå #1170,3167,128,162,6.9
Kontorartikler Serie 100 Rød #1171,2332,46,171,6.6
Kontorartikler Serie 100 Grøn #1172,499,135,154,5.7
Kontorartikler Serie 100 Grå #1173,2208,64,112,5.4
Kontorartikler Serie 200 Pro #1174,3102,34,195,7.1
Kontorartikler Serie 200 Plus #1175,789,42,125,4.0
Kontorartikler Serie 200 Premium #1176,3057,145,76,6.8
Kontorartikler Serie 200 Standard #1177,2050,107,283,4.5
Kontorartikler Serie 200 Basic #1178,2268,134,301,7.1
Kontorartikler Serie 200 Deluxe #1179,2185,112,310,5.2
Kontorartikler Serie 200 Ultra #1180,854,30,136,4.9
Kontorartikler Serie 200 Max #1181,2420,118,131,6.9
Kontorartikler Serie 200 Compact #1182,3164,38,80,5.3
Kontorartikler Serie 200 Mini #1183,3072,72,192,5.4
Kontorartikler Serie 200 XL #1184,2677,27,155,7.0
Kontorartikler Serie 200 S #1185,3131,108,115,6.0
Kontorartikler Serie 200 M #1186,2029,34,274,6.0
Kontorartikler Serie 200 L #1187,502,96,99,7.1
Kontorartikler Serie 200 XL #1188,3723,114,182,6.0
Kontorartikler Serie 200 XXL #1189,845,116,206,6.0
Kontorartikler Serie 200 V1 #1190,2089,108,299,5.8
Kontorartikler Serie 200 V2 #1191,1192,36,133,6.6
Kontorartikler Serie 200 V3 #1192,1169,142,178,4.5
Kontorartikler Serie 200 MK2 #1193,3074,102,200,4.4
Kontorartikler Serie 200 MK3 #1194,1970,136,156,6.6
Kontorartikler Serie 200 Gen2 #1195,2308,97,104,4.9
Kontorartikler Serie 200 Gen3 #1196,1160,85,261,5.9
Kontorartikler Serie 200 Sort #1197,2498,139,160,6.2
Kontorartikler Serie 200 Hvid #1198,2793,28,59,5.9
Kontorartikler Serie 200 Blå #1199,3173,87,154,4.2
Kontorartikler Serie 200 Rød #1200,2800,99,156,5.4
Kontorartikler Serie 200 Grøn #1201,2778,62,81,6.9
Kontorartikler Serie 200 Grå #1202,3440,56,152,6.9
Kontorartikler Edition Pro #1203,3472,110,316,7.2
Kontorartikler Edition Plus #1204,2605,142,147,5.2
Kontorartikler Edition Premium #1205,502,103,130,5.7
Kontorartikler Edition Standard #1206,2690,64,142,6.2
Kontorartikler Edition Basic #1207,751,105,281,7.4
Kontorartikler Edition Deluxe #1208,2100,44,57,4.6
Kontorartikler Edition Ultra #1209,2152,119,253,5.0
Kontorartikler Edition Max #1210,2353,126,243,5.3
Kontorartikler Edition Compact #1211,3252,77,89,6.7
Kontorartikler Edition Mini #1212,2839,45,120,6.2
Kontorartikler Edition XL #1213,1139,126,195,3.8
Kontorartikler Edition S #1214,1168,54,71,4.7
Kontorartikler Edition M #1215,3009,90,240,7.4
Kontorartikler Edition L #1216,2618,34,193,4.1
Kontorartikler Edition XL #1217,3095,96,218,7.5
Kontorartikler Edition XXL #1218,1818,123,249,4.0
Kontorartikler Edition V1 #1219,3666,42,97,6.4
Kontorartikler Edition V2 #1220,3301,77,71,4.9
Kontorartikler Edition V3 #1221,811,46,260,3.8
Kontorartikler Edition MK2 #1222,1247,39,84,5.9
Kontorartikler Edition MK3 #1223,574,115,262,6.6
Kontorartikler Edition Gen2 #1224,3569,48,81,6.2
Kontorartikler Edition Gen3 #1225,1271,27,259,6.0
Kontorartikler Edition Sort #1226,1515,125,202,5.3
Kontorartikler Edition Hvid #1227,840,129,121,4.0
Kontorartikler Edition Blå #1228,2844,88,201,7.3
Kontorartikler Edition Rød #1229,546,116,176,4.3
Kontorartikler Edition Grøn #1230,2024,149,258,5.3
Kontorartikler Edition Grå #1231,3016,134,141,6.8
Kontorartikler Classic Pro #1232,1208,94,68,6.5
Kontorartikler Classic Plus #1233,3530,91,134,5.5
Kontorartikler Classic Premium #1234,3482,107,290,6.5
Kontorartikler Classic Standard #1235,2893,122,136,7.2
Kontorartikler Classic Basic #1236,1526,40,275,5.8
Kontorartikler Classic Deluxe #1237,989,141,159,6.3
Kontorartikler Classic Ultra #1238,920,33,225,4.1
Kontorartikler Classic Max #1239,2516,42,94,4.4
Kontorartikler Classic Compact #1240,2617,88,305,5.3
Kontorartikler Classic Mini #1241,1770,26,204,5.5
Kontorartikler Classic XL #1242,2824,140,123,3.6
Kontorartikler Classic S #1243,1330,32,66,5.2
Kontorartikler Classic M #1244,888,41,57,4.8
Kontorartikler Classic L #1245,2382,72,275,7.2
Kontorartikler Classic XL #1246,1008,109,94,6.3
Kontorartikler Classic XXL #1247,700,46,226,5.4
Kontorartikler Classic V1 #1248,2693,124,283,7.4
Kontorartikler Classic V2 #1249,3301,106,200,5.7
Kontorartikler Classic V3 #1250,636,89,71,7.2
Kontorartikler Classic MK2 #1251,2556,40,259,7.0
Kontorartikler Classic MK3 #1252,828,102,178,4.5
Kontorartikler Classic Gen2 #1253,3338,90,76,7.0
Kontorartikler Classic Gen3 #1254,2680,125,255,4.1
Kontorartikler Classic Sort #1255,945,40,115,4.8
Kontorartikler Classic Hvid #1256,876,124,155,6.4
Kontorartikler Classic Blå #1257,1147,114,95,5.3
Kontorartikler Classic Rød #1258,2427,129,84,5.5
Kontorartikler Classic Grøn #1259,1249,137,132,5.1
Kontorartikler Classic Grå #1260,808,47,232,5.7
Kontorartikler Modern Pro #1261,699,116,134,3.9
Kontorartikler Modern Plus #1262,1998,105,75,5.2
Kontorartikler Modern Premium #1263,3323,94,119,5.6
Kontorartikler Modern Standard #1264,2103,108,90,5.9
Kontorartikler Modern Basic #1265,480,104,106,7.5
Kontorartikler Modern Deluxe #1266,2892,76,161,5.2
Kontorartikler Modern Ultra #1267,3382,29,105,7.4
Kontorartikler Modern Max #1268,3171,52,172,5.1
Kontorartikler Modern Compact #1269,632,138,88,4.1
Kontorartikler Modern Mini #1270,2985,109,117,4.0
Kontorartikler Modern XL #1271,2907,109,257,6.3
Kontorartikler Modern S #1272,1885,139,72,4.9
Kontorartikler Modern M #1273,1408,31,116,3.7
Kontorartikler Modern L #1274,2321,81,259,4.5
Kontorartikler Modern XL #1275,1162,104,263,5.2
Kontorartikler Modern XXL #1276,3333,61,76,3.6
Kontorartikler Modern V1 #1277,534,78,226,6.2
Kontorartikler Modern V2 #1278,1850,148,191,7.4
Kontorartikler Modern V3 #1279,1307,50,244,6.3
Kontorartikler Modern MK2 #1280,2250,68,284,4.9
Kontorartikler Modern MK3 #1281,2665,95,267,5.6
Kontorartikler Modern Gen2 #1282,2597,142,71,6.2
Kontorartikler Modern Gen3 #1283,1306,62,225,5.0
Kontorartikler Modern Sort #1284,938,52,142,7.0
Kontorartikler Modern Hvid #1285,3109,45,63,6.0
Kontorartikler Modern Blå #1286,2740,71,158,5.0
Kontorartikler Modern Rød #1287,1316,140,280,3.8
Kontorartikler Modern Grøn #1288,2845,84,95,5.2
Kontorartikler Modern Grå #1289,2456,100,101,5.0
Kontorartikler Industri Pro #1290,474,34,273,4.3
Kontorartikler Industri Plus #1291,1907,144,113,5.9
Kontorartikler Industri Premium #1292,655,117,230,6.2
Kontorartikler Industri Standard #1293,787,94,191,3.9
Kontorartikler Industri Basic #1294,1623,49,138,7.1
Kontorartikler Industri Deluxe #1295,1623,130,136,4.2
Kontorartikler Industri Ultra #1296,614,113,289,6.8
Kontorartikler Industri Max #1297,1849,150,202,6.9
Kontorartikler Industri Compact #1298,2675,120,166,3.9
Kontorartikler Industri Mini #1299,1123,35,259,5.8
Kontorartikler Industri XL #1300,1003,54,71,4.9
Kontorartikler Industri S #1301,2164,42,218,7.5
Kontorartikler Industri M #1302,713,142,244,6.1
Kontorartikler Industri L #1303,3461,116,164,6.0
Kontorartikler Industri XL #1304,2081,106,201,4.2
Kontorartikler Industri XXL #1305,1410,84,137,5.7
Kontorartikler Industri V1 #1306,2849,130,264,7.2
Kontorartikler Industri V2 #1307,2743,141,272,4.9
Kontorartikler Industri V3 #1308,2836,142,129,6.9
Kontorartikler Industri MK2 #1309,1522,61,303,6.9
Kontorartikler Industri MK3 #1310,3719,143,100,5.9
Kontorartikler Industri Gen2 #1311,3298,108,131,6.8
Kontorartikler Industri Gen3 #1312,2518,142,272,7.4
Kontorartikler Industri Sort #1313,862,30,162,4.1
Kontorartikler Industri Hvid #1314,2854,88,189,5.3
Kontorartikler Industri Blå #1315,2979,75,171,6.5
Kontorartikler Industri Rød #1316,1189,107,175,7.5
Kontorartikler Industri Grøn #1317,2484,134,272,7.0
Kontorartikler Industri Grå #1318,2634,101,135,7.2
Kontorartikler Professionel Pro #1319,1574,124,201,3.7
Kontorartikler Professionel Plus #1320,2419,74,274,4.8
Kontorartikler Professionel Premium #1321,941,69,289,5.7
Kontorartikler Professionel Standard #1322,3083,137,239,5.9
Kontorartikler Professionel Basic #1323,1465,126,161,4.1
Kontorartikler Professionel Deluxe #1324,1481,51,86,5.8
Kontorartikler Professionel Ultra #1325,3402,149,186,3.9
Kontorartikler Professionel Max #1326,2654,46,250,4.4
Kontorartikler Professionel Compact #1327,3568,59,142,4.2
Kontorartikler Professionel Mini #1328,770,129,290,7.4
Kontorartikler Professionel XL #1329,1066,131,91,7.2
Kontorartikler Professionel S #1330,3327,49,242,3.5
Kontorartikler Professionel M #1331,468,69,219,4.7
Kontorartikler Professionel L #1332,1799,75,259,7.1
Kontorartikler Professionel XL #1333,1131,89,223,4.4
Kontorartikler Professionel XXL #1334,2462,43,203,4.6
Kontorartikler Professionel V1 #1335,853,127,125,3.8
Kontorartikler Professionel V2 #1336,3150,142,80,4.1
Kontorartikler Professionel V3 #1337,503,110,286,5.0
Kontorartikler Professionel MK2 #1338,3193,97,220,4.0
Kontorartikler Professionel MK3 #1339,657,116,192,5.4
Kontorartikler Professionel Gen2 #1340,2478,114,70,3.7
Kontorartikler Professionel Gen3 #1341,1592,40,96,6.0
Kontorartikler Professionel Sort #1342,1247,81,290,3.7
Kontorartikler Professionel Hvid #1343,1708,105,303,4.2
Kontorartikler Professionel Blå #1344,472,133,216,3.6
Kontorartikler Professionel Rød #1345,1835,72,276,6.6
Kontorartikler Professionel Grøn #1346,514,80,124,6.8
Kontorartikler Professionel Grå #1347,737,139,157,5.9
Kontorartikler Commercial Pro #1348,1688,52,229,5.1
Kontorartikler Commercial Plus #1349,702,34,282,7.1
Kontorartikler Commercial Premium #1350,1546,47,118,5.6
Kontorartikler Commercial Standard #1351,2846,84,221,6.3
Kontorartikler Commercial Basic #1352,924,36,251,4.4
Kontorartikler Commercial Deluxe #1353,2634,107,77,3.7
Kontorartikler Commercial Ultra #1354,2679,40,112,6.4
Kontorartikler Commercial Max #1355,2977,131,71,5.9
Kontorartikler Commercial Compact #1356,2278,80,282,5.8
Kontorartikler Commercial Mini #1357,1546,45,304,4.4
Kontorartikler Commercial XL #1358,3326,138,232,4.7
Kontorartikler Commercial S #1359,2109,137,192,6.0
Kontorartikler Commercial M #1360,3701,78,143,3.8
Kontorartikler Commercial L #1361,3021,29,278,4.9
Kontorartikler Commercial XL #1362,2196,93,122,4.8
Kontorartikler Commercial XXL #1363,1970,83,185,7.0
Kontorartikler Commercial V1 #1364,1201,103,215,4.0
Kontorartikler Commercial V2 #1365,1352,129,223,6.4
Kontorartikler Commercial V3 #1366,1287,74,301,7.4
Kontorartikler Commercial MK2 #1367,2670,91,159,4.8
Kontorartikler Commercial MK3 #1368,1492,78,206,7.1
Kontorartikler Commercial Gen2 #1369,2811,26,248,4.0
Kontorartikler Commercial Gen3 #1370,1987,137,239,6.7
Kontorartikler Commercial Sort #1371,3383,42,127,5.5
Kontorartikler Commercial Hvid #1372,971,140,269,4.6
Kontorartikler Commercial Blå #1373,2846,116,103,3.7
Kontorartikler Commercial Rød #1374,1713,137,204,4.3
Kontorartikler Commercial Grøn #1375,3015,63,66,4.0
Kontorartikler Commercial Grå #1376,2099,45,236,4.0
Kontorartikler Model A Pro #1377,2753,117,83,4.2
Kontorartikler Model A Plus #1378,919,78,170,6.3
Kontorartikler Model A Premium #1379,2121,89,173,6.3
Kontorartikler Model A Standard #1380,2715,150,84,7.3
Kontorartikler Model A Basic #1381,3174,32,71,3.7
Kontorartikler Model A Deluxe #1382,1971,67,189,6.5
Kontorartikler Model A Ultra #1383,756,73,99,4.0
Kontorartikler Model A Max #1384,3346,41,269,6.2
Kontorartikler Model A Compact #1385,506,27,148,5.2
Kontorartikler Model A Mini #1386,1257,113,84,5.7
Kontorartikler Model A XL #1387,3312,43,76,5.5
Kontorartikler Model A S #1388,3026,95,123,7.5
Kontorartikler Model A M #1389,3636,55,227,4.9
Kontorartikler Model A L #1390,2373,53,288,7.4
Kontorartikler Model A XL #1391,3005,114,272,4.9
Kontorartikler Model A XXL #1392,2350,97,74,4.1
Kontorartikler Model A V1 #1393,1927,28,102,6.0
Kontorartikler Model A V2 #1394,2272,32,202,7.1
Kontorartikler Model A V3 #1395,1621,112,290,4.3
Kontorartikler Model A MK2 #1396,2876,73,276,6.0
Kontorartikler Model A MK3 #1397,1168,133,217,6.7
Kontorartikler Model A Gen2 #1398,2792,64,215,7.3
Kontorartikler Model A Gen3 #1399,1211,82,309,4.0
Kontorartikler Model A Sort #1400,2430,92,301,6.9
Kontorartikler Model A Hvid #1401,2818,48,187,6.3
Kontorartikler Model A Blå #1402,3057,146,226,4.6
Kontorartikler Model A Rød #1403,668,139,227,7.3
Kontorartikler Model A Grøn #1404,2334,50,70,5.1
Kontorartikler Model A Grå #1405,601,41,95,5.8
Kontorartikler Model B Pro #1406,1476,52,283,6.9
Kontorartikler Model B Plus #1407,3013,60,69,6.9
Kontorartikler Model B Premium #1408,2099,95,109,4.9
Kontorartikler Model B Standard #1409,772,43,292,6.7
Kontorartikler Model B Basic #1410,3128,71,127,7.4
Kontorartikler Model B Deluxe #1411,3485,79,303,6.5
Kontorartikler Model B Ultra #1412,1492,78,282,4.6
Kontorartikler Model B Max #1413,945,120,179,6.6
Kontorartikler Model B Compact #1414,901,75,101,3.8
Kontorartikler Model B Mini #1415,2424,145,294,7.3
Kontorartikler Model B XL #1416,1926,91,160,3.6
Kontorartikler Model B S #1417,1164,52,230,3.9
Kontorartikler Model B M #1418,2234,150,290,6.9
Kontorartikler Model B L #1419,1004,50,60,5.8
Kontorartikler Model B XL #1420,2807,29,221,4.8
Kontorartikler Model B XXL #1421,3316,62,116,3.7
Kontorartikler Model B V1 #1422,3249,79,121,4.3
Kontorartikler Model B V2 #1423,1724,138,119,6.8
Kontorartikler Model B V3 #1424,1740,121,262,5.3
Kontorartikler Model B MK2 #1425,2661,142,272,4.5
Kontorartikler Model B MK3 #1426,2804,148,277,7.3
Kontorartikler Model B Gen2 #1427,2430,96,209,5.8
Kontorartikler Model B Gen3 #1428,3160,99,250,4.9
Kontorartikler Model B Sort #1429,954,33,127,6.5
Kontorartikler Model B Hvid #1430,1513,27,279,4.5
Kontorartikler Model B Blå #1431,658,62,279,4.2
Kontorartikler Model B Rød #1432,3411,101,207,6.1
Kontorartikler Model B Grøn #1433,3253,75,139,3.9
Kontorartikler Model B Grå #1434,2968,27,231,5.7
Kontorartikler Model C Pro #1435,556,73,240,3.6
Kontorartikler Model C Plus #1436,2498,80,125,7.3
Kontorartikler Model C Premium #1437,582,138,161,5.0
Kontorartikler Model C Standard #1438,2441,76,303,5.3
Kontorartikler Model C Basic #1439,1595,75,115,6.5
Kontorartikler Model C Deluxe #1440,568,98,176,4.2
Kontorartikler Model C Ultra #1441,3536,81,283,3.9
Kontorartikler Model C Max #1442,1303,69,264,6.5
Kontorartikler Model C Compact #1443,2597,92,125,4.1
Kontorartikler Model C Mini #1444,2551,84,240,3.7
Kontorartikler Model C XL #1445,1215,104,152,4.7
Kontorartikler Model C S #1446,1789,78,113,6.5
Kontorartikler Model C M #1447,1893,93,195,5.3
Kontorartikler Model C L #1448,3128,32,63,4.4
Kontorartikler Model C XL #1449,2940,31,173,5.8
Kontorartikler Model C XXL #1450,3657,129,190,4.3
Kontorartikler Model C V1 #1451,719,132,111,6.7
Kontorartikler Model C V2 #1452,753,94,130,5.7
Kontorartikler Model C V3 #1453,2895,129,243,7.2
Kontorartikler Model C MK2 #1454,2290,96,275,4.1
Kontorartikler Model C MK3 #1455,2766,51,209,4.5
Kontorartikler Model C Gen2 #1456,1196,137,216,4.1
Kontorartikler Model C Gen3 #1457,3197,119,133,7.1
Kontorartikler Model C Sort #1458,1705,52,241,3.7
Kontorartikler Model C Hvid #1459,2422,139,136,6.6
Kontorartikler Model C Blå #1460,981,124,192,6.6
Kontorartikler Model C Rød #1461,1821,73,63,7.1
Kontorartikler Model C Grøn #1462,2113,103,247,6.0
Kontorartikler Model C Grå #1463,2445,74,87,6.6
Kontorartikler Type 1 Pro #1464,3594,126,311,6.7
Kontorartikler Type 1 Plus #1465,3221,136,243,5.2
Kontorartikler Type 1 Premium #1466,2682,137,271,5.1
Kontorartikler Type 1 Standard #1467,3110,68,241,6.4
Kontorartikler Type 1 Basic #1468,1844,55,131,3.6
Kontorartikler Type 1 Deluxe #1469,3230,116,80,5.4
Kontorartikler Type 1 Ultra #1470,697,93,294,5.5
Kontorartikler Type 1 Max #1471,749,40,105,4.2
Kontorartikler Type 1 Compact #1472,3339,47,169,7.5
Kontorartikler Type 1 Mini #1473,3064,48,71,6.3
Kontorartikler Type 1 XL #1474,3190,36,175,4.6
Kontorartikler Type 1 S #1475,2155,100,286,6.3
Kontorartikler Type 1 M #1476,1312,54,299,4.7
Kontorartikler Type 1 L #1477,3733,50,280,5.9
Kontorartikler Type 1 XL #1478,1715,47,275,6.4
Kontorartikler Type 1 XXL #1479,1281,61,158,5.5
Kontorartikler Type 1 V1 #1480,2800,119,250,5.7
Kontorartikler Type 1 V2 #1481,2136,49,158,5.6
Kontorartikler Type 1 V3 #1482,3578,51,262,3.8
Kontorartikler Type 1 MK2 #1483,1845,120,285,4.2
Kontorartikler Type 1 MK3 #1484,3469,73,192,6.6
Kontorartikler Type 1 Gen2 #1485,692,70,244,5.6
Kontorartikler Type 1 Gen3 #1486,2178,91,264,5.5
Kontorartikler Type 1 Sort #1487,736,95,76,4.5
Kontorartikler Type 1 Hvid #1488,1732,105,134,6.5
Kontorartikler Type 1 Blå #1489,3347,90,198,6.3
Kontorartikler Type 1 Rød #1490,1724,115,105,4.7
Kontorartikler Type 1 Grøn #1491,2560,80,247,6.4
Kontorartikler Type 1 Grå #1492,2826,110,240,3.9
Kontorartikler Type 2 Pro #1493,2798,77,157,5.5
Kontorartikler Type 2 Plus #1494,2034,105,155,6.4
Kontorartikler Type 2 Premium #1495,3678,32,252,4.3
Kontorartikler Type 2 Standard #1496,1815,26,189,5.3
Kontorartikler Type 2 Basic #1497,2273,51,81,6.7
Kontorartikler Type 2 Deluxe #1498,2536,57,275,5.6
Kontorartikler Type 2 Ultra #1499,1119,67,163,3.7
Kontorartikler Type 2 Max #1500,2862,134,316,4.1
Kontorartikler Type 2 Compact #1501,1602,77,121,4.0
Kontorartikler Type 2 Mini #1502,2236,99,189,6.9
Kontorartikler Type 2 XL #1503,593,47,259,6.2
Kontorartikler Type 2 S #1504,898,31,100,6.8
Kontorartikler Type 2 M #1505,3108,138,238,4.6
Kontorartikler Type 2 L #1506,1489,38,175,5.5
Kontorartikler Type 2 XL #1507,806,39,220,7.2
Kontorartikler Type 2 XXL #1508,3122,35,73,3.6
Kontorartikler Type 2 V1 #1509,892,43,257,7.0
Kontorartikler Type 2 V2 #1510,2200,133,168,5.3
Kontorartikler Type 2 V3 #1511,2149,33,109,6.4
Kontorartikler Type 2 MK2 #1512,1846,26,162,7.1
Kontorartikler Type 2 MK3 #1513,2112,104,297,6.3
Kontorartikler Type 2 Gen2 #1514,1000,102,212,4.4
Kontorartikler Type 2 Gen3 #1515,1978,35,208,7.4
Kontorartikler Type 2 Sort #1516,912,55,60,5.7
Kontorartikler Type 2 Hvid #1517,3604,41,68,4.0
Kontorartikler Type 2 Blå #1518,1035,31,214,6.3
Kontorartikler Type 2 Rød #1519,967,149,89,6.5
Kontorartikler Type 2 Grøn #1520,519,129,86,4.5
Kontorartikler Type 2 Grå #1521,3547,136,80,3.8
Kontorartikler Serie 100 Pro #1522,2102,93,191,5.5
Kontorartikler Serie 100 Plus #1523,1439,63,216,3.6
Kontorartikler Serie 100 Premium #1524,1212,51,243,4.0
Kontorartikler Serie 100 Standard #1525,3442,117,199,6.9
Kontorartikler Serie 100 Basic #1526,1376,44,187,7.3
Kontorartikler Serie 100 Deluxe #1527,795,72,192,6.7
Kontorartikler Serie 100 Ultra #1528,998,40,226,6.5
Kontorartikler Serie 100 Max #1529,3699,121,97,5.0
Kontorartikler Serie 100 Compact #1530,1859,69,261,6.9
Kontorartikler Serie 100 Mini #1531,958,134,268,4.6
Kontorartikler Serie 100 XL #1532,3222,88,128,4.8
Kontorartikler Serie 100 S #1533,1659,46,140,6.1
Kontorartikler Serie 100 M #1534,2528,113,194,6.5
Kontorartikler Serie 100 L #1535,3073,118,241,4.5
Kontorartikler Serie 100 XL #1536,2707,100,90,5.9
Kontorartikler Serie 100 XXL #1537,2499,146,193,4.6
Kontorartikler Serie 100 V1 #1538,2331,25,304,3.9
Kontorartikler Serie 100 V2 #1539,2570,29,226,5.1
Kontorartikler Serie 100 V3 #1540,1066,103,225,5.0
Kontorartikler Serie 100 MK2 #1541,2732,26,101,3.5
Kontorartikler Serie 100 MK3 #1542,2072,134,193,4.2
Kontorartikler Serie 100 Gen2 #1543,2745,133,264,6.2
Kontorartikler Serie 100 Gen3 #1544,1257,27,268,4.2
Kontorartikler Serie 100 Sort #1545,997,44,279,4.3
Kontorartikler Serie 100 Hvid #1546,1023,41,123,3.7
Kontorartikler Serie 100 Blå #1547,1107,58,118,4.1
Kontorartikler Serie 100 Rød #1548,2109,103,265,4.0
Kontorartikler Serie 100 Grøn #1549,1000,146,306,6.8
Kontorartikler Serie 100 Grå #1550,1321,98,277,3.6
Kontorartikler Serie 200 Pro #1551,3537,62,118,5.5
Kontorartikler Serie 200 Plus #1552,2986,131,167,5.6
Kontorartikler Serie 200 Premium #1553,3463,40,84,4.4
Kontorartikler Serie 200 Standard #1554,656,120,253,4.7
Kontorartikler Serie 200 Basic #1555,1144,39,257,4.8
Kontorartikler Serie 200 Deluxe #1556,2209,113,151,7.2
Kontorartikler Serie 200 Ultra #1557,1052,72,119,7.4
Kontorartikler Serie 200 Max #1558,3374,64,159,4.7
Kontorartikler Serie 200 Compact #1559,2640,139,239,6.0
Kontorartikler Serie 200 Mini #1560,1876,39,279,7.4
Kontorartikler Serie 200 XL #1561,3290,126,240,5.0
Kontorartikler Serie 200 S #1562,838,96,251,6.8
Kontorartikler Serie 200 M #1563,1526,27,270,4.2
Kontorartikler Serie 200 L #1564,2751,140,243,4.0
Kontorartikler Serie 200 XL #1565,2380,120,85,7.4
Kontorartikler Serie 200 XXL #1566,1734,132,221,4.9
Kontorartikler Serie 200 V1 #1567,1071,92,149,4.4
Kontorartikler Serie 200 V2 #1568,2754,63,237,7.2
Kontorartikler Serie 200 V3 #1569,1864,122,192,6.7
Kontorartikler Serie 200 MK2 #1570,3706,48,209,7.4
Kontorartikler Serie 200 MK3 #1571,901,133,81,5.8
Kontorartikler Serie 200 Gen2 #1572,2510,115,299,5.4
Kontorartikler Serie 200 Gen3 #1573,3551,49,89,5.3
Kontorartikler Serie 200 Sort #1574,1403,92,121,3.5
Kontorartikler Serie 200 Hvid #1575,2723,94,250,7.0
Kontorartikler Serie 200 Blå #1576,456,46,278,4.5
Kontorartikler Serie 200 Rød #1577,1840,101,75,3.9
Kontorartikler Serie 200 Grøn #1578,1189,77,95,5.2
Kontorartikler Serie 200 Grå #1579,1019,149,84,3.8
Kontorartikler Edition Pro #1580,3039,32,109,4.8
Kontorartikler Edition Plus #1581,3014,68,150,5.0
Kontorartikler Edition Premium #1582,1557,44,212,4.4
Kontorartikler Edition Standard #1583,1416,50,74,5.6
Kontorartikler Edition Basic #1584,1143,52,221,6.0
Kontorartikler Edition Deluxe #1585,2213,99,306,5.6
Kontorartikler Edition Ultra #1586,2895,40,217,4.4
Kontorartikler Edition Max #1587,682,46,217,7.2
Kontorartikler Edition Compact #1588,1364,109,202,3.9
Kontorartikler Edition Mini #1589,1875,87,109,4.4
Kontorartikler Edition XL #1590,2012,33,197,5.5
Kontorartikler Edition S #1591,736,89,157,7.5
Kontorartikler Edition M #1592,2767,52,196,6.0
Kontorartikler Edition L #1593,2003,129,146,5.0
Kontorartikler Edition XL #1594,1710,72,168,5.3
Kontorartikler Edition XXL #1595,2559,29,168,4.7
Kontorartikler Edition V1 #1596,2026,71,108,6.1
Kontorartikler Edition V2 #1597,1776,129,268,5.8
Kontorartikler Edition V3 #1598,3732,123,181,6.3
Kontorartikler Edition MK2 #1599,2890,87,293,4.5
Kontorartikler Edition MK3 #1600,1474,80,194,6.8
Kontorartikler Edition Gen2 #1601,1530,96,248,6.1
Kontorartikler Edition Gen3 #1602,2160,61,245,3.8
Kontorartikler Edition Sort #1603,1415,30,148,6.0
Kontorartikler Edition Hvid #1604,1252,45,249,5.4
Kontorartikler Edition Blå #1605,3703,71,79,4.6
Kontorartikler Edition Rød #1606,2845,44,101,4.3
Kontorartikler Edition Grøn #1607,3540,129,313,6.6
Kontorartikler Edition Grå #1608,3158,102,306,5.9
Kontorartikler Classic Pro #1609,3201,53,298,4.5
Kontorartikler Classic Plus #1610,2152,55,184,5.5
Kontorartikler Classic Premium #1611,3341,117,190,3.6
Kontorartikler Classic Standard #1612,1059,114,89,5.0
Kontorartikler Classic Basic #1613,2798,121,188,6.6
Kontorartikler Classic Deluxe #1614,3564,87,67,3.7
Kontorartikler Classic Ultra #1615,3238,49,203,7.0
Kontorartikler Classic Max #1616,2210,105,79,6.8
Kontorartikler Classic Compact #1617,1369,47,77,3.6
Kontorartikler Classic Mini #1618,3435,41,67,6.6
Kontorartikler Classic XL #1619,1183,28,255,7.1
Kontorartikler Classic S #1620,3541,109,107,5.7
Kontorartikler Classic M #1621,760,138,121,4.4
Kontorartikler Classic L #1622,3748,88,268,3.9
Kontorartikler Classic XL #1623,2042,112,103,4.8
Kontorartikler Classic XXL #1624,3582,69,209,4.5
Kontorartikler Classic V1 #1625,1125,65,232,3.9
Kontorartikler Classic V2 #1626,1302,89,83,5.6
Kontorartikler Classic V3 #1627,2854,99,110,4.2
Kontorartikler Classic MK2 #1628,1653,138,98,6.0
Kontorartikler Classic MK3 #1629,3139,80,181,7.0
Kontorartikler Classic Gen2 #1630,2996,96,189,4.3
Kontorartikler Classic Gen3 #1631,819,62,71,7.4
Kontorartikler Classic Sort #1632,1582,45,261,4.1
Kontorartikler Classic Hvid #1633,1406,69,123,6.2
Kontorartikler Classic Blå #1634,2845,91,115,4.0
Kontorartikler Classic Rød #1635,1240,111,303,4.1
Kontorartikler Classic Grøn #1636,1565,67,188,6.6
Kontorartikler Classic Grå #1637,3181,147,197,7.0
Kontorartikler Modern Pro #1638,763,48,299,5.2
Kontorartikler Modern Plus #1639,1166,100,259,5.8
Kontorartikler Modern Premium #1640,3627,108,98,5.7
Kontorartikler Modern Standard #1641,857,99,184,6.7
Kontorartikler Modern Basic #1642,1374,70,106,4.4
Kontorartikler Modern Deluxe #1643,1909,46,100,5.6
Kontorartikler Modern Ultra #1644,1907,118,109,5.7
Kontorartikler Modern Max #1645,935,116,278,4.8
Kontorartikler Modern Compact #1646,1967,98,92,4.4
Kontorartikler Modern Mini #1647,1048,77,168,4.8
Kontorartikler Modern XL #1648,1575,54,182,6.2
Kontorartikler Modern S #1649,2562,63,130,7.5
Kontorartikler Modern M #1650,2541,118,267,5.7
Kontorartikler Modern L #1651,3634,99,278,3.8
Kontorartikler Modern XL #1652,3191,42,88,5.6
Kontorartikler Modern XXL #1653,3570,79,271,5.5
Kontorartikler Modern V1 #1654,2975,86,259,4.2
Kontorartikler Modern V2 #1655,560,121,180,4.6
Kontorartikler Modern V3 #1656,2573,64,300,7.1
Kontorartikler Modern MK2 #1657,2975,114,67,7.4
Kontorartikler Modern MK3 #1658,3105,45,149,7.2
Kontorartikler Modern Gen2 #1659,3476,113,243,5.0
Kontorartikler Modern Gen3 #1660,1520,72,247,7.2
Kontorartikler Modern Sort #1661,811,134,98,6.9
Kontorartikler Modern Hvid #1662,3132,47,239,4.8
Kontorartikler Modern Blå #1663,889,138,164,6.0
Kontorartikler Modern Rød #1664,1253,123,77,3.9
Kontorartikler Modern Grøn #1665,687,122,140,6.1
Kontorartikler Modern Grå #1666,2855,64,153,6.2
Kontorartikler Industri Pro #1667,691,87,90,5.7
Kontorartikler Industri Plus #1668,1594,43,269,6.3
Kontorartikler Industri Premium #1669,701,39,175,7.4
Kontorartikler Industri Standard #1670,2682,134,133,4.9
Kontorartikler Industri Basic #1671,2282,80,72,4.1
Kontorartikler Industri Deluxe #1672,1934,49,255,5.8
Kontorartikler Industri Ultra #1673,2404,122,275,5.6
Kontorartikler Industri Max #1674,844,107,282,6.0
Kontorartikler Industri Compact #1675,777,54,109,4.6
Kontorartikler Industri Mini #1676,2563,50,150,6.1
Kontorartikler Industri XL #1677,2028,148,80,4.7
Kontorartikler Industri S #1678,1085,142,75,5.9
Kontorartikler Industri M #1679,2561,33,169,4.0
Kontorartikler Industri L #1680,2340,56,282,3.9
Kontorartikler Industri XL #1681,3371,116,116,6.0
Kontorartikler Industri XXL #1682,3410,88,117,5.2
Kontorartikler Industri V1 #1683,3150,149,72,6.0
Kontorartikler Industri V2 #1684,1064,53,155,6.7
Kontorartikler Industri V3 #1685,2455,75,288,6.6
Kontorartikler Industri MK2 #1686,1881,122,159,3.6
Kontorartikler Industri MK3 #1687,3387,124,75,7.3
Kontorartikler Industri Gen2 #1688,919,130,182,6.3
Kontorartikler Industri Gen3 #1689,3513,107,271,3.8
Kontorartikler Industri Sort #1690,2367,80,76,4.3
Kontorartikler Industri Hvid #1691,1352,95,112,4.0
Kontorartikler Industri Blå #1692,2871,142,92,4.1
Kontorartikler Industri Rød #1693,1247,74,248,4.2
Kontorartikler Industri Grøn #1694,3554,47,219,4.6
Kontorartikler Industri Grå #1695,1342,105,197,4.2
Kontorartikler Professionel Pro #1696,658,142,268,5.5
Kontorartikler Professionel Plus #1697,3361,87,224,6.9
Kontorartikler Professionel Premium #1698,3737,109,311,4.5
Kontorartikler Professionel Standard #1699,3440,121,215,4.1
Kontorartikler Professionel Basic #1700,1697,41,66,4.1
Kontorartikler Professionel Deluxe #1701,1564,45,126,7.5
Kontorartikler Professionel Ultra #1702,1122,118,257,3.9
Kontorartikler Professionel Max #1703,1511,54,160,6.6
Kontorartikler Professionel Compact #1704,3415,92,103,6.7
Kontorartikler Professionel Mini #1705,875,84,222,5.5
Kontorartikler Professionel XL #1706,2447,131,305,4.8
Kontorartikler Professionel S #1707,787,107,165,6.8
Kontorartikler Professionel M #1708,913,80,290,4.0
Kontorartikler Professionel L #1709,2301,145,314,6.7
Kontorartikler Professionel XL #1710,3274,86,95,4.9
Kontorartikler Professionel XXL #1711,2189,77,133,4.9
Kontorartikler Professionel V1 #1712,2467,96,312,6.9
Kontorartikler Professionel V2 #1713,2816,37,208,4.5
Kontorartikler Professionel V3 #1714,801,74,205,7.0
Kontorartikler Professionel MK2 #1715,3061,80,277,5.7
Kontorartikler Professionel MK3 #1716,774,51,166,7.4
Kontorartikler Professionel Gen2 #1717,2076,85,88,6.6
Kontorartikler Professionel Gen3 #1718,2611,69,224,5.5
Kontorartikler Professionel Sort #1719,2397,92,266,3.8
Kontorartikler Professionel Hvid #1720,2748,115,317,6.5
Kontorartikler Professionel Blå #1721,3330,132,180,4.3
Kontorartikler Professionel Rød #1722,1507,83,258,4.0
Kontorartikler Professionel Grøn #1723,2950,33,281,5.1
Kontorartikler Professionel Grå #1724,2736,97,281,3.5
Kontorartikler Commercial Pro #1725,3645,55,165,5.2
Kontorartikler Commercial Plus #1726,1810,58,233,3.8
Kontorartikler Commercial Premium #1727,1955,87,120,7.0
Kontorartikler Commercial Standard #1728,2258,77,156,4.9
Kontorartikler Commercial Basic #1729,787,86,248,3.5
Kontorartikler Commercial Deluxe #1730,2384,104,185,6.9
Kontorartikler Commercial Ultra #1731,771,42,274,6.7
Kontorartikler Commercial Max #1732,1733,74,238,6.6
Kontorartikler Commercial Compact #1733,1727,149,91,4.2
Kontorartikler Commercial Mini #1734,3261,65,189,7.3
Kontorartikler Commercial XL #1735,3588,44,147,6.6
Kontorartikler Commercial S #1736,704,143,104,7.2
Kontorartikler Commercial M #1737,704,106,169,5.4
Kontorartikler Commercial L #1738,1359,36,233,3.9
Kontorartikler Commercial XL #1739,2321,56,297,6.9
Kontorartikler Commercial XXL #1740,747,55,160,7.0
Kontorartikler Commercial V1 #1741,1748,49,60,3.9
Kontorartikler Commercial V2 #1742,1409,51,183,7.4
Kontorartikler Commercial V3 #1743,1538,107,147,4.1
Kontorartikler Commercial MK2 #1744,2978,134,278,4.3
Kontorartikler Commercial MK3 #1745,1941,116,119,3.6
Kontorartikler Commercial Gen2 #1746,2472,104,305,7.0
Kontorartikler Commercial Gen3 #1747,1952,90,178,6.4
Kontorartikler Commercial Sort #1748,1615,43,234,6.1
Kontorartikler Commercial Hvid #1749,786,50,118,5.8
Kontorartikler Commercial Blå #1750,713,130,288,4.3
Kontorartikler Commercial Rød #1751,3225,104,217,6.5
Kontorartikler Commercial Grøn #1752,3487,27,201,3.7
Kontorartikler Commercial Grå #1753,837,47,149,5.5
Kontorartikler Model A Pro #1754,3650,106,159,4.9
Kontorartikler Model A Plus #1755,718,103,202,7.4
Kontorartikler Model A Premium #1756,1166,52,284,7.4
Kontorartikler Model A Standard #1757,3244,133,177,4.8
Kontorartikler Model A Basic #1758,742,56,71,5.1
Kontorartikler Model A Deluxe #1759,1143,67,278,7.4
Kontorartikler Model A Ultra #1760,3735,97,160,6.3
Kontorartikler Model A Max #1761,2299,38,169,5.3
Kontorartikler Model A Compact #1762,1996,57,222,3.5
Kontorartikler Model A Mini #1763,1869,84,70,7.5
Kontorartikler Model A XL #1764,676,61,308,5.2
Kontorartikler Model A S #1765,1015,41,297,3.8
Kontorartikler Model A M #1766,1901,131,285,5.3
Kontorartikler Model A L #1767,1756,60,256,6.3
Kontorartikler Model A XL #1768,3188,89,226,7.2
Kontorartikler Model A XXL #1769,2905,77,195,7.1
Kontorartikler Model A V1 #1770,3664,58,281,5.6
Kontorartikler Model A V2 #1771,3433,112,298,5.3
Kontorartikler Model A V3 #1772,1857,100,153,5.9
Kontorartikler Model A MK2 #1773,1230,114,184,5.4
Kontorartikler Model A MK3 #1774,1827,80,281,3.5
Kontorartikler Model A Gen2 #1775,622,80,108,6.4
Kontorartikler Model A Gen3 #1776,2935,41,72,6.7
Kontorartikler Model A Sort #1777,1867,127,287,5.3
Kontorartikler Model A Hvid #1778,1557,47,148,5.8
Kontorartikler Model A Blå #1779,2484,133,149,6.6
Kontorartikler Model A Rød #1780,1602,113,240,6.3
Kontorartikler Model A Grøn #1781,1749,131,214,5.6
Kontorartikler Model A Grå #1782,2698,141,312,3.8
Kontorartikler Model B Pro #1783,1857,44,300,6.5
Kontorartikler Model B Plus #1784,733,39,270,5.1
Kontorartikler Model B Premium #1785,2057,65,171,5.8
Kontorartikler Model B Standard #1786,2006,53,277,5.7
Kontorartikler Model B Basic #1787,1526,120,180,6.6
Kontorartikler Model B Deluxe #1788,3562,69,126,6.8
Kontorartikler Model B Ultra #1789,1759,74,214,5.8
Kontorartikler Model B Max #1790,3429,52,262,3.5
Kontorartikler Model B Compact #1791,2958,55,189,6.2
Kontorartikler Model B Mini #1792,3716,40,132,5.0
Kontorartikler Model B XL #1793,619,147,185,5.7
Kontorartikler Model B S #1794,557,45,215,7.4
Kontorartikler Model B M #1795,3701,56,168,5.8
Kontorartikler Model B L #1796,3541,122,302,7.4
Kontorartikler Model B XL #1797,2866,106,246,6.9
Kontorartikler Model B XXL #1798,1718,134,94,7.4
Kontorartikler Model B V1 #1799,1447,55,211,4.6
Kontorartikler Model B V2 #1800,1708,142,217,4.3
Kontorartikler Model B V3 #1801,2459,132,284,4.2
Kontorartikler Model B MK2 #1802,2464,112,124,5.0
Kontorartikler Model B MK3 #1803,914,83,217,6.3
Kontorartikler Model B Gen2 #1804,1272,35,305,7.5
Kontorartikler Model B Gen3 #1805,1315,139,175,4.6
Kontorartikler Model B Sort #1806,457,104,141,3.7
Kontorartikler Model B Hvid #1807,1643,29,102,4.0
Kontorartikler Model B Blå #1808,2864,89,99,4.6
Kontorartikler Model B Rød #1809,890,72,175,5.9
Kontorartikler Model B Grøn #1810,1973,83,191,5.4
Kontorartikler Model B Grå #1811,2222,101,111,4.3
Kontorartikler Model C Pro #1812,3202,73,167,4.0
Kontorartikler Model C Plus #1813,3577,48,219,5.4
Kontorartikler Model C Premium #1814,3210,139,98,4.7
Kontorartikler Model C Standard #1815,1925,127,110,6.1
Kontorartikler Model C Basic #1816,2969,115,138,4.1
Kontorartikler Model C Deluxe #1817,711,73,261,4.0
Kontorartikler Model C Ultra #1818,1076,120,83,7.2
Kontorartikler Model C Max #1819,1833,71,273,5.5
Kontorartikler Model C Compact #1820,3177,96,264,4.1
Kontorartikler Model C Mini #1821,1284,127,111,5.9
Kontorartikler Model C XL #1822,2088,122,268,5.3
Kontorartikler Model C S #1823,2626,50,138,7.4
Kontorartikler Model C M #1824,1751,77,194,6.4
Kontorartikler Model C L #1825,1141,52,91,3.6
Kontorartikler Model C XL #1826,1962,114,287,4.8
Kontorartikler Model C XXL #1827,3481,121,76,5.2
Kontorartikler Model C V1 #1828,2600,77,194,6.2
Kontorartikler Model C V2 #1829,1622,43,131,4.5
Kontorartikler Model C V3 #1830,1796,115,229,4.8
Kontorartikler Model C MK2 #1831,1103,58,205,5.1
Kontorartikler Model C MK3 #1832,926,56,139,6.4
Kontorartikler Model C Gen2 #1833,3661,128,204,5.1
Kontorartikler Model C Gen3 #1834,878,63,253,4.3
Kontorartikler Model C Sort #1835,748,85,287,6.4
Kontorartikler Model C Hvid #1836,1250,30,116,5.8
Kontorartikler Model C Blå #1837,2922,145,276,4.7
Kontorartikler Model C Rød #1838,917,52,95,6.9
Kontorartikler Model C Grøn #1839,736,93,210,7.4
Kontorartikler Model C Grå #1840,2600,26,256,5.7
Kontorartikler Type 1 Pro #1841,1365,121,102,5.7
Kontorartikler Type 1 Plus #1842,2258,35,122,7.0
Kontorartikler Type 1 Premium #1843,486,28,204,6.1
Kontorartikler Type 1 Standard #1844,2834,28,248,7.5
Kontorartikler Type 1 Basic #1845,1998,94,243,5.0
Kontorartikler Type 1 Deluxe #1846,645,75,99,4.3
Kontorartikler Type 1 Ultra #1847,3330,32,124,6.0
Kontorartikler Type 1 Max #1848,1386,116,261,7.3
Kontorartikler Type 1 Compact #1849,2605,91,258,3.7
Kontorartikler Type 1 Mini #1850,2905,83,185,3.9
Kontorartikler Type 1 XL #1851,1331,110,120,5.3
Kontorartikler Type 1 S #1852,1244,126,106,6.0
Kontorartikler Type 1 M #1853,3624,69,76,5.5
Kontorartikler Type 1 L #1854,2765,125,241,5.0
Kontorartikler Type 1 XL #1855,1332,119,277,5.0
Kontorartikler Type 1 XXL #1856,2337,100,89,4.9
Kontorartikler Type 1 V1 #1857,2200,113,199,5.3
Kontorartikler Type 1 V2 #1858,1336,87,111,4.8
Kontorartikler Type 1 V3 #1859,2219,123,286,5.9
Kontorartikler Type 1 MK2 #1860,2031,36,60,5.1
Kontorartikler Type 1 MK3 #1861,2638,38,63,5.6
Kontorartikler Type 1 Gen2 #1862,1151,118,73,5.5
Kontorartikler Type 1 Gen3 #1863,2158,83,245,3.5
Kontorartikler Type 1 Sort #1864,654,142,235,4.8
Kontorartikler Type 1 Hvid #1865,2348,77,154,7.2
Kontorartikler Type 1 Blå #1866,601,69,285,4.9
Kontorartikler Type 1 Rød #1867,1805,139,158,5.0
Kontorartikler Type 1 Grøn #1868,835,65,124,4.5
Kontorartikler Type 1 Grå #1869,1780,29,245,3.9
Kontorartikler Type 2 Pro #1870,1843,149,266,6.3
Kontorartikler Type 2 Plus #1871,3457,50,192,5.5
Kontorartikler Type 2 Premium #1872,878,89,276,6.2
Kontorartikler Type 2 Standard #1873,1027,27,150,6.9
Kontorartikler Type 2 Basic #1874,1087,58,172,6.0
Kontorartikler Type 2 Deluxe #1875,1701,27,224,4.2
Kontorartikler Type 2 Ultra #1876,3669,103,91,5.3
Kontorartikler Type 2 Max #1877,758,131,300,5.2
Kontorartikler Type 2 Compact #1878,1421,34,234,7.3
Kontorartikler Type 2 Mini #1879,2836,45,138,6.8
Kontorartikler Type 2 XL #1880,3079,83,198,4.9
Kontorartikler Type 2 S #1881,2142,88,232,3.6
Kontorartikler Type 2 M #1882,945,137,236,6.3
Kontorartikler Type 2 L #1883,2117,81,217,3.8
Kontorartikler Type 2 XL #1884,2346,57,280,7.1
Kontorartikler Type 2 XXL #1885,1322,39,270,4.4
Kontorartikler Type 2 V1 #1886,2086,135,181,5.7
Kontorartikler Type 2 V2 #1887,2503,147,113,6.8
Kontorartikler Type 2 V3 #1888,2012,98,79,4.1
Kontorartikler Type 2 MK2 #1889,2100,123,133,7.3
Kontorartikler Type 2 MK3 #1890,1339,56,292,6.0
Kontorartikler Type 2 Gen2 #1891,2181,56,273,5.8
Kontorartikler Type 2 Gen3 #1892,1264,47,289,5.9
Kontorartikler Type 2 Sort #1893,2061,109,268,4.1
Kontorartikler Type 2 Hvid #1894,1930,137,195,5.5
Kontorartikler Type 2 Blå #1895,522,94,174,5.9
Kontorartikler Type 2 Rød #1896,1868,133,284,4.3
Kontorartikler Type 2 Grøn #1897,1121,93,269,7.2
Kontorartikler Type 2 Grå #1898,2042,121,240,6.7
Kontorartikler Serie 100 Pro #1899,1043,85,250,5.6
Kontorartikler Serie 100 Plus #1900,539,107,242,5.1
Kontorartikler Serie 100 Premium #1901,590,118,138,5.9
Kontorartikler Serie 100 Standard #1902,3606,111,85,5.2
Kontorartikler Serie 100 Basic #1903,1972,97,92,7.2
Kontorartikler Serie 100 Deluxe #1904,3092,78,214,4.7
Kontorartikler Serie 100 Ultra #1905,2362,121,186,3.7
Kontorartikler Serie 100 Max #1906,3001,121,272,6.8
Kontorartikler Serie 100 Compact #1907,1664,84,112,6.1
Kontorartikler Serie 100 Mini #1908,2422,26,147,4.5
Kontorartikler Serie 100 XL #1909,1124,119,221,7.0
Kontorartikler Serie 100 S #1910,1146,74,285,4.0
Kontorartikler Serie 100 M #1911,1482,25,289,6.7
Kontorartikler Serie 100 L #1912,3647,133,235,7.2
Kontorartikler Serie 100 XL #1913,3056,69,65,5.5
Kontorartikler Serie 100 XXL #1914,693,128,242,4.7
Kontorartikler Serie 100 V1 #1915,1709,32,61,7.1
Kontorartikler Serie 100 V2 #1916,2737,82,241,7.3
Kontorartikler Serie 100 V3 #1917,861,142,108,7.1
Kontorartikler Serie 100 MK2 #1918,1983,93,143,7.1
Kontorartikler Serie 100 MK3 #1919,3152,40,94,6.4
Kontorartikler Serie 100 Gen2 #1920,829,142,125,6.6
Kontorartikler Serie 100 Gen3 #1921,1460,56,293,4.6
Kontorartikler Serie 100 Sort #1922,1727,84,302,4.1
Kontorartikler Serie 100 Hvid #1923,3096,81,275,6.3
Kontorartikler Serie 100 Blå #1924,1901,39,273,5.7
Kontorartikler Serie 100 Rød #1925,1118,78,171,6.9
Kontorartikler Serie 100 Grøn #1926,2275,143,206,4.8
Kontorartikler Serie 100 Grå #1927,2095,30,274,3.7
Kontorartikler Serie 200 Pro #1928,3077,104,160,3.8
Kontorartikler Serie 200 Plus #1929,3658,52,308,7.2
Kontorartikler Serie 200 Premium #1930,3080,110,142,4.0
Kontorartikler Serie 200 Standard #1931,689,62,167,5.4
Kontorartikler Serie 200 Basic #1932,3130,113,190,7.1
Kontorartikler Serie 200 Deluxe #1933,3634,140,175,3.9
Kontorartikler Serie 200 Ultra #1934,671,84,224,6.2
Kontorartikler Serie 200 Max #1935,2537,54,246,3.6
Kontorartikler Serie 200 Compact #1936,2384,44,253,5.2
Kontorartikler Serie 200 Mini #1937,2969,97,132,4.9
Kontorartikler Serie 200 XL #1938,498,104,225,6.9
Kontorartikler Serie 200 S #1939,2732,55,144,6.9
Kontorartikler Serie 200 M #1940,1820,126,73,6.3
Kontorartikler Serie 200 L #1941,3350,44,90,6.3
Kontorartikler Serie 200 XL #1942,2332,118,145,6.0
Kontorartikler Serie 200 XXL #1943,952,114,172,7.3
Kontorartikler Serie 200 V1 #1944,1111,124,245,5.4
Kontorartikler Serie 200 V2 #1945,2557,76,243,5.4
Kontorartikler Serie 200 V3 #1946,1983,36,305,7.1
Kontorartikler Serie 200 MK2 #1947,1987,46,225,6.1
Kontorartikler Serie 200 MK3 #1948,2786,37,197,3.5
Kontorartikler Serie 200 Gen2 #1949,1875,39,193,5.4
Kontorartikler Serie 200 Gen3 #1950,2184,129,204,5.5
Kontorartikler Serie 200 Sort #1951,1504,31,270,6.3
Kontorartikler Serie 200 Hvid #1952,1255,90,172,6.4
Kontorartikler Serie 200 Blå #1953,842,105,91,4.5
Kontorartikler Serie 200 Rød #1954,3626,112,266,6.3
Kontorartikler Serie 200 Grøn #1955,1365,93,273,4.0
Kontorartikler Serie 200 Grå #1956,3468,57,226,7.3
Kontorartikler Edition Pro #1957,1486,102,255,4.7
Kontorartikler Edition Plus #1958,1358,85,223,5.3
Kontorartikler Edition Premium #1959,3098,111,190,4.6
Kontorartikler Edition Standard #1960,1734,63,277,7.2
Kontorartikler Edition Basic #1961,1679,88,167,5.4
Kontorartikler Edition Deluxe #1962,1790,107,307,4.1
Kontorartikler Edition Ultra #1963,3694,93,182,7.3
Kontorartikler Edition Max #1964,1314,140,241,5.1
Kontorartikler Edition Compact #1965,1541,96,215,5.0
Kontorartikler Edition Mini #1966,2824,70,286,6.1
Kontorartikler Edition XL #1967,1350,36,230,4.6
Kontorartikler Edition S #1968,1630,145,271,7.5
Kontorartikler Edition M #1969,3327,52,182,5.6
Kontorartikler Edition L #1970,2166,98,223,6.7
Kontorartikler Edition XL #1971,1589,124,182,7.1
Kontorartikler Edition XXL #1972,758,98,170,6.6
Kontorartikler Edition V1 #1973,3257,141,133,4.1
Kontorartikler Edition V2 #1974,592,79,181,6.1
Kontorartikler Edition V3 #1975,877,139,301,4.0
Kontorartikler Edition MK2 #1976,2614,43,134,4.3
Kontorartikler Edition MK3 #1977,1461,108,136,4.3
Kontorartikler Edition Gen2 #1978,3702,117,201,3.9
Kontorartikler Edition Gen3 #1979,1318,83,119,6.3
Kontorartikler Edition Sort #1980,3200,128,303,5.2
Kontorartikler Edition Hvid #1981,991,124,229,3.5
Kontorartikler Edition Blå #1982,2978,53,269,3.8
Kontorartikler Edition Rød #1983,3612,61,188,5.9
Kontorartikler Edition Grøn #1984,1591,145,72,5.8
Kontorartikler Edition Grå #1985,3670,134,140,7.2
Kontorartikler Classic Pro #1986,1472,143,164,5.0
Kontorartikler Classic Plus #1987,2488,112,109,7.5
Kontorartikler Classic Premium #1988,2025,66,88,6.0
Kontorartikler Classic Standard #1989,2143,54,95,6.7
Kontorartikler Classic Basic #1990,2729,122,95,4.2
Kontorartikler Classic Deluxe #1991,835,50,156,5.2
Kontorartikler Classic Ultra #1992,3619,58,298,7.3
Kontorartikler Classic Max #1993,1741,51,190,5.3
Kontorartikler Classic Compact #1994,1654,139,224,6.5
Kontorartikler Classic Mini #1995,1736,99,293,7.0
Kontorartikler Classic XL #1996,944,100,180,6.8
Kontorartikler Classic S #1997,2336,32,77,6.0
Kontorartikler Classic M #1998,2552,109,107,6.4
Kontorartikler Classic L #1999,2910,88,130,6.2
Kontorartikler Classic XL #2000,3194,80,241,7.5
Kontorartikler Classic XXL #2001,2456,133,113,4.1
Kontorartikler Classic V1 #2002,1929,96,75,6.2
Kontorartikler Classic V2 #2003,1995,66,240,7.2
Kontorartikler Classic V3 #2004,764,26,210,5.4
Kontorartikler Classic MK2 #2005,3672,106,182,5.8
Kontorartikler Classic MK3 #2006,2673,147,190,4.7
Kontorartikler Classic Gen2 #2007,3074,111,286,6.6
Kontorartikler Classic Gen3 #2008,3592,110,190,5.5
Kontorartikler Classic Sort #2009,2652,88,122,7.2
Kontorartikler Classic Hvid #2010,3445,133,211,5.5
Kontorartikler Classic Blå #2011,3116,112,247,6.1
Kontorartikler Classic Rød #2012,1718,33,159,6.9
Kontorartikler Classic Grøn #2013,1488,51,101,5.5
Kontorartikler Classic Grå #2014,1403,118,146,5.3
Kontorartikler Modern Pro #2015,2790,148,173,7.3
Kontorartikler Modern Plus #2016,672,33,170,4.9
Kontorartikler Modern Premium #2017,700,37,187,3.6
Kontorartikler Modern Standard #2018,567,35,171,7.4
Kontorartikler Modern Basic #2019,1376,79,144,5.5
Kontorartikler Modern Deluxe #2020,2117,89,278,4.1
Kontorartikler Modern Ultra #2021,2978,148,85,6.1
Kontorartikler Modern Max #2022,660,143,107,4.8
Kontorartikler Modern Compact #2023,1741,104,184,5.5
Kontorartikler Modern Mini #2024,3248,79,110,3.9
Kontorartikler Modern XL #2025,2191,70,276,3.6
Kontorartikler Modern S #2026,955,131,134,4.2
Kontorartikler Modern M #2027,2059,95,208,7.2
Kontorartikler Modern L #2028,3343,34,221,7.3
Kontorartikler Modern XL #2029,1945,34,71,5.5
Kontorartikler Modern XXL #2030,2158,53,290,3.6
Kontorartikler Modern V1 #2031,3251,132,253,4.3
Kontorartikler Modern V2 #2032,973,134,101,5.8
Kontorartikler Modern V3 #2033,3453,98,195,6.1
Kontorartikler Modern MK2 #2034,3600,62,98,7.3
Kontorartikler Modern MK3 #2035,3075,52,107,6.5
Kontorartikler Modern Gen2 #2036,2284,85,218,4.8
Kontorartikler Modern Gen3 #2037,3098,126,172,6.3
Kontorartikler Modern Sort #2038,2733,43,263,4.0
Kontorartikler Modern Hvid #2039,1057,94,175,5.2
Kontorartikler Modern Blå #2040,457,53,300,6.6
Kontorartikler Modern Rød #2041,1294,37,139,4.1
Kontorartikler Modern Grøn #2042,2528,129,257,6.5
Kontorartikler Modern Grå #2043,3217,60,294,4.5
Kontorartikler Industri Pro #2044,3554,48,119,6.8
Kontorartikler Industri Plus #2045,1834,114,104,4.3
Kontorartikler Industri Premium #2046,2318,39,291,4.2
Kontorartikler Industri Standard #2047,451,126,289,4.6
Kontorartikler Industri Basic #2048,3008,105,248,3.9
Kontorartikler Industri Deluxe #2049,3126,40,103,6.9
Kontorartikler Industri Ultra #2050,1098,130,114,6.8
Kontorartikler Industri Max #2051,3745,57,154,5.6
Kontorartikler Industri Compact #2052,1390,32,58,6.1
Kontorartikler Industri Mini #2053,1445,29,77,7.2
Kontorartikler Industri XL #2054,1224,64,254,5.9
Kontorartikler Industri S #2055,3641,149,235,5.9
Kontorartikler Industri M #2056,1749,129,125,5.8
Kontorartikler Industri L #2057,919,83,259,5.2
Kontorartikler Industri XL #2058,616,105,254,5.8
Kontorartikler Industri XXL #2059,1484,77,256,4.2
Kontorartikler Industri V1 #2060,2764,85,121,4.7
Kontorartikler Industri V2 #2061,2162,38,306,6.7
Kontorartikler Industri V3 #2062,3523,36,279,5.1
Kontorartikler Industri MK2 #2063,2560,63,236,4.0
Kontorartikler Industri MK3 #2064,2203,120,71,5.7
Kontorartikler Industri Gen2 #2065,2592,134,70,6.4
Kontorartikler Industri Gen3 #2066,2757,74,309,4.9
Kontorartikler Industri Sort #2067,1822,148,175,6.6
Kontorartikler Industri Hvid #2068,2363,77,261,4.3
Kontorartikler Industri Blå #2069,1825,148,315,4.1
Kontorartikler Industri Rød #2070,580,48,290,4.7
Kontorartikler Industri Grøn #2071,2354,52,61,6.2
Kontorartikler Industri Grå #2072,1191,84,292,6.6
Kontorartikler Professionel Pro #2073,954,63,184,6.8
Kontorartikler Professionel Plus #2074,3315,61,266,6.3
Kontorartikler Professionel Premium #2075,2044,37,84,7.3
Kontorartikler Professionel Standard #2076,1067,63,90,4.9
Kontorartikler Professionel Basic #2077,1182,92,303,7.4
Kontorartikler Professionel Deluxe #2078,2750,90,146,6.4
Kontorartikler Professionel Ultra #2079,2172,105,79,3.6
Kontorartikler Professionel Max #2080,3371,127,268,5.1
Kontorartikler Professionel Compact #2081,2546,90,90,4.0
Kontorartikler Professionel Mini #2082,1115,97,143,6.8
Kontorartikler Professionel XL #2083,1772,140,140,5.0
Kontorartikler Professionel S #2084,524,118,206,6.6
Kontorartikler Professionel M #2085,2360,97,170,7.0
Kontorartikler Professionel L #2086,754,143,310,6.5
Kontorartikler Professionel XL #2087,734,145,83,6.7
Kontorartikler Professionel XXL #2088,960,104,131,5.7
Kontorartikler Professionel V1 #2089,1457,135,246,5.7
Kontorartikler Professionel V2 #2090,2930,148,272,6.4
Kontorartikler Professionel V3 #2091,3290,35,230,4.5
Kontorartikler Professionel MK2 #2092,1259,46,239,7.3
Kontorartikler Professionel MK3 #2093,2949,60,66,7.3
Kontorartikler Professionel Gen2 #2094,2080,86,199,6.3
Kontorartikler Professionel Gen3 #2095,850,150,304,5.5
Kontorartikler Professionel Sort #2096,1621,50,192,7.2
Kontorartikler Professionel Hvid #2097,1042,75,83,4.2
Kontorartikler Professionel Blå #2098,1015,40,265,5.5
Kontorartikler Professionel Rød #2099,1593,111,222,4.8
Kontorartikler Professionel Grøn #2100,1848,70,120,4.0
Kontorartikler Professionel Grå #2101,2593,90,106,4.2
Kontorartikler Commercial Pro #2102,2534,92,107,5.7
Kontorartikler Commercial Plus #2103,2110,130,180,6.1
Kontorartikler Commercial Premium #2104,1142,104,222,3.7
Kontorartikler Commercial Standard #2105,1399,47,226,5.9
Kontorartikler Commercial Basic #2106,818,85,123,6.7
Kontorartikler Commercial Deluxe #2107,808,78,97,5.3
Kontorartikler Commercial Ultra #2108,3667,62,239,4.9
Kontorartikler Commercial Max #2109,2193,100,199,6.7
Kontorartikler Commercial Compact #2110,1351,91,219,4.2
Kontorartikler Commercial Mini #2111,561,146,223,5.5
Kontorartikler Commercial XL #2112,637,134,277,5.2
Kontorartikler Commercial S #2113,604,74,116,6.2
Kontorartikler Commercial M #2114,804,120,225,5.5
Kontorartikler Commercial L #2115,2271,84,96,7.0
Kontorartikler Commercial XL #2116,3536,27,97,6.9
Kontorartikler Commercial XXL #2117,2063,78,291,3.7
Kontorartikler Commercial V1 #2118,1028,96,275,7.1
Kontorartikler Commercial V2 #2119,2035,45,99,6.1
Kontorartikler Commercial V3 #2120,850,47,303,5.1
Kontorartikler Commercial MK2 #2121,1342,146,211,5.5
Kontorartikler Commercial MK3 #2122,1613,90,250,4.3
Kontorartikler Commercial Gen2 #2123,2248,138,212,4.5
Kontorartikler Commercial Gen3 #2124,2769,73,100,6.0
Kontorartikler Commercial Sort #2125,848,52,104,5.7
Kontorartikler Commercial Hvid #2126,1698,133,86,4.2
Kontorartikler Commercial Blå #2127,2972,76,211,5.8
Kontorartikler Commercial Rød #2128,2064,48,240,6.4
Kontorartikler Commercial Grøn #2129,2209,114,255,7.3
Kontorartikler Commercial Grå #2130,3539,58,251,4.0
Kontorartikler Model A Pro #2131,1259,146,208,5.5
Kontorartikler Model A Plus #2132,1457,104,224,5.8
Kontorartikler Model A Premium #2133,2400,26,82,4.4
Kontorartikler Model A Standard #2134,1515,64,70,3.8
Kontorartikler Model A Basic #2135,3523,98,261,7.3
Kontorartikler Model A Deluxe #2136,2403,112,92,7.2
Kontorartikler Model A Ultra #2137,1326,129,266,4.3
Kontorartikler Model A Max #2138,3671,43,279,6.4
Kontorartikler Model A Compact #2139,2582,67,249,5.5
Kontorartikler Model A Mini #2140,3196,112,88,4.8
Kontorartikler Model A XL #2141,2034,118,147,7.2
Kontorartikler Model A S #2142,3234,101,155,6.8
Kontorartikler Model A M #2143,756,106,78,4.4
Kontorartikler Model A L #2144,1345,104,289,4.6
Kontorartikler Model A XL #2145,1370,56,262,3.6
Kontorartikler Model A XXL #2146,498,100,304,7.1
Kontorartikler Model A V1 #2147,2498,140,202,5.3
Kontorartikler Model A V2 #2148,3287,111,298,7.2
Kontorartikler Model A V3 #2149,878,126,233,3.8
Kontorartikler Model A MK2 #2150,1989,108,83,6.4
Kontorartikler Model A MK3 #2151,2510,118,101,4.4
Kontorartikler Model A Gen2 #2152,1375,113,90,4.4
Kontorartikler Model A Gen3 #2153,528,146,118,5.5
Kontorartikler Model A Sort #2154,3335,100,196,5.2
Kontorartikler Model A Hvid #2155,3137,51,63,5.7
Kontorartikler Model A Blå #2156,684,71,167,3.9
Kontorartikler Model A Rød #2157,1610,80,201,6.9
Kontorartikler Model A Grøn #2158,2427,56,232,4.7
Kontorartikler Model A Grå #2159,1297,30,290,5.9
Kontorartikler Model B Pro #2160,563,138,296,3.6
Kontorartikler Model B Plus #2161,1259,63,293,6.1
Kontorartikler Model B Premium #2162,3158,114,162,6.5
Kontorartikler Model B Standard #2163,3331,102,110,7.4
Kontorartikler Model B Basic #2164,2851,87,298,4.8
Kontorartikler Model B Deluxe #2165,1479,85,170,3.6
Kontorartikler Model B Ultra #2166,2688,94,83,4.3
Kontorartikler Model B Max #2167,2005,139,190,6.6
Kontorartikler Model B Compact #2168,2765,102,295,5.9
Kontorartikler Model B Mini #2169,3233,90,128,5.3
Kontorartikler Model B XL #2170,3013,146,249,6.3
Kontorartikler Model B S #2171,3169,40,212,6.1
Kontorartikler Model B M #2172,699,127,154,3.9
Kontorartikler Model B L #2173,2415,139,156,6.5
Kontorartikler Model B XL #2174,1907,95,222,6.5
Kontorartikler Model B XXL #2175,2843,136,296,7.0
Kontorartikler Model B V1 #2176,2517,95,134,6.8
Kontorartikler Model B V2 #2177,2248,97,285,6.8
Kontorartikler Model B V3 #2178,3369,136,185,6.4
Kontorartikler Model B MK2 #2179,2724,34,217,5.2
Kontorartikler Model B MK3 #2180,2884,59,132,5.3
Kontorartikler Model B Gen2 #2181,1750,66,208,4.4
Kontorartikler Model B Gen3 #2182,814,77,79,6.1
Kontorartikler Model B Sort #2183,619,47,204,7.4
Kontorartikler Model B Hvid #2184,2249,87,92,4.6
Kontorartikler Model B Blå #2185,2686,67,125,6.5
Kontorartikler Model B Rød #2186,1856,103,239,6.6
Kontorartikler Model B Grøn #2187,3630,125,290,5.1
Kontorartikler Model B Grå #2188,1147,108,127,6.8
Kontorartikler Model C Pro #2189,2374,38,227,5.7
Kontorartikler Model C Plus #2190,3506,147,303,6.2
Kontorartikler Model C Premium #2191,641,122,239,6.3
Kontorartikler Model C Standard #2192,2388,47,105,6.2
Kontorartikler Model C Basic #2193,3540,138,139,3.9
Kontorartikler Model C Deluxe #2194,3254,132,242,4.9
Kontorartikler Model C Ultra #2195,3738,34,205,7.1
Kontorartikler Model C Max #2196,2712,47,83,6.1
Kontorartikler Model C Compact #2197,1075,68,157,5.4
Kontorartikler Model C Mini #2198,1046,102,220,5.4
Kontorartikler Model C XL #2199,2048,96,93,5.4
Kontorartikler Model C S #2200,752,114,86,4.6
Kontorartikler Model C M #2201,3560,143,312,7.4
Kontorartikler Model C L #2202,3117,117,211,3.6
Kontorartikler Model C XL #2203,2914,100,224,4.0
Kontorartikler Model C XXL #2204,3401,134,298,6.6
Kontorartikler Model C V1 #2205,1411,58,77,4.0
Kontorartikler Model C V2 #2206,1969,143,254,3.9
Kontorartikler Model C V3 #2207,624,62,155,7.2
Kontorartikler Model C MK2 #2208,3643,40,132,4.7
Kontorartikler Model C MK3 #2209,2941,41,228,6.7
Kontorartikler Model C Gen2 #2210,2414,70,96,4.8
Kontorartikler Model C Gen3 #2211,3656,107,78,6.3
Kontorartikler Model C Sort #2212,3494,111,126,5.9
Kontorartikler Model C Hvid #2213,3204,127,288,5.2
Kontorartikler Model C Blå #2214,3325,106,290,7.1
Kontorartikler Model C Rød #2215,2393,56,259,5.5
Kontorartikler Model C Grøn #2216,3589,77,90,5.4
Kontorartikler Model C Grå #2217,1955,121,148,6.2
Kontorartikler Type 1 Pro #2218,752,56,134,6.9
Kontorartikler Type 1 Plus #2219,3480,80,191,5.2
Kontorartikler Type 1 Premium #2220,3159,42,57,5.5
Kontorartikler Type 1 Standard #2221,1016,82,274,6.2
Kontorartikler Type 1 Basic #2222,3084,145,113,5.2
Kontorartikler Type 1 Deluxe #2223,1931,142,307,5.1
Kontorartikler Type 1 Ultra #2224,3703,107,183,5.9
Kontorartikler Type 1 Max #2225,2449,102,179,5.4
Kontorartikler Type 1 Compact #2226,3684,146,150,4.5
Kontorartikler Type 1 Mini #2227,1368,39,142,4.5
Kontorartikler Type 1 XL #2228,3481,37,58,5.4
Kontorartikler Type 1 S #2229,3033,57,235,5.0
Kontorartikler Type 1 M #2230,3584,51,240,3.8
Kontorartikler Type 1 L #2231,2036,86,169,4.1
Kontorartikler Type 1 XL #2232,3657,48,148,4.2
Kontorartikler Type 1 XXL #2233,3378,116,126,4.9
Kontorartikler Type 1 V1 #2234,546,30,294,5.4
Kontorartikler Type 1 V2 #2235,1035,87,115,4.3
Kontorartikler Type 1 V3 #2236,2480,43,204,5.7
Kontorartikler Type 1 MK2 #2237,3613,26,178,4.2
Kontorartikler Type 1 MK3 #2238,3676,105,113,6.4
Kontorartikler Type 1 Gen2 #2239,1963,50,134,4.6
Kontorartikler Type 1 Gen3 #2240,1579,47,216,3.9
Kontorartikler Type 1 Sort #2241,667,105,250,6.5
Kontorartikler Type 1 Hvid #2242,2734,48,188,4.3
Kontorartikler Type 1 Blå #2243,2413,107,261,6.6
Kontorartikler Type 1 Rød #2244,3460,95,195,5.5
Kontorartikler Type 1 Grøn #2245,642,57,124,4.3
Kontorartikler Type 1 Grå #2246,1786,89,204,5.0
Kontorartikler Type 2 Pro #2247,520,37,105,3.9
Kontorartikler Type 2 Plus #2248,3138,147,223,7.3
Kontorartikler Type 2 Premium #2249,633,64,135,5.2
Kontorartikler Type 2 Standard #2250,3625,43,114,6.4
Kontorartikler Type 2 Basic #2251,1346,32,242,4.3
Kontorartikler Type 2 Deluxe #2252,2572,147,224,7.5
Kontorartikler Type 2 Ultra #2253,1951,31,89,6.0
Kontorartikler Type 2 Max #2254,3440,61,281,4.1
Kontorartikler Type 2 Compact #2255,2479,49,73,4.5
Kontorartikler Type 2 Mini #2256,2025,149,210,3.5
Kontorartikler Type 2 XL #2257,925,35,292,7.3
Kontorartikler Type 2 S #2258,1547,49,161,5.6
Kontorartikler Type 2 M #2259,1710,94,290,6.9
Kontorartikler Type 2 L #2260,548,65,111,5.3
Kontorartikler Type 2 XL #2261,1379,53,174,6.3
Kontorartikler Type 2 XXL #2262,1635,57,198,4.9
Kontorartikler Type 2 V1 #2263,1181,64,135,4.6
Kontorartikler Type 2 V2 #2264,3052,134,228,5.6
Kontorartikler Type 2 V3 #2265,1510,34,80,5.2
Kontorartikler Type 2 MK2 #2266,2865,72,180,5.5
Kontorartikler Type 2 MK3 #2267,3320,149,132,4.1
Kontorartikler Type 2 Gen2 #2268,1673,137,256,7.3
Kontorartikler Type 2 Gen3 #2269,2845,71,203,5.2
Kontorartikler Type 2 Sort #2270,1616,147,239,3.6
Kontorartikler Type 2 Hvid #2271,2208,112,106,7.3
Kontorartikler Type 2 Blå #2272,3175,49,191,7.2
Kontorartikler Type 2 Rød #2273,3696,28,102,7.0
Kontorartikler Type 2 Grøn #2274,2552,25,63,6.1
Kontorartikler Type 2 Grå #2275,3174,105,259,5.8
Kontorartikler Serie 100 Pro #2276,1853,67,241,6.7
Kontorartikler Serie 100 Plus #2277,1092,129,214,3.6
Kontorartikler Serie 100 Premium #2278,3600,99,221,4.9
Kontorartikler Serie 100 Standard #2279,3744,32,222,3.7
Kontorartikler Serie 100 Basic #2280,1717,69,135,4.1
Kontorartikler Serie 100 Deluxe #2281,1831,66,148,6.7
Kontorartikler Serie 100 Ultra #2282,1125,94,153,6.6
Kontorartikler Serie 100 Max #2283,587,81,155,4.9
Kontorartikler Serie 100 Compact #2284,2486,72,200,5.5
Kontorartikler Serie 100 Mini #2285,1319,45,108,6.3
Kontorartikler Serie 100 XL #2286,1245,62,193,4.5
Kontorartikler Serie 100 S #2287,905,83,165,5.7
Kontorartikler Serie 100 M #2288,1841,37,206,6.9
Kontorartikler Serie 100 L #2289,3586,59,242,7.3
Kontorartikler Serie 100 XL #2290,2703,113,181,7.4
Kontorartikler Serie 100 XXL #2291,812,85,233,5.1
Kontorartikler Serie 100 V1 #2292,1829,34,120,5.6
Kontorartikler Serie 100 V2 #2293,2254,107,190,6.7
Kontorartikler Serie 100 V3 #2294,1498,36,228,6.3
Kontorartikler Serie 100 MK2 #2295,3043,115,89,4.6
Kontorartikler Serie 100 MK3 #2296,1887,131,299,6.7
Kontorartikler Serie 100 Gen2 #2297,2908,32,253,6.3
Kontorartikler Serie 100 Gen3 #2298,1848,28,178,6.5
Kontorartikler Serie 100 Sort #2299,938,110,82,5.2
Kontorartikler Serie 100 Hvid #2300,2910,114,67,4.1
Kontorartikler Serie 100 Blå #2301,1167,94,283,6.8
Kontorartikler Serie 100 Rød #2302,1486,54,108,6.9
Kontorartikler Serie 100 Grøn #2303,2842,67,204,4.3
Kontorartikler Serie 100 Grå #2304,3598,131,287,5.0
Kontorartikler Serie 200 Pro #2305,1022,74,249,5.5
Kontorartikler Serie 200 Plus #2306,2211,87,291,6.9
Kontorartikler Serie 200 Premium #2307,2520,112,95,5.7
Kontorartikler Serie 200 Standard #2308,2688,96,94,7.0
Kontorartikler Serie 200 Basic #2309,2906,107,98,6.7
Kontorartikler Serie 200 Deluxe #2310,2851,145,190,3.8
Kontorartikler Serie 200 Ultra #2311,2258,127,276,5.7
Kontorartikler Serie 200 Max #2312,3048,148,225,5.9
Kontorartikler Serie 200 Compact #2313,2792,101,228,3.7
Kontorartikler Serie 200 Mini #2314,823,89,297,6.8
Kontorartikler Serie 200 XL #2315,752,91,297,4.4
Kontorartikler Serie 200 S #2316,956,60,62,5.7
Kontorartikler Serie 200 M #2317,713,52,272,6.8
Kontorartikler Serie 200 L #2318,1185,67,177,6.4
Kontorartikler Serie 200 XL #2319,734,128,245,5.7
Kontorartikler Serie 200 XXL #2320,1832,85,280,6.9
Kontorartikler Serie 200 V1 #2321,1081,129,131,4.3
Kontorartikler Serie 200 V2 #2322,2627,83,303,4.9
Kontorartikler Serie 200 V3 #2323,1302,115,85,7.3
Kontorartikler Serie 200 MK2 #2324,706,65,284,4.1
Kontorartikler Serie 200 MK3 #2325,2036,137,246,5.0
Kontorartikler Serie 200 Gen2 #2326,779,118,290,6.4
Kontorartikler Serie 200 Gen3 #2327,3278,67,99,5.2
Kontorartikler Serie 200 Sort #2328,3160,132,114,5.4
Kontorartikler Serie 200 Hvid #2329,2065,113,74,5.4
Kontorartikler Serie 200 Blå #2330,913,40,272,4.8
Kontorartikler Serie 200 Rød #2331,3484,88,109,4.0
Kontorartikler Serie 200 Grøn #2332,1508,108,238,6.8
Kontorartikler Serie 200 Grå #2333,3277,138,240,3.6
Kontorartikler Edition Pro #2334,633,133,261,5.1
Kontorartikler Edition Plus #2335,585,48,193,6.0
Kontorartikler Edition Premium #2336,3637,67,300,6.6
Kontorartikler Edition Standard #2337,1332,65,191,7.4
Kontorartikler Edition Basic #2338,1922,99,199,7.1
Kontorartikler Edition Deluxe #2339,2659,34,234,6.3
Kontorartikler Edition Ultra #2340,2807,122,148,4.3
Kontorartikler Edition Max #2341,724,136,192,5.8
Kontorartikler Edition Compact #2342,3035,136,74,6.1
Kontorartikler Edition Mini #2343,1900,63,243,6.9
Kontorartikler Edition XL #2344,1081,123,206,4.2
Kontorartikler Edition S #2345,2522,60,105,4.2
Kontorartikler Edition M #2346,1534,127,173,5.4
Kontorartikler Edition L #2347,1849,34,231,4.3
Kontorartikler Edition XL #2348,3414,32,298,4.7
Kontorartikler Edition XXL #2349,451,67,264,5.5
Kontorartikler Edition V1 #2350,1457,89,169,5.3
Kontorartikler Edition V2 #2351,1833,148,99,4.1
Kontorartikler Edition V3 #2352,1222,32,152,6.5
Kontorartikler Edition MK2 #2353,616,83,89,6.4
Kontorartikler Edition MK3 #2354,3445,88,137,7.3
Kontorartikler Edition Gen2 #2355,3214,29,202,3.8
Kontorartikler Edition Gen3 #2356,3181,92,124,5.5
Kontorartikler Edition Sort #2357,2589,86,70,5.8
Kontorartikler Edition Hvid #2358,1710,112,292,5.3
Kontorartikler Edition Blå #2359,1945,107,150,6.6
Kontorartikler Edition Rød #2360,807,30,96,4.9
Kontorartikler Edition Grøn #2361,3607,113,156,5.9
Kontorartikler Edition Grå #2362,1915,37,193,7.1
Kontorartikler Classic Pro #2363,936,67,287,6.4
Kontorartikler Classic Plus #2364,3113,59,164,7.2
Kontorartikler Classic Premium #2365,2841,105,129,5.2
Kontorartikler Classic Standard #2366,3479,129,276,6.9
Kontorartikler Classic Basic #2367,1799,119,242,5.9
Kontorartikler Classic Deluxe #2368,565,144,282,6.6
Kontorartikler Classic Ultra #2369,821,107,205,5.2
Kontorartikler Classic Max #2370,631,122,287,4.3
Kontorartikler Classic Compact #2371,3699,74,153,4.4
Kontorartikler Classic Mini #2372,1807,122,135,4.4
Kontorartikler Classic XL #2373,3174,83,62,3.8
Kontorartikler Classic S #2374,869,119,125,4.7
Kontorartikler Classic M #2375,3052,110,256,4.7
Kontorartikler Classic L #2376,2925,140,303,4.9
Kontorartikler Classic XL #2377,1724,84,104,6.8
Kontorartikler Classic XXL #2378,2753,115,121,7.2
Kontorartikler Classic V1 #2379,1186,74,68,5.5
Kontorartikler Classic V2 #2380,2526,116,162,4.9
Kontorartikler Classic V3 #2381,568,144,293,7.0
Kontorartikler Classic MK2 #2382,930,110,96,5.3
Kontorartikler Classic MK3 #2383,1349,28,135,6.5
Kontorartikler Classic Gen2 #2384,473,127,113,4.9
Kontorartikler Classic Gen3 #2385,2932,29,275,5.7
Kontorartikler Classic Sort #2386,3688,144,82,7.4
Kontorartikler Classic Hvid #2387,862,103,260,5.7
Kontorartikler Classic Blå #2388,1601,37,78,6.8
Kontorartikler Classic Rød #2389,1093,76,212,7.2
Kontorartikler Classic Grøn #2390,2396,54,304,6.1
Kontorartikler Classic Grå #2391,3565,28,122,6.3
Kontorartikler Modern Pro #2392,2635,40,172,6.7
Kontorartikler Modern Plus #2393,718,142,90,5.5
Kontorartikler Modern Premium #2394,562,148,310,4.5
Kontorartikler Modern Standard #2395,1503,121,219,7.0
Kontorartikler Modern Basic #2396,3565,103,224,7.1
Kontorartikler Modern Deluxe #2397,3284,44,115,6.0
Kontorartikler Modern Ultra #2398,1833,114,306,6.1
Kontorartikler Modern Max #2399,1155,103,292,5.1
Kontorartikler Modern Compact #2400,3737,74,186,4.5
Kontorartikler Modern Mini #2401,903,108,206,6.7
Kontorartikler Modern XL #2402,2565,102,289,4.2
Kontorartikler Modern S #2403,839,132,272,5.0
Kontorartikler Modern M #2404,1785,85,126,5.4
Kontorartikler Modern L #2405,2922,71,220,6.1
Kontorartikler Modern XL #2406,1602,93,94,6.7
Kontorartikler Modern XXL #2407,1593,64,130,7.1
Kontorartikler Modern V1 #2408,1264,89,308,4.2
Kontorartikler Modern V2 #2409,3428,141,301,3.7
Kontorartikler Modern V3 #2410,2969,123,282,6.8
Kontorartikler Modern MK2 #2411,3181,31,57,4.3
Kontorartikler Modern MK3 #2412,1557,39,157,6.4
Kontorartikler Modern Gen2 #2413,2094,133,239,5.9
Kontorartikler Modern Gen3 #2414,1184,83,121,3.7
Kontorartikler Modern Sort #2415,2396,72,67,4.8
Kontorartikler Modern Hvid #2416,1765,123,188,5.8
Kontorartikler Modern Blå #2417,1274,141,321,7.3
Kontorartikler Modern Rød #2418,1185,115,171,4.3
Kontorartikler Modern Grøn #2419,3386,122,126,6.6
Kontorartikler Modern Grå #2420,1976,84,274,5.2
Kontorartikler Industri Pro #2421,3320,70,122,6.7
Kontorartikler Industri Plus #2422,537,87,142,7.4
Kontorartikler Industri Premium #2423,2547,140,279,3.7
Kontorartikler Industri Standard #2424,2490,134,81,6.0
Kontorartikler Industri Basic #2425,2143,84,70,5.3
Kontorartikler Industri Deluxe #2426,1935,143,169,5.2
Kontorartikler Industri Ultra #2427,1127,65,162,5.0
Kontorartikler Industri Max #2428,2843,141,276,5.4
Kontorartikler Industri Compact #2429,1340,70,152,7.1
Kontorartikler Industri Mini #2430,665,142,207,4.2
Kontorartikler Industri XL #2431,1709,101,198,3.8
Kontorartikler Industri S #2432,1650,119,238,7.0
Kontorartikler Industri M #2433,2717,91,154,4.1
Kontorartikler Industri L #2434,2916,107,242,3.6
Kontorartikler Industri XL #2435,3164,89,210,6.8
Kontorartikler Industri XXL #2436,1440,101,82,7.5
Kontorartikler Industri V1 #2437,3186,74,272,6.9
Kontorartikler Industri V2 #2438,1011,59,214,5.4
Kontorartikler Industri V3 #2439,1007,44,242,6.4
Kontorartikler Industri MK2 #2440,712,102,227,6.9
Kontorartikler Industri MK3 #2441,3068,103,112,4.2
Kontorartikler Industri Gen2 #2442,3709,96,146,6.4
Kontorartikler Industri Gen3 #2443,1384,96,102,4.1
Kontorartikler Industri Sort #2444,2207,44,75,7.0
Kontorartikler Industri Hvid #2445,2065,27,175,5.5
Kontorartikler Industri Blå #2446,2437,131,73,6.5
Kontorartikler Industri Rød #2447,3177,43,91,5.8
Kontorartikler Industri Grøn #2448,1196,29,55,3.7
Kontorartikler Industri Grå #2449,1103,76,140,5.4
Kontorartikler Professionel Pro #2450,3234,40,194,6.3
Kontorartikler Professionel Plus #2451,2245,109,218,5.5
Kontorartikler Professionel Premium #2452,1084,54,265,7.3
Kontorartikler Professionel Standard #2453,3278,111,209,5.6
Kontorartikler Professionel Basic #2454,2162,94,181,6.1
Kontorartikler Professionel Deluxe #2455,1576,80,305,6.7
Kontorartikler Professionel Ultra #2456,2174,52,220,6.9
Kontorartikler Professionel Max #2457,3701,86,186,6.7
Kontorartikler Professionel Compact #2458,1675,42,71,6.5
Kontorartikler Professionel Mini #2459,756,54,204,3.8
Kontorartikler Professionel XL #2460,1404,42,253,4.3
Kontorartikler Professionel S #2461,2895,111,252,5.3
Kontorartikler Professionel M #2462,1600,124,121,6.0
Kontorartikler Professionel L #2463,1760,92,142,3.5
Kontorartikler Professionel XL #2464,3527,118,241,5.4
Kontorartikler Professionel XXL #2465,2254,28,178,5.4
Kontorartikler Professionel V1 #2466,3013,136,240,7.2
Kontorartikler Professionel V2 #2467,1808,130,246,7.4
Kontorartikler Professionel V3 #2468,625,126,185,4.4
Kontorartikler Professionel MK2 #2469,1574,95,111,7.0
Kontorartikler Professionel MK3 #2470,2098,38,103,6.2
Kontorartikler Professionel Gen2 #2471,2317,76,281,6.8
Kontorartikler Professionel Gen3 #2472,2711,34,77,4.2
Kontorartikler Professionel Sort #2473,1332,69,91,7.2
Kontorartikler Professionel Hvid #2474,2715,128,155,4.4
Kontorartikler Professionel Blå #2475,3438,117,248,6.8
Kontorartikler Professionel Rød #2476,2866,124,204,4.1
Kontorartikler Professionel Grøn #2477,1980,43,153,6.6
Kontorartikler Professionel Grå #2478,2039,90,202,4.1
Kontorartikler Commercial Pro #2479,1616,75,120,5.3
Kontorartikler Commercial Plus #2480,2245,85,94,5.6
Kontorartikler Commercial Premium #2481,2422,64,116,5.2
Kontorartikler Commercial Standard #2482,1437,49,192,4.9
Kontorartikler Commercial Basic #2483,2187,68,225,4.2
Kontorartikler Commercial Deluxe #2484,829,149,224,3.5
Kontorartikler Commercial Ultra #2485,3017,50,240,5.5
Kontorartikler Commercial Max #2486,3193,60,97,4.9
Kontorartikler Commercial Compact #2487,1924,59,68,5.6
Kontorartikler Commercial Mini #2488,2947,127,103,3.6
Kontorartikler Commercial XL #2489,2066,41,172,7.0
Kontorartikler Commercial S #2490,1328,67,149,4.0
Kontorartikler Commercial M #2491,550,74,91,6.5
Kontorartikler Commercial L #2492,3654,103,144,7.2
Kontorartikler Commercial XL #2493,3529,93,140,5.3
Kontorartikler Commercial XXL #2494,2898,136,256,5.5
Kontorartikler Commercial V1 #2495,2778,104,299,5.1
Kontorartikler Commercial V2 #2496,2867,125,79,5.4
Kontorartikler Commercial V3 #2497,1015,47,230,4.0
Kontorartikler Commercial MK2 #2498,2478,125,282,5.9
Kontorartikler Commercial MK3 #2499,3388,149,122,6.3
Kontorartikler Commercial Gen2 #2500,2686,43,215,4.3
Kontorartikler Commercial Gen3 #2501,2102,66,162,4.9
Kontorartikler Commercial Sort #2502,2019,100,255,5.5
Kontorartikler Commercial Hvid #2503,1915,108,124,6.7
Kontorartikler Commercial Blå #2504,495,55,81,3.9
Kontorartikler Commercial Rød #2505,1226,67,171,6.1
Kontorartikler Commercial Grøn #2506,1315,139,100,6.3
Kontorartikler Commercial Grå #2507,1447,41,79,5.3
Kontorartikler Model A Pro #2508,1603,115,124,6.6
Kontorartikler Model A Plus #2509,2341,85,212,7.5
Kontorartikler Model A Premium #2510,3062,75,265,7.0
Kontorartikler Model A Standard #2511,1498,61,173,5.7
Kontorartikler Model A Basic #2512,484,45,131,6.6
Kontorartikler Model A Deluxe #2513,2499,27,149,5.9
Kontorartikler Model A Ultra #2514,3674,126,119,6.8
Kontorartikler Model A Max #2515,2814,114,138,5.9
Kontorartikler Model A Compact #2516,1563,91,180,7.5
Kontorartikler Model A Mini #2517,3309,80,211,6.7
Kontorartikler Model A XL #2518,2898,116,216,4.6
Kontorartikler Model A S #2519,1847,104,249,3.9
Kontorartikler Model A M #2520,792,125,113,5.5
Kontorartikler Model A L #2521,2923,53,203,7.2
Kontorartikler Model A XL #2522,2395,136,146,7.0
Kontorartikler Model A XXL #2523,3206,38,163,6.0
Kontorartikler Model A V1 #2524,3345,40,73,4.1
Kontorartikler Model A V2 #2525,1685,135,189,4.3
Kontorartikler Model A V3 #2526,3289,117,78,5.0
Kontorartikler Model A MK2 #2527,2377,128,315,5.4
Kontorartikler Model A MK3 #2528,2799,95,217,4.3
Kontorartikler Model A Gen2 #2529,502,63,178,5.0
Kontorartikler Model A Gen3 #2530,2166,140,123,3.6
Kontorartikler Model A Sort #2531,1598,28,221,6.9
Kontorartikler Model A Hvid #2532,621,47,241,5.1
Kontorartikler Model A Blå #2533,1837,40,233,7.4
Kontorartikler Model A Rød #2534,2929,37,58,5.2
Kontorartikler Model A Grøn #2535,923,36,198,6.1
Kontorartikler Model A Grå #2536,2456,116,124,4.7
Kontorartikler Model B Pro #2537,1329,127,266,6.6
Kontorartikler Model B Plus #2538,2264,147,191,6.8
Kontorartikler Model B Premium #2539,3710,64,147,4.4
Kontorartikler Model B Standard #2540,1482,52,154,6.8
Kontorartikler Model B Basic #2541,3241,81,146,4.2
Kontorartikler Model B Deluxe #2542,1156,143,184,5.2
Kontorartikler Model B Ultra #2543,842,105,199,7.2
Kontorartikler Model B Max #2544,2104,51,180,3.9
Kontorartikler Model B Compact #2545,2144,134,122,6.7
Kontorartikler Model B Mini #2546,3167,53,175,4.2
Kontorartikler Model B XL #2547,2321,86,96,3.7
Kontorartikler Model B S #2548,1924,30,92,4.7
Kontorartikler Model B M #2549,961,141,206,7.4
Kontorartikler Model B L #2550,3439,86,280,5.0
Kontorartikler Model B XL #2551,514,48,65,5.7
Kontorartikler Model B XXL #2552,1609,103,158,4.7
Kontorartikler Model B V1 #2553,3636,25,236,6.2
Kontorartikler Model B V2 #2554,1418,43,293,4.9
Kontorartikler Model B V3 #2555,2415,119,210,3.7
Kontorartikler Model B MK2 #2556,1381,106,231,4.2
Kontorartikler Model B MK3 #2557,2787,117,152,6.5
Kontorartikler Model B Gen2 #2558,458,93,93,6.6
Kontorartikler Model B Gen3 #2559,3020,46,110,4.6
Kontorartikler Model B Sort #2560,830,50,80,4.8
Kontorartikler Model B Hvid #2561,1583,138,300,5.8
Kontorartikler Model B Blå #2562,1592,123,143,7.3
Kontorartikler Model B Rød #2563,3094,103,221,3.7
Kontorartikler Model B Grøn #2564,1282,40,201,4.9
Kontorartikler Model B Grå #2565,3644,119,201,6.3
Kontorartikler Model C Pro #2566,2061,29,272,4.5
Kontorartikler Model C Plus #2567,2206,97,170,5.4
Kontorartikler Model C Premium #2568,984,47,306,6.6
Kontorartikler Model C Standard #2569,3062,28,198,4.6
Kontorartikler Model C Basic #2570,3463,70,298,4.5
Kontorartikler Model C Deluxe #2571,3222,68,152,5.4
Kontorartikler Model C Ultra #2572,856,90,142,4.8
Kontorartikler Model C Max #2573,1836,85,204,3.6
Kontorartikler Model C Compact #2574,1832,36,115,7.3
Kontorartikler Model C Mini #2575,1119,115,175,4.1
Kontorartikler Model C XL #2576,3034,45,79,7.3
Kontorartikler Model C S #2577,2703,145,277,7.4
Kontorartikler Model C M #2578,796,109,96,4.2
Kontorartikler Model C L #2579,2455,88,200,5.1
Kontorartikler Model C XL #2580,2045,48,296,3.7
Kontorartikler Model C XXL #2581,3739,122,102,5.5
Kontorartikler Model C V1 #2582,1470,103,215,6.3
Kontorartikler Model C V2 #2583,726,72,126,7.2
Kontorartikler Model C V3 #2584,3257,146,283,4.8
Kontorartikler Model C MK2 #2585,2083,98,292,7.5
Kontorartikler Model C MK3 #2586,639,131,144,7.3
Kontorartikler Model C Gen2 #2587,1021,106,72,7.5
Kontorartikler Model C Gen3 #2588,3548,30,166,5.9
Kontorartikler Model C Sort #2589,1656,137,289,6.3
Kontorartikler Model C Hvid #2590,3005,117,195,3.9
Kontorartikler Model C Blå #2591,3522,77,239,7.2
Kontorartikler Model C Rød #2592,759,51,78,4.2
Kontorartikler Model C Grøn #2593,2229,148,266,6.5
Kontorartikler Model C Grå #2594,2867,29,156,3.8
Kontorartikler Type 1 Pro #2595,479,131,84,6.1
Kontorartikler Type 1 Plus #2596,1232,45,135,5.3
Kontorartikler Type 1 Premium #2597,1211,30,110,6.5
Kontorartikler Type 1 Standard #2598,2663,49,244,3.6
Kontorartikler Type 1 Basic #2599,2077,84,153,7.4
Kontorartikler Type 1 Deluxe #2600,1231,82,82,3.6
Kontorartikler Type 1 Ultra #2601,2868,38,95,3.9
Kontorartikler Type 1 Max #2602,2636,102,227,4.2
Kontorartikler Type 1 Compact #2603,2316,88,295,5.5
Kontorartikler Type 1 Mini #2604,870,51,183,6.7
Kontorartikler Type 1 XL #2605,3190,70,184,5.8
Kontorartikler Type 1 S #2606,721,134,233,6.7
Kontorartikler Type 1 M #2607,3688,112,301,6.9
Kontorartikler Type 1 L #2608,1099,51,276,3.5
Kontorartikler Type 1 XL #2609,1337,50,228,7.0
Kontorartikler Type 1 XXL #2610,2048,104,134,4.9
Kontorartikler Type 1 V1 #2611,2271,87,167,6.2
Kontorartikler Type 1 V2 #2612,1112,89,184,6.9
Kontorartikler Type 1 V3 #2613,2542,104,208,5.0
Kontorartikler Type 1 MK2 #2614,2556,76,289,5.1
Kontorartikler Type 1 MK3 #2615,2033,68,273,5.6
Kontorartikler Type 1 Gen2 #2616,1027,97,164,4.1
Kontorartikler Type 1 Gen3 #2617,3490,67,252,4.3
Kontorartikler Type 1 Sort #2618,958,71,246,5.1
Kontorartikler Type 1 Hvid #2619,2261,89,92,3.6
Kontorartikler Type 1 Blå #2620,2135,52,72,7.4
Kontorartikler Type 1 Rød #2621,2271,83,219,6.9
Kontorartikler Type 1 Grøn #2622,2154,27,259,5.8
Kontorartikler Type 1 Grå #2623,2750,60,256,5.1
Kontorartikler Type 2 Pro #2624,2193,81,252,3.6
Kontorartikler Type 2 Plus #2625,671,75,63,5.7
Kontorartikler Type 2 Premium #2626,1822,103,255,6.3
Kontorartikler Type 2 Standard #2627,3303,133,302,3.9
Kontorartikler Type 2 Basic #2628,2042,26,64,6.1
Kontorartikler Type 2 Deluxe #2629,1578,35,65,4.4
Kontorartikler Type 2 Ultra #2630,1278,145,204,6.7
Kontorartikler Type 2 Max #2631,2528,107,95,4.1
Kontorartikler Type 2 Compact #2632,2210,121,273,5.4
Kontorartikler Type 2 Mini #2633,907,126,263,6.2
Kontorartikler Type 2 XL #2634,2326,42,88,5.4
Kontorartikler Type 2 S #2635,2130,38,125,4.9
Kontorartikler Type 2 M #2636,1127,53,70,5.9
Kontorartikler Type 2 L #2637,650,90,184,7.3
Kontorartikler Type 2 XL #2638,1346,88,152,3.5
Kontorartikler Type 2 XXL #2639,1450,83,101,3.6
Kontorartikler Type 2 V1 #2640,2064,135,168,5.1
Kontorartikler Type 2 V2 #2641,713,95,193,6.6
Kontorartikler Type 2 V3 #2642,1453,97,100,7.3
Kontorartikler Type 2 MK2 #2643,2201,107,74,7.2
Kontorartikler Type 2 MK3 #2644,2260,97,173,4.0
Kontorartikler Type 2 Gen2 #2645,1692,114,187,3.7
Kontorartikler Type 2 Gen3 #2646,2574,93,202,7.0
Kontorartikler Type 2 Sort #2647,2247,136,303,4.0
Kontorartikler Type 2 Hvid #2648,1551,94,141,3.6
Kontorartikler Type 2 Blå #2649,1399,72,218,6.7
Kontorartikler Type 2 Rød #2650,1511,27,195,3.6
Kontorartikler Type 2 Grøn #2651,578,99,173,4.6
Kontorartikler Type 2 Grå #2652,3373,141,79,7.1
Kontorartikler Serie 100 Pro #2653,1915,79,281,5.5
Kontorartikler Serie 100 Plus #2654,3012,132,271,5.1
Kontorartikler Serie 100 Premium #2655,1780,87,89,4.4
Kontorartikler Serie 100 Standard #2656,3641,142,280,5.0
Kontorartikler Serie 100 Basic #2657,3336,102,102,4.5
Kontorartikler Serie 100 Deluxe #2658,1653,46,167,7.1
Kontorartikler Serie 100 Ultra #2659,1374,92,140,4.6
Kontorartikler Serie 100 Max #2660,1061,143,92,3.5
Kontorartikler Serie 100 Compact #2661,2101,106,203,5.4
Kontorartikler Serie 100 Mini #2662,1697,104,122,3.7
Kontorartikler Serie 100 XL #2663,2374,98,93,7.3
Kontorartikler Serie 100 S #2664,3214,35,301,4.1
Kontorartikler Serie 100 M #2665,2873,108,80,3.7
Kontorartikler Serie 100 L #2666,3230,94,108,4.6
Kontorartikler Serie 100 XL #2667,3353,108,192,4.5
Kontorartikler Serie 100 XXL #2668,2042,76,268,6.9
Kontorartikler Serie 100 V1 #2669,1221,129,101,6.6
Kontorartikler Serie 100 V2 #2670,2835,38,234,7.1
Kontorartikler Serie 100 V3 #2671,1217,134,162,5.8
Kontorartikler Serie 100 MK2 #2672,3749,98,306,6.1
Kontorartikler Serie 100 MK3 #2673,1712,104,234,7.1
Kontorartikler Serie 100 Gen2 #2674,1088,83,194,5.1
Kontorartikler Serie 100 Gen3 #2675,2834,126,297,4.2
Kontorartikler Serie 100 Sort #2676,2428,101,100,4.1
Kontorartikler Serie 100 Hvid #2677,1113,119,194,5.3
Kontorartikler Serie 100 Blå #2678,2589,60,134,6.8
Kontorartikler Serie 100 Rød #2679,1085,99,238,4.0
Kontorartikler Serie 100 Grøn #2680,496,112,232,4.6
Kontorartikler Serie 100 Grå #2681,2664,142,250,4.1
Kontorartikler Serie 200 Pro #2682,2152,86,99,6.3
Kontorartikler Serie 200 Plus #2683,1713,144,100,6.6
Kontorartikler Serie 200 Premium #2684,2727,40,88,5.5
Kontorartikler Serie 200 Standard #2685,979,146,132,5.9
Kontorartikler Serie 200 Basic #2686,2772,66,168,5.3
Kontorartikler Serie 200 Deluxe #2687,3143,118,74,5.2
Kontorartikler Serie 200 Ultra #2688,3740,35,210,6.5
Kontorartikler Serie 200 Max #2689,1789,41,92,4.3
Kontorartikler Serie 200 Compact #2690,1925,137,155,3.7
Kontorartikler Serie 200 Mini #2691,2169,127,133,5.4
Kontorartikler Serie 200 XL #2692,1251,62,245,6.3
Kontorartikler Serie 200 S #2693,1664,99,294,3.8
Kontorartikler Serie 200 M #2694,1615,134,233,4.7
Kontorartikler Serie 200 L #2695,804,114,113,3.7
Kontorartikler Serie 200 XL #2696,2087,98,311,5.4
Kontorartikler Serie 200 XXL #2697,2286,65,121,3.7
Kontorartikler Serie 200 V1 #2698,2147,66,179,6.5
Kontorartikler Serie 200 V2 #2699,3246,136,90,5.9
Kontorartikler Serie 200 V3 #2700,1995,140,157,4.0
Kontorartikler Serie 200 MK2 #2701,737,71,207,6.0
Kontorartikler Serie 200 MK3 #2702,986,88,131,3.7
Kontorartikler Serie 200 Gen2 #2703,1264,90,160,6.6
Kontorartikler Serie 200 Gen3 #2704,1892,40,63,6.1
Kontorartikler Serie 200 Sort #2705,3195,124,232,4.8
Kontorartikler Serie 200 Hvid #2706,2976,130,232,5.0
Kontorartikler Serie 200 Blå #2707,1623,100,159,7.0
Kontorartikler Serie 200 Rød #2708,2269,108,189,6.1
Kontorartikler Serie 200 Grøn #2709,1061,130,282,6.3
Kontorartikler Serie 200 Grå #2710,2057,104,230,6.4
Kontorartikler Edition Pro #2711,980,122,216,7.3
Kontorartikler Edition Plus #2712,647,111,136,6.5
Kontorartikler Edition Premium #2713,1884,68,287,6.3
Kontorartikler Edition Standard #2714,3509,92,89,4.9
Kontorartikler Edition Basic #2715,1300,139,250,7.0
Kontorartikler Edition Deluxe #2716,2814,82,189,3.9
Kontorartikler Edition Ultra #2717,1796,137,139,4.3
Kontorartikler Edition Max #2718,1728,38,303,4.9
Kontorartikler Edition Compact #2719,1588,132,152,6.5
Kontorartikler Edition Mini #2720,1856,93,196,5.4
Kontorartikler Edition XL #2721,1925,27,230,6.3
Kontorartikler Edition S #2722,2917,29,158,4.4
Kontorartikler Edition M #2723,1221,78,168,6.2
Kontorartikler Edition L #2724,2747,143,173,5.8
Kontorartikler Edition XL #2725,2128,32,212,5.9
Kontorartikler Edition XXL #2726,1198,61,266,3.5
Kontorartikler Edition V1 #2727,1125,86,305,5.1
Kontorartikler Edition V2 #2728,3278,144,217,6.6
Kontorartikler Edition V3 #2729,1174,113,241,5.4
Kontorartikler Edition MK2 #2730,2552,85,153,7.1
Kontorartikler Edition MK3 #2731,3326,56,190,5.5
Kontorartikler Edition Gen2 #2732,758,121,244,5.3
Kontorartikler Edition Gen3 #2733,2505,63,96,6.3
Kontorartikler Edition Sort #2734,3073,50,122,6.3
Kontorartikler Edition Hvid #2735,529,46,283,5.3
Kontorartikler Edition Blå #2736,520,66,100,3.5
Kontorartikler Edition Rød #2737,1191,29,155,4.7
Kontorartikler Edition Grøn #2738,676,85,113,5.8
Kontorartikler Edition Grå #2739,621,92,155,4.8
Kontorartikler Classic Pro #2740,1304,80,187,7.1
Kontorartikler Classic Plus #2741,3688,106,250,6.3
Kontorartikler Classic Premium #2742,1588,42,156,3.7
Kontorartikler Classic Standard #2743,3015,129,319,4.7
Kontorartikler Classic Basic #2744,2125,81,218,6.3
Kontorartikler Classic Deluxe #2745,882,129,271,5.6
Kontorartikler Classic Ultra #2746,595,63,234,3.5
Kontorartikler Classic Max #2747,2110,66,310,3.9
Kontorartikler Classic Compact #2748,3417,83,260,4.9
Kontorartikler Classic Mini #2749,779,61,233,6.6
Kontorartikler Classic XL #2750,1976,42,74,6.0
Kontorartikler Classic S #2751,1304,72,296,7.2
Kontorartikler Classic M #2752,3144,81,240,4.9
Kontorartikler Classic L #2753,3368,143,83,6.1
Kontorartikler Classic XL #2754,1364,96,203,5.2
Kontorartikler Classic XXL #2755,964,55,111,6.2
Kontorartikler Classic V1 #2756,860,146,258,7.2
Kontorartikler Classic V2 #2757,3087,116,190,5.2
Kontorartikler Classic V3 #2758,730,108,128,4.1
Kontorartikler Classic MK2 #2759,870,116,229,5.2
Kontorartikler Classic MK3 #2760,3074,116,225,7.3
Kontorartikler Classic Gen2 #2761,1112,28,206,7.3
Kontorartikler Classic Gen3 #2762,1167,92,260,7.0
Kontorartikler Classic Sort #2763,1562,138,173,3.8
Kontorartikler Classic Hvid #2764,3287,116,224,5.1
Kontorartikler Classic Blå #2765,2881,110,244,3.9
Kontorartikler Classic Rød #2766,1549,40,106,5.3
Kontorartikler Classic Grøn #2767,3317,107,125,4.8
Kontorartikler Classic Grå #2768,2658,30,88,4.3
Kontorartikler Modern Pro #2769,2431,28,116,6.7
Kontorartikler Modern Plus #2770,3366,72,187,7.4
Kontorartikler Modern Premium #2771,2167,131,85,7.3
Kontorartikler Modern Standard #2772,3275,115,92,4.4
Kontorartikler Modern Basic #2773,2049,100,91,7.2
Kontorartikler Modern Deluxe #2774,936,45,134,4.6
Kontorartikler Modern Ultra #2775,917,54,227,4.4
Kontorartikler Modern Max #2776,1506,41,242,4.7
Kontorartikler Modern Compact #2777,3060,101,149,7.5
Kontorartikler Modern Mini #2778,1027,147,204,5.8
Kontorartikler Modern XL #2779,837,135,303,4.2
Kontorartikler Modern S #2780,1249,93,224,6.4
Kontorartikler Modern M #2781,1139,44,120,6.0
Kontorartikler Modern L #2782,597,74,232,5.5
Kontorartikler Modern XL #2783,1194,37,96,5.0
Kontorartikler Modern XXL #2784,1845,131,88,5.8
Kontorartikler Modern V1 #2785,3291,119,149,5.0
Kontorartikler Modern V2 #2786,3544,148,123,7.1
Kontorartikler Modern V3 #2787,3743,49,264,5.3
Kontorartikler Modern MK2 #2788,2303,80,177,6.5
Kontorartikler Modern MK3 #2789,3191,126,240,3.9
Kontorartikler Modern Gen2 #2790,1006,122,189,3.8
Kontorartikler Modern Gen3 #2791,3118,92,195,7.4
Kontorartikler Modern Sort #2792,3036,117,290,7.1
Kontorartikler Modern Hvid #2793,3042,42,295,5.5
Kontorartikler Modern Blå #2794,853,32,287,6.4
Kontorartikler Modern Rød #2795,2983,29,289,6.1
Kontorartikler Modern Grøn #2796,1387,141,304,4.5
Kontorartikler Modern Grå #2797,3390,31,179,3.9
Kontorartikler Industri Pro #2798,2955,62,250,4.3
Kontorartikler Industri Plus #2799,3400,120,252,7.1
Kontorartikler Industri Premium #2800,1285,105,141,6.4
Kontorartikler Industri Standard #2801,3673,63,265,4.4
Kontorartikler Industri Basic #2802,3416,87,107,4.1
Kontorartikler Industri Deluxe #2803,1839,146,104,5.4
Kontorartikler Industri Ultra #2804,2015,76,209,5.0
Kontorartikler Industri Max #2805,1858,47,273,6.5
Kontorartikler Industri Compact #2806,3472,44,103,6.6
Kontorartikler Industri Mini #2807,2391,88,287,6.8
Kontorartikler Industri XL #2808,1033,97,260,4.0
Kontorartikler Industri S #2809,774,30,128,5.3
Kontorartikler Industri M #2810,2726,61,286,4.4
Kontorartikler Industri L #2811,3329,37,114,4.0
Kontorartikler Industri XL #2812,948,79,247,6.2
Kontorartikler Industri XXL #2813,3641,69,128,5.7
Kontorartikler Industri V1 #2814,660,44,206,6.4
Kontorartikler Industri V2 #2815,541,52,252,4.6
Kontorartikler Industri V3 #2816,2223,92,296,3.6
Kontorartikler Industri MK2 #2817,3674,39,279,7.3
Kontorartikler Industri MK3 #2818,1525,50,102,4.2
Kontorartikler Industri Gen2 #2819,2832,117,190,6.1
Kontorartikler Industri Gen3 #2820,3354,82,263,6.0
Kontorartikler Industri Sort #2821,560,55,274,3.6
Kontorartikler Industri Hvid #2822,1920,100,238,5.8
Kontorartikler Industri Blå #2823,1343,129,285,5.6
Kontorartikler Industri Rød #2824,3065,110,270,5.8
Kontorartikler Industri Grøn #2825,2672,90,308,6.7
Kontorartikler Industri Grå #2826,632,35,234,6.5
Kontorartikler Professionel Pro #2827,2389,88,245,3.8
Kontorartikler Professionel Plus #2828,1766,101,193,5.3
Kontorartikler Professionel Premium #2829,2810,74,218,7.4
Kontorartikler Professionel Standard #2830,2843,96,80,5.4
Kontorartikler Professionel Basic #2831,2201,44,149,5.1
Kontorartikler Professionel Deluxe #2832,2105,76,281,3.9
Kontorartikler Professionel Ultra #2833,2094,70,176,5.6
Kontorartikler Professionel Max #2834,3693,70,240,6.6
Kontorartikler Professionel Compact #2835,2105,92,97,4.4
Kontorartikler Professionel Mini #2836,2823,64,115,5.8
Kontorartikler Professionel XL #2837,735,119,106,4.3
Kontorartikler Professionel S #2838,3706,53,182,5.5
Kontorartikler Professionel M #2839,3651,118,116,3.8
Kontorartikler Professionel L #2840,2987,31,232,5.4
Kontorartikler Professionel XL #2841,3656,61,268,5.7
Kontorartikler Professionel XXL #2842,2756,45,276,4.3
Kontorartikler Professionel V1 #2843,1082,67,97,3.7
Kontorartikler Professionel V2 #2844,1279,26,206,7.1
Kontorartikler Professionel V3 #2845,894,139,198,4.4
Kontorartikler Professionel MK2 #2846,1624,37,164,6.1
Kontorartikler Professionel MK3 #2847,1963,61,217,5.4
Kontorartikler Professionel Gen2 #2848,1235,40,69,3.8
Kontorartikler Professionel Gen3 #2849,2651,121,92,4.5
Kontorartikler Professionel Sort #2850,2438,35,76,5.0
Kontorartikler Professionel Hvid #2851,849,121,248,4.7
Kontorartikler Professionel Blå #2852,875,65,264,4.6
Kontorartikler Professionel Rød #2853,970,42,60,6.6
Kontorartikler Professionel Grøn #2854,2354,76,65,5.5
Kontorartikler Professionel Grå #2855,981,75,144,3.7
Kontorartikler Commercial Pro #2856,2358,53,186,5.1
Kontorartikler Commercial Plus #2857,1808,101,124,6.7
Kontorartikler Commercial Premium #2858,3489,98,291,6.2
Kontorartikler Commercial Standard #2859,1930,103,287,3.9
Kontorartikler Commercial Basic #2860,1467,77,262,4.1
Kontorartikler Commercial Deluxe #2861,669,128,270,6.9
Kontorartikler Commercial Ultra #2862,2021,76,176,5.9
Kontorartikler Commercial Max #2863,2886,137,235,6.0
Kontorartikler Commercial Compact #2864,2927,51,125,7.3
Kontorartikler Commercial Mini #2865,698,48,174,6.1
Kontorartikler Commercial XL #2866,2007,64,128,7.4
Kontorartikler Commercial S #2867,3698,85,123,7.2
Kontorartikler Commercial M #2868,2698,145,173,4.5
Kontorartikler Commercial L #2869,583,105,67,3.7
Kontorartikler Commercial XL #2870,1688,54,290,4.1
Kontorartikler Commercial XXL #2871,2872,123,160,7.3
Kontorartikler Commercial V1 #2872,961,62,106,5.9
Kontorartikler Commercial V2 #2873,3348,132,237,6.5
Kontorartikler Commercial V3 #2874,2197,119,236,7.3
Kontorartikler Commercial MK2 #2875,1005,104,241,5.5
Kontorartikler Commercial MK3 #2876,1612,48,273,3.9
Kontorartikler Commercial Gen2 #2877,754,102,304,6.7
Kontorartikler Commercial Gen3 #2878,3065,119,226,5.3
Kontorartikler Commercial Sort #2879,3701,66,240,4.9
Kontorartikler Commercial Hvid #2880,3286,124,202,6.7
Kontorartikler Commercial Blå #2881,1508,130,74,6.0
Kontorartikler Commercial Rød #2882,1019,69,171,7.1
Kontorartikler Commercial Grøn #2883,3421,118,92,5.6
Kontorartikler Commercial Grå #2884,1584,137,242,5.6
Kontorartikler Model A Pro #2885,2510,30,88,5.1
Kontorartikler Model A Plus #2886,487,37,236,4.6
Kontorartikler Model A Premium #2887,1790,35,229,7.5
Kontorartikler Model A Standard #2888,1105,105,174,6.2
Kontorartikler Model A Basic #2889,3266,31,239,4.5
Kontorartikler Model A Deluxe #2890,1247,124,246,5.7
Kontorartikler Model A Ultra #2891,835,54,67,6.2
Kontorartikler Model A Max #2892,2510,79,202,3.5
Kontorartikler Model A Compact #2893,2645,120,102,6.3
Kontorartikler Model A Mini #2894,2213,102,157,3.9
Kontorartikler Model A XL #2895,2933,61,189,4.5
Kontorartikler Model A S #2896,1375,114,95,5.3
Kontorartikler Model A M #2897,1066,111,296,5.7
Kontorartikler Model A L #2898,1656,114,196,4.8
Kontorartikler Model A XL #2899,2612,119,265,5.5
Kontorartikler Model A XXL #2900,1324,131,307,3.6
Kontorartikler Model A V1 #2901,1068,55,216,5.4
Kontorartikler Model A V2 #2902,1438,59,148,4.4
Kontorartikler Model A V3 #2903,3198,33,247,7.1
Kontorartikler Model A MK2 #2904,1274,81,136,6.9
Kontorartikler Model A MK3 #2905,3673,93,207,6.0
Kontorartikler Model A Gen2 #2906,542,67,148,5.9
Kontorartikler Model A Gen3 #2907,1326,53,179,6.7
Kontorartikler Model A Sort #2908,482,87,64,6.6
Kontorartikler Model A Hvid #2909,1241,77,177,7.2
Kontorartikler Model A Blå #2910,760,26,268,5.9
Kontorartikler Model A Rød #2911,1377,56,87,3.9
Kontorartikler Model A Grøn #2912,576,109,124,4.6
Kontorartikler Model A Grå #2913,1522,125,177,4.4
Kontorartikler Model B Pro #2914,2254,84,73,4.2
Kontorartikler Model B Plus #2915,3669,136,277,4.6
Kontorartikler Model B Premium #2916,1934,118,225,4.8
Kontorartikler Model B Standard #2917,2412,140,193,6.6
Kontorartikler Model B Basic #2918,3239,39,98,6.5
Kontorartikler Model B Deluxe #2919,530,48,281,5.9
Kontorartikler Model B Ultra #2920,3003,42,250,4.0
Kontorartikler Model B Max #2921,694,95,292,5.1
Kontorartikler Model B Compact #2922,1485,110,264,5.4
Kontorartikler Model B Mini #2923,2895,50,74,5.0
Kontorartikler Model B XL #2924,3627,105,188,5.7
Kontorartikler Model B S #2925,3272,126,312,4.2
Kontorartikler Model B M #2926,2498,115,242,6.3
Kontorartikler Model B L #2927,543,35,70,5.2
Kontorartikler Model B XL #2928,497,129,174,4.0
Kontorartikler Model B XXL #2929,1932,56,90,5.5
Kontorartikler Model B V1 #2930,2161,118,211,7.3
Kontorartikler Model B V2 #2931,849,68,136,4.6
Kontorartikler Model B V3 #2932,2757,32,131,4.9
Kontorartikler Model B MK2 #2933,3556,100,214,3.7
Kontorartikler Model B MK3 #2934,3544,34,262,3.9
Kontorartikler Model B Gen2 #2935,3218,144,77,4.3
Kontorartikler Model B Gen3 #2936,756,105,171,5.0
Kontorartikler Model B Sort #2937,2981,64,207,7.1
Kontorartikler Model B Hvid #2938,2315,82,117,4.6
Kontorartikler Model B Blå #2939,2357,95,163,7.3
Kontorartikler Model B Rød #2940,964,54,150,4.4
Kontorartikler Model B Grøn #2941,2804,78,142,4.5
Kontorartikler Model B Grå #2942,3001,98,158,7.1
Kontorartikler Model C Pro #2943,2196,79,296,3.8
Kontorartikler Model C Plus #2944,1153,63,180,7.1
Kontorartikler Model C Premium #2945,1105,122,86,4.5
Kontorartikler Model C Standard #2946,2548,140,87,7.2
Kontorartikler Model C Basic #2947,3296,67,88,4.0
Kontorartikler Model C Deluxe #2948,1749,25,55,3.9
Kontorartikler Model C Ultra #2949,2633,27,120,4.2
Kontorartikler Model C Max #2950,1822,144,290,3.8
Kontorartikler Model C Compact #2951,2729,127,90,4.8
Kontorartikler Model C Mini #2952,1834,107,179,6.5
Kontorartikler Model C XL #2953,1527,36,82,7.1
Kontorartikler Model C S #2954,2859,83,171,5.0
Kontorartikler Model C M #2955,2346,111,190,5.9
Kontorartikler Model C L #2956,1462,115,97,6.0
Kontorartikler Model C XL #2957,3739,110,148,5.0
Kontorartikler Model C XXL #2958,1389,28,272,5.1
Kontorartikler Model C V1 #2959,2137,131,169,7.1
Kontorartikler Model C V2 #2960,762,77,260,4.2
Kontorartikler Model C V3 #2961,2120,103,178,6.5
Kontorartikler Model C MK2 #2962,3458,28,236,5.7
Kontorartikler Model C MK3 #2963,1265,54,66,7.4
Kontorartikler Model C Gen2 #2964,3659,40,199,4.8
Kontorartikler Model C Gen3 #2965,3007,73,163,6.6
Kontorartikler Model C Sort #2966,1001,81,236,4.9
Kontorartikler Model C Hvid #2967,1104,68,150,3.8
Kontorartikler Model C Blå #2968,1930,134,245,6.0
Kontorartikler Model C Rød #2969,3261,29,272,7.1
Kontorartikler Model C Grøn #2970,704,67,113,6.4
Kontorartikler Model C Grå #2971,2316,142,83,4.5
Kontorartikler Type 1 Pro #2972,2958,139,193,4.9
Kontorartikler Type 1 Plus #2973,918,76,129,3.6
Kontorartikler Type 1 Premium #2974,1488,61,178,7.5
Kontorartikler Type 1 Standard #2975,1820,119,115,7.4
Kontorartikler Type 1 Basic #2976,1084,70,284,5.2
Kontorartikler Type 1 Deluxe #2977,1690,33,254,7.5
Kontorartikler Type 1 Ultra #2978,2194,143,290,6.6
Kontorartikler Type 1 Max #2979,2266,137,99,5.6
Kontorartikler Type 1 Compact #2980,3460,100,248,4.2
Kontorartikler Type 1 Mini #2981,1167,111,144,6.1
Kontorartikler Type 1 XL #2982,967,99,159,5.5
Kontorartikler Type 1 S #2983,1608,48,282,7.3
Kontorartikler Type 1 M #2984,2872,37,245,5.0
Kontorartikler Type 1 L #2985,3526,145,232,4.7
Kontorartikler Type 1 XL #2986,714,118,268,6.0
Kontorartikler Type 1 XXL #2987,1343,42,270,6.6
Kontorartikler Type 1 V1 #2988,3497,92,174,6.7
Kontorartikler Type 1 V2 #2989,2843,34,282,7.0
Kontorartikler Type 1 V3 #2990,2113,80,213,7.2
Kontorartikler Type 1 MK2 #2991,493,135,150,5.3
Kontorartikler Type 1 MK3 #2992,1457,119,176,4.1
Kontorartikler Type 1 Gen2 #2993,2116,134,135,6.0
Kontorartikler Type 1 Gen3 #2994,1047,114,270,7.1
Kontorartikler Type 1 Sort #2995,3744,39,222,5.6
Kontorartikler Type 1 Hvid #2996,2938,119,144,4.0
Kontorartikler Type 1 Blå #2997,3229,32,204,5.7
Kontorartikler Type 1 Rød #2998,2746,103,74,4.5
Kontorartikler Type 1 Grøn #2999,2185,122,205,4.7
Værktøj Model A Pro #1000,906,826,340,5.4
Værktøj Model A Plus #1001,757,406,238,5.3
Værktøj Model A Premium #1002,524,395,167,6.9
Værktøj Model A Standard #1003,965,318,133,4.3
Værktøj Model A Basic #1004,551,485,154,4.5
Værktøj Model A Deluxe #1005,476,272,338,3.5
Værktøj Model A Ultra #1006,841,780,188,6.6
Værktøj Model A Max #1007,340,608,244,6.0
Værktøj Model A Compact #1008,686,817,413,3.9
Værktøj Model A Mini #1009,139,689,182,7.5
Værktøj Model A XL #1010,659,728,181,7.3
Værktøj Model A S #1011,650,840,315,4.3
Værktøj Model A M #1012,605,701,398,6.9
Værktøj Model A L #1013,741,692,312,6.4
Værktøj Model A XL #1014,829,320,342,4.6
Værktøj Model A XXL #1015,597,283,247,3.9
Værktøj Model A V1 #1016,352,398,130,4.9
Værktøj Model A V2 #1017,532,526,355,4.4
Værktøj Model A V3 #1018,472,835,197,6.0
Værktøj Model A MK2 #1019,806,853,253,6.6
Værktøj Model A MK3 #1020,142,651,287,5.2
Værktøj Model A Gen2 #1021,194,525,252,5.1
Værktøj Model A Gen3 #1022,704,838,197,6.8
Værktøj Model A Sort #1023,872,888,338,6.7
Værktøj Model A Hvid #1024,403,284,168,4.1
Værktøj Model A Blå #1025,313,610,172,4.2
Værktøj Model A Rød #1026,518,278,202,6.4
Værktøj Model A Grøn #1027,713,749,276,5.6
Værktøj Model A Grå #1028,488,398,334,6.6
Værktøj Model B Pro #1029,533,190,296,5.2
Værktøj Model B Plus #1030,684,404,342,6.5
Værktøj Model B Premium #1031,914,819,245,5.9
Værktøj Model B Standard #1032,520,216,234,5.2
Værktøj Model B Basic #1033,214,811,179,4.9
Værktøj Model B Deluxe #1034,700,245,241,5.0
Værktøj Model B Ultra #1035,527,720,213,7.3
Værktøj Model B Max #1036,614,818,211,5.8
Værktøj Model B Compact #1037,230,436,239,5.2
Værktøj Model B Mini #1038,983,787,315,3.8
Værktøj Model B XL #1039,721,234,310,7.5
Værktøj Model B S #1040,507,834,177,3.6
Værktøj Model B M #1041,814,394,336,3.9
Værktøj Model B L #1042,603,302,150,7.4
Værktøj Model B XL #1043,985,309,122,7.3
Værktøj Model B XXL #1044,824,486,286,5.0
Værktøj Model B V1 #1045,522,872,259,6.8
Værktøj Model B V2 #1046,473,745,287,6.1
Værktøj Model B V3 #1047,546,356,149,6.3
Værktøj Model B MK2 #1048,585,453,127,3.6
Værktøj Model B MK3 #1049,642,678,353,4.2
Værktøj Model B Gen2 #1050,737,640,151,4.3
Værktøj Model B Gen3 #1051,246,301,251,6.3
Værktøj Model B Sort #1052,506,256,235,6.8
Værktøj Model B Hvid #1053,391,878,191,4.5
Værktøj Model B Blå #1054,635,376,198,7.0
Værktøj Model B Rød #1055,154,554,204,4.3
Værktøj Model B Grøn #1056,551,691,155,4.3
Værktøj Model B Grå #1057,151,717,408,6.5
Værktøj Model C Pro #1058,156,598,248,7.0
Værktøj Model C Plus #1059,645,900,267,4.3
Værktøj Model C Premium #1060,712,428,279,6.1
Værktøj Model C Standard #1061,768,651,295,4.2
Værktøj Model C Basic #1062,481,460,267,6.8
Værktøj Model C Deluxe #1063,695,711,340,7.2
Værktøj Model C Ultra #1064,405,524,209,4.5
Værktøj Model C Max #1065,556,476,369,5.8
Værktøj Model C Compact #1066,866,476,274,4.4
Værktøj Model C Mini #1067,709,853,194,5.0
Værktøj Model C XL #1068,362,832,278,6.1
Værktøj Model C S #1069,912,323,182,5.4
Værktøj Model C M #1070,728,575,251,5.0
Værktøj Model C L #1071,947,274,153,3.8
Værktøj Model C XL #1072,810,507,361,6.0
Værktøj Model C XXL #1073,300,874,419,6.6
Værktøj Model C V1 #1074,238,278,95,6.5
Værktøj Model C V2 #1075,806,453,318,5.1
Værktøj Model C V3 #1076,533,520,371,4.0
Værktøj Model C MK2 #1077,742,309,253,6.9
Værktøj Model C MK3 #1078,567,576,210,3.7
Værktøj Model C Gen2 #1079,324,399,322,3.8
Værktøj Model C Gen3 #1080,222,549,349,4.5
Værktøj Model C Sort #1081,314,810,316,6.5
Værktøj Model C Hvid #1082,241,294,165,5.5
Værktøj Model C Blå #1083,466,445,178,7.4
Værktøj Model C Rød #1084,681,183,208,5.2
Værktøj Model C Grøn #1085,803,707,326,3.6
Værktøj Model C Grå #1086,620,626,390,4.9
Værktøj Type 1 Pro #1087,636,518,370,5.4
Værktøj Type 1 Plus #1088,742,452,359,7.2
Værktøj Type 1 Premium #1089,872,733,260,6.6
Værktøj Type 1 Standard #1090,307,721,211,3.9
Værktøj Type 1 Basic #1091,543,338,108,3.9
Værktøj Type 1 Deluxe #1092,586,641,326,5.7
Værktøj Type 1 Ultra #1093,646,279,238,5.7
Værktøj Type 1 Max #1094,914,765,226,5.1
Værktøj Type 1 Compact #1095,759,564,158,4.3
Værktøj Type 1 Mini #1096,481,637,303,7.2
Værktøj Type 1 XL #1097,677,575,336,4.0
Værktøj Type 1 S #1098,388,317,310,5.2
Værktøj Type 1 M #1099,953,697,391,6.8
Værktøj Type 1 L #1100,956,186,196,5.0
Værktøj Type 1 XL #1101,355,398,166,3.8
Værktøj Type 1 XXL #1102,860,590,252,5.8
Værktøj Type 1 V1 #1103,266,688,400,4.5
Værktøj Type 1 V2 #1104,264,519,326,5.5
Værktøj Type 1 V3 #1105,154,745,400,6.1
Værktøj Type 1 MK2 #1106,783,656,394,6.0
Værktøj Type 1 MK3 #1107,541,230,116,5.2
Værktøj Type 1 Gen2 #1108,179,254,155,6.6
Værktøj Type 1 Gen3 #1109,424,826,220,4.1
Værktøj Type 1 Sort #1110,819,764,342,3.8
Værktøj Type 1 Hvid #1111,282,561,298,6.0
Værktøj Type 1 Blå #1112,505,416,290,5.7
Værktøj Type 1 Rød #1113,663,826,343,5.7
Værktøj Type 1 Grøn #1114,523,549,156,7.1
Værktøj Type 1 Grå #1115,379,742,350,4.4
Værktøj Type 2 Pro #1116,502,420,197,7.4
Værktøj Type 2 Plus #1117,544,870,334,4.2
Værktøj Type 2 Premium #1118,700,823,324,5.4
Værktøj Type 2 Standard #1119,831,892,289,3.6
Værktøj Type 2 Basic #1120,213,670,376,4.2
Værktøj Type 2 Deluxe #1121,916,227,115,6.6
Værktøj Type 2 Ultra #1122,163,513,365,5.1
Værktøj Type 2 Max #1123,980,863,325,7.0
Værktøj Type 2 Compact #1124,477,857,404,7.4
Værktøj Type 2 Mini #1125,525,301,299,4.0
Værktøj Type 2 XL #1126,508,529,311,5.6
Værktøj Type 2 S #1127,285,822,377,5.7
Værktøj Type 2 M #1128,279,207,301,5.9
Værktøj Type 2 L #1129,786,622,225,4.1
Værktøj Type 2 XL #1130,923,349,310,6.6
Værktøj Type 2 XXL #1131,363,800,331,6.0
Værktøj Type 2 V1 #1132,676,516,362,6.8
Værktøj Type 2 V2 #1133,232,464,369,4.0
Værktøj Type 2 V3 #1134,372,647,233,5.4
Værktøj Type 2 MK2 #1135,838,326,187,6.7
Værktøj Type 2 MK3 #1136,755,526,333,4.4
Værktøj Type 2 Gen2 #1137,346,264,216,6.0
Værktøj Type 2 Gen3 #1138,280,268,117,4.5
Værktøj Type 2 Sort #1139,572,513,189,4.0
Værktøj Type 2 Hvid #1140,121,279,240,5.4
Værktøj Type 2 Blå #1141,777,604,156,5.3
Værktøj Type 2 Rød #1142,243,749,174,5.4
Værktøj Type 2 Grøn #1143,254,194,192,4.1
Værktøj Type 2 Grå #1144,140,784,204,7.2
Værktøj Serie 100 Pro #1145,906,156,249,4.9
Værktøj Serie 100 Plus #1146,624,641,162,3.7
Værktøj Serie 100 Premium #1147,624,499,221,4.3
Værktøj Serie 100 Standard #1148,382,505,263,5.0
Værktøj Serie 100 Basic #1149,131,790,294,4.6
Værktøj Serie 100 Deluxe #1150,766,714,334,5.0
Værktøj Serie 100 Ultra #1151,645,422,286,7.2
Værktøj Serie 100 Max #1152,401,736,214,5.5
Værktøj Serie 100 Compact #1153,588,215,325,4.8
Værktøj Serie 100 Mini #1154,339,516,365,5.4
Værktøj Serie 100 XL #1155,790,270,250,3.8
Værktøj Serie 100 S #1156,727,387,147,3.8
Værktøj Serie 100 M #1157,728,301,269,6.7
Værktøj Serie 100 L #1158,395,675,295,7.1
Værktøj Serie 100 XL #1159,267,474,151,7.2
Værktøj Serie 100 XXL #1160,909,444,347,5.6
Værktøj Serie 100 V1 #1161,594,838,319,5.3
Værktøj Serie 100 V2 #1162,854,719,176,4.2
Værktøj Serie 100 V3 #1163,914,823,193,5.0
Værktøj Serie 100 MK2 #1164,333,732,162,5.6
Værktøj Serie 100 MK3 #1165,573,355,335,4.2
Værktøj Serie 100 Gen2 #1166,815,458,237,5.8
Værktøj Serie 100 Gen3 #1167,997,795,331,5.1
Værktøj Serie 100 Sort #1168,202,341,347,6.0
Værktøj Serie 100 Hvid #1169,268,873,409,3.8
Værktøj Serie 100 Blå #1170,441,528,198,4.3
Værktøj Serie 100 Rød #1171,356,521,197,4.5
Værktøj Serie 100 Grøn #1172,876,385,222,6.0
Værktøj Serie 100 Grå #1173,149,375,340,6.2
Værktøj Serie 200 Pro #1174,881,868,322,3.8
Værktøj Serie 200 Plus #1175,428,730,252,3.8
Værktøj Serie 200 Premium #1176,939,456,217,6.4
Værktøj Serie 200 Standard #1177,563,353,154,6.7
Værktøj Serie 200 Basic #1178,736,239,304,7.0
Værktøj Serie 200 Deluxe #1179,946,267,282,5.4
Værktøj Serie 200 Ultra #1180,221,699,281,6.9
Værktøj Serie 200 Max #1181,447,897,299,4.6
Værktøj Serie 200 Compact #1182,848,478,159,6.9
Værktøj Serie 200 Mini #1183,861,749,197,6.0
Værktøj Serie 200 XL #1184,462,436,282,5.7
Værktøj Serie 200 S #1185,864,699,157,4.8
Værktøj Serie 200 M #1186,554,717,158,5.9
Værktøj Serie 200 L #1187,397,821,360,4.1
Værktøj Serie 200 XL #1188,610,359,288,6.2
Værktøj Serie 200 XXL #1189,925,283,320,4.0
Værktøj Serie 200 V1 #1190,427,528,285,5.7
Værktøj Serie 200 V2 #1191,896,522,339,4.6
Værktøj Serie 200 V3 #1192,606,800,386,5.4
Værktøj Serie 200 MK2 #1193,621,741,393,5.0
Værktøj Serie 200 MK3 #1194,289,679,153,3.6
Værktøj Serie 200 Gen2 #1195,179,867,345,7.2
Værktøj Serie 200 Gen3 #1196,504,364,317,3.5
Værktøj Serie 200 Sort #1197,677,466,180,5.3
Værktøj Serie 200 Hvid #1198,435,659,325,4.3
Værktøj Serie 200 Blå #1199,598,333,144,4.7
Værktøj Serie 200 Rød #1200,580,848,355,3.5
Værktøj Serie 200 Grøn #1201,450,655,248,6.3
Værktøj Serie 200 Grå #1202,1000,767,304,6.4
Værktøj Edition Pro #1203,241,228,142,7.1
Værktøj Edition Plus #1204,139,417,332,6.6
Værktøj Edition Premium #1205,344,231,196,6.7
Værktøj Edition Standard #1206,572,583,209,3.6
Værktøj Edition Basic #1207,269,503,192,4.8
Værktøj Edition Deluxe #1208,909,797,280,6.5
Værktøj Edition Ultra #1209,653,687,153,4.0
Værktøj Edition Max #1210,401,647,349,6.8
Værktøj Edition Compact #1211,336,278,128,7.3
Værktøj Edition Mini #1212,551,794,368,4.7
Værktøj Edition XL #1213,413,689,183,6.2
Værktøj Edition S #1214,152,705,220,6.0
Værktøj Edition M #1215,681,550,280,4.9
Værktøj Edition L #1216,252,526,337,4.8
Værktøj Edition XL #1217,850,467,303,7.3
Værktøj Edition XXL #1218,437,798,282,7.3
Værktøj Edition V1 #1219,804,500,130,6.2
Værktøj Edition V2 #1220,963,322,98,5.1
Værktøj Edition V3 #1221,962,836,319,3.8
Værktøj Edition MK2 #1222,832,746,349,6.9
Værktøj Edition MK3 #1223,890,220,265,6.4
Værktøj Edition Gen2 #1224,264,301,105,6.6
Værktøj Edition Gen3 #1225,799,492,298,7.2
Værktøj Edition Sort #1226,882,250,138,6.3
Værktøj Edition Hvid #1227,734,647,295,4.3
Værktøj Edition Blå #1228,230,246,101,6.3
Værktøj Edition Rød #1229,734,737,328,6.6
Værktøj Edition Grøn #1230,234,405,126,7.5
Værktøj Edition Grå #1231,981,560,237,7.3
Værktøj Classic Pro #1232,608,848,253,5.9
Værktøj Classic Plus #1233,162,523,238,6.3
Værktøj Classic Premium #1234,970,784,334,4.5
Værktøj Classic Standard #1235,358,158,161,7.1
Værktøj Classic Basic #1236,752,219,198,7.3
Værktøj Classic Deluxe #1237,750,437,280,4.3
Værktøj Classic Ultra #1238,262,603,291,7.3
Værktøj Classic Max #1239,547,277,155,5.1
Værktøj Classic Compact #1240,949,457,344,3.8
Værktøj Classic Mini #1241,270,216,84,5.7
Værktøj Classic XL #1242,890,898,417,3.7
Værktøj Classic S #1243,468,260,214,7.3
Værktøj Classic M #1244,838,664,321,5.0
Værktøj Classic L #1245,391,528,141,6.4
Værktøj Classic XL #1246,310,457,200,4.4
Værktøj Classic XXL #1247,318,417,351,5.0
Værktøj Classic V1 #1248,495,541,239,5.2
Værktøj Classic V2 #1249,724,185,147,5.5
Værktøj Classic V3 #1250,421,766,263,5.9
Værktøj Classic MK2 #1251,844,158,205,4.9
Værktøj Classic MK3 #1252,957,773,412,4.8
Værktøj Classic Gen2 #1253,170,539,346,5.9
Værktøj Classic Gen3 #1254,148,754,270,6.0
Værktøj Classic Sort #1255,961,153,125,5.1
Værktøj Classic Hvid #1256,441,460,272,6.7
Værktøj Classic Blå #1257,878,870,386,4.1
Værktøj Classic Rød #1258,742,591,337,3.9
Værktøj Classic Grøn #1259,339,425,242,6.1
Værktøj Classic Grå #1260,727,405,360,6.1
Værktøj Modern Pro #1261,535,616,174,7.2
Værktøj Modern Plus #1262,939,787,343,3.8
Værktøj Modern Premium #1263,736,443,181,5.3
Værktøj Modern Standard #1264,208,166,177,4.8
Værktøj Modern Basic #1265,433,283,258,4.2
Værktøj Modern Deluxe #1266,590,172,100,7.0
Værktøj Modern Ultra #1267,159,808,179,5.8
Værktøj Modern Max #1268,890,182,124,4.3
Værktøj Modern Compact #1269,909,659,386,6.0
Værktøj Modern Mini #1270,477,710,314,7.3
Værktøj Modern XL #1271,463,778,189,6.7
Værktøj Modern S #1272,428,727,247,3.6
Værktøj Modern M #1273,906,175,137,4.8
Værktøj Modern L #1274,175,519,345,6.6
Værktøj Modern XL #1275,586,747,197,4.8
Værktøj Modern XXL #1276,759,758,301,6.3
Værktøj Modern V1 #1277,393,607,259,7.0
Værktøj Modern V2 #1278,591,323,118,5.8
Værktøj Modern V3 #1279,501,728,291,6.4
Værktøj Modern MK2 #1280,950,677,335,5.4
Værktøj Modern MK3 #1281,611,855,366,4.3
Værktøj Modern Gen2 #1282,746,628,300,4.5
Værktøj Modern Gen3 #1283,125,785,224,5.3
Værktøj Modern Sort #1284,873,289,115,6.7
Værktøj Modern Hvid #1285,769,244,174,4.2
Værktøj Modern Blå #1286,943,900,255,7.4
Værktøj Modern Rød #1287,273,325,165,4.5
Værktøj Modern Grøn #1288,482,668,234,5.8
Værktøj Modern Grå #1289,390,806,419,6.4
Værktøj Industri Pro #1290,692,497,255,6.8
Værktøj Industri Plus #1291,587,432,347,3.8
Værktøj Industri Premium #1292,508,566,157,4.9
Værktøj Industri Standard #1293,188,394,154,3.5
Værktøj Industri Basic #1294,156,854,385,6.1
Værktøj Industri Deluxe #1295,232,583,237,3.5
Værktøj Industri Ultra #1296,932,291,221,3.7
Værktøj Industri Max #1297,389,285,230,5.0
Værktøj Industri Compact #1298,831,239,168,5.3
Værktøj Industri Mini #1299,299,312,135,4.3
Værktøj Industri XL #1300,402,818,375,5.1
Værktøj Industri S #1301,983,492,352,4.5
Værktøj Industri M #1302,129,308,319,4.5
Værktøj Industri L #1303,640,809,311,4.1
Værktøj Industri XL #1304,357,392,142,5.2
Værktøj Industri XXL #1305,122,305,308,7.3
Værktøj Industri V1 #1306,615,613,245,5.6
Værktøj Industri V2 #1307,666,305,112,5.1
Værktøj Industri V3 #1308,459,866,359,6.5
Værktøj Industri MK2 #1309,395,668,382,7.2
Værktøj Industri MK3 #1310,963,235,280,7.0
Værktøj Industri Gen2 #1311,842,542,277,4.8
Værktøj Industri Gen3 #1312,554,182,324,7.2
Værktøj Industri Sort #1313,851,520,376,6.5
Værktøj Industri Hvid #1314,847,272,220,6.2
Værktøj Industri Blå #1315,199,682,316,7.0
Værktøj Industri Rød #1316,656,509,170,6.9
Værktøj Industri Grøn #1317,903,559,236,6.6
Værktøj Industri Grå #1318,875,485,167,3.5
Værktøj Professionel Pro #1319,841,429,228,4.4
Værktøj Professionel Plus #1320,852,827,352,4.8
Værktøj Professionel Premium #1321,586,855,371,4.3
Værktøj Professionel Standard #1322,621,206,329,5.9
Værktøj Professionel Basic #1323,976,340,165,6.7
Værktøj Professionel Deluxe #1324,332,434,340,3.9
Værktøj Professionel Ultra #1325,154,706,328,6.5
Værktøj Professionel Max #1326,236,416,264,5.5
Værktøj Professionel Compact #1327,408,350,342,6.2
Værktøj Professionel Mini #1328,567,256,146,3.6
Værktøj Professionel XL #1329,374,391,336,4.1
Værktøj Professionel S #1330,473,626,282,7.1
Værktøj Professionel M #1331,550,862,229,6.3
Værktøj Professionel L #1332,992,164,129,5.4
Værktøj Professionel XL #1333,325,528,232,6.0
Værktøj Professionel XXL #1334,952,426,147,4.1
Værktøj Professionel V1 #1335,206,208,123,6.7
Værktøj Professionel V2 #1336,748,518,258,4.7
Værktøj Professionel V3 #1337,307,642,179,6.6
Værktøj Professionel MK2 #1338,661,194,164,5.7
Værktøj Professionel MK3 #1339,216,263,141,4.9
Værktøj Professionel Gen2 #1340,712,628,339,6.5
Værktøj Professionel Gen3 #1341,894,525,321,6.2
Værktøj Professionel Sort #1342,279,205,185,4.8
Værktøj Professionel Hvid #1343,223,779,373,4.8
Værktøj Professionel Blå #1344,761,783,369,6.3
Værktøj Professionel Rød #1345,152,230,218,7.2
Værktøj Professionel Grøn #1346,484,717,193,7.4
Værktøj Professionel Grå #1347,992,205,316,6.1
Værktøj Commercial Pro #1348,732,410,292,3.8
Værktøj Commercial Plus #1349,800,497,196,5.7
Værktøj Commercial Premium #1350,214,479,369,6.6
Værktøj Commercial Standard #1351,353,150,88,7.0
Værktøj Commercial Basic #1352,565,566,261,3.6
Værktøj Commercial Deluxe #1353,444,655,353,6.1
Værktøj Commercial Ultra #1354,932,313,145,5.9
Værktøj Commercial Max #1355,778,207,174,5.8
Værktøj Commercial Compact #1356,784,766,187,4.5
Værktøj Commercial Mini #1357,191,517,207,6.4
Værktøj Commercial XL #1358,794,426,122,3.8
Værktøj Commercial S #1359,916,673,317,6.8
Værktøj Commercial M #1360,198,822,348,5.5
Værktøj Commercial L #1361,618,502,150,4.3
Værktøj Commercial XL #1362,275,894,406,5.4
Værktøj Commercial XXL #1363,126,663,248,6.2
Værktøj Commercial V1 #1364,342,475,297,4.2
Værktøj Commercial V2 #1365,503,456,152,4.0
Værktøj Commercial V3 #1366,706,380,163,3.6
Værktøj Commercial MK2 #1367,881,383,115,6.4
Værktøj Commercial MK3 #1368,570,859,352,5.9
Værktøj Commercial Gen2 #1369,802,560,246,5.4
Værktøj Commercial Gen3 #1370,836,766,394,3.8
Værktøj Commercial Sort #1371,753,346,112,3.6
Værktøj Commercial Hvid #1372,501,255,185,4.7
Værktøj Commercial Blå #1373,632,627,351,7.5
Værktøj Commercial Rød #1374,361,822,203,4.5
Værktøj Commercial Grøn #1375,798,671,400,5.4
Værktøj Commercial Grå #1376,916,651,254,3.6
Værktøj Model A Pro #1377,793,693,286,4.0
Værktøj Model A Plus #1378,859,163,112,7.0
Værktøj Model A Premium #1379,123,381,259,5.8
Værktøj Model A Standard #1380,422,400,138,7.3
Værktøj Model A Basic #1381,163,621,173,6.1
Værktøj Model A Deluxe #1382,333,441,359,6.6
Værktøj Model A Ultra #1383,680,861,351,5.4
Værktøj Model A Max #1384,413,560,322,7.0
Værktøj Model A Compact #1385,760,596,297,3.8
Værktøj Model A Mini #1386,675,557,244,5.3
Værktøj Model A XL #1387,174,608,190,7.4
Værktøj Model A S #1388,782,353,177,5.6
Værktøj Model A M #1389,795,466,264,4.7
Værktøj Model A L #1390,816,416,338,6.2
Værktøj Model A XL #1391,350,226,228,6.4
Værktøj Model A XXL #1392,281,236,198,4.3
Værktøj Model A V1 #1393,744,743,326,6.7
Værktøj Model A V2 #1394,557,286,339,6.5
Værktøj Model A V3 #1395,536,776,345,4.3
Værktøj Model A MK2 #1396,284,511,176,4.3
Værktøj Model A MK3 #1397,155,794,308,5.2
Værktøj Model A Gen2 #1398,408,184,122,3.5
Værktøj Model A Gen3 #1399,286,880,330,3.6
Værktøj Model A Sort #1400,155,589,372,6.1
Værktøj Model A Hvid #1401,213,426,308,3.9
Værktøj Model A Blå #1402,798,534,359,4.8
Værktøj Model A Rød #1403,955,468,267,4.3
Værktøj Model A Grøn #1404,831,387,166,5.9
Værktøj Model A Grå #1405,721,887,281,5.0
Værktøj Model B Pro #1406,899,476,133,4.2
Værktøj Model B Plus #1407,291,523,269,6.6
Værktøj Model B Premium #1408,931,242,130,6.9
Værktøj Model B Standard #1409,476,743,230,6.7
Værktøj Model B Basic #1410,526,672,251,5.5
Værktøj Model B Deluxe #1411,363,857,391,6.4
Værktøj Model B Ultra #1412,604,843,240,5.1
Værktøj Model B Max #1413,296,323,204,7.2
Værktøj Model B Compact #1414,931,883,404,4.5
Værktøj Model B Mini #1415,522,619,258,7.0
Værktøj Model B XL #1416,666,482,163,7.1
Værktøj Model B S #1417,792,508,274,3.5
Værktøj Model B M #1418,693,510,294,5.7
Værktøj Model B L #1419,386,707,294,5.7
Værktøj Model B XL #1420,786,457,221,4.2
Værktøj Model B XXL #1421,569,649,186,4.7
Værktøj Model B V1 #1422,640,457,196,6.9
Værktøj Model B V2 #1423,517,485,160,7.0
Værktøj Model B V3 #1424,793,426,127,3.6
Værktøj Model B MK2 #1425,812,460,236,5.7
Værktøj Model B MK3 #1426,643,870,420,4.0
Værktøj Model B Gen2 #1427,897,263,111,4.3
Værktøj Model B Gen3 #1428,787,531,285,6.0
Værktøj Model B Sort #1429,739,252,265,5.5
Værktøj Model B Hvid #1430,619,201,158,6.7
Værktøj Model B Blå #1431,571,835,348,5.8
Værktøj Model B Rød #1432,948,684,371,3.6
Værktøj Model B Grøn #1433,998,351,168,6.4
Værktøj Model B Grå #1434,213,772,237,4.6
Værktøj Model C Pro #1435,690,496,272,4.2
Værktøj Model C Plus #1436,905,817,260,5.2
Værktøj Model C Premium #1437,698,319,346,4.8
Værktøj Model C Standard #1438,884,850,242,7.4
Værktøj Model C Basic #1439,405,585,311,5.3
Værktøj Model C Deluxe #1440,527,875,186,4.6
Værktøj Model C Ultra #1441,814,620,386,7.3
Værktøj Model C Max #1442,768,330,344,5.9
Værktøj Model C Compact #1443,620,516,169,6.7
Værktøj Model C Mini #1444,749,417,207,5.7
Værktøj Model C XL #1445,630,260,313,5.0
Værktøj Model C S #1446,737,875,275,4.8
Værktøj Model C M #1447,508,594,228,4.8
Værktøj Model C L #1448,906,166,122,6.9
Værktøj Model C XL #1449,489,865,247,7.3
Værktøj Model C XXL #1450,349,685,317,7.0
Værktøj Model C V1 #1451,690,737,251,4.1
Værktøj Model C V2 #1452,766,289,315,5.1
Værktøj Model C V3 #1453,938,494,190,5.3
Værktøj Model C MK2 #1454,125,315,304,6.6
Værktøj Model C MK3 #1455,217,471,277,7.1
Værktøj Model C Gen2 #1456,551,267,170,4.8
Værktøj Model C Gen3 #1457,370,733,397,5.5
Værktøj Model C Sort #1458,869,372,133,7.4
Værktøj Model C Hvid #1459,385,301,96,5.6
Værktøj Model C Blå #1460,935,584,167,4.8
Værktøj Model C Rød #1461,334,434,246,7.1
Værktøj Model C Grøn #1462,444,273,143,7.5
Værktøj Model C Grå #1463,274,222,297,5.1
Værktøj Type 1 Pro #1464,485,697,225,5.2
Værktøj Type 1 Plus #1465,828,369,141,5.3
Værktøj Type 1 Premium #1466,750,322,125,7.2
Værktøj Type 1 Standard #1467,848,659,232,5.5
Værktøj Type 1 Basic #1468,864,676,360,7.2
Værktøj Type 1 Deluxe #1469,269,758,351,6.1
Værktøj Type 1 Ultra #1470,935,687,380,4.8
Værktøj Type 1 Max #1471,448,475,353,5.7
Værktøj Type 1 Compact #1472,843,772,204,6.7
Værktøj Type 1 Mini #1473,675,410,160,5.4
Værktøj Type 1 XL #1474,465,515,316,5.9
Værktøj Type 1 S #1475,567,884,189,7.3
Værktøj Type 1 M #1476,273,812,396,5.0
Værktøj Type 1 L #1477,647,321,341,4.9
Værktøj Type 1 XL #1478,289,774,356,3.6
Værktøj Type 1 XXL #1479,282,405,211,6.8
Værktøj Type 1 V1 #1480,149,766,319,5.5
Værktøj Type 1 V2 #1481,286,227,323,5.4
Værktøj Type 1 V3 #1482,854,218,86,6.4
Værktøj Type 1 MK2 #1483,594,320,261,5.7
Værktøj Type 1 MK3 #1484,703,518,150,4.4
Værktøj Type 1 Gen2 #1485,617,455,139,3.7
Værktøj Type 1 Gen3 #1486,196,858,365,6.4
Værktøj Type 1 Sort #1487,401,184,161,5.9
Værktøj Type 1 Hvid #1488,407,431,317,3.8
Værktøj Type 1 Blå #1489,703,466,282,4.6
Værktøj Type 1 Rød #1490,562,885,186,4.8
Værktøj Type 1 Grøn #1491,926,428,217,7.1
Værktøj Type 1 Grå #1492,881,299,216,3.7
Værktøj Type 2 Pro #1493,778,190,144,3.8
Værktøj Type 2 Plus #1494,457,207,168,5.7
Værktøj Type 2 Premium #1495,362,272,163,3.6
Værktøj Type 2 Standard #1496,245,878,256,4.7
Værktøj Type 2 Basic #1497,748,236,85,4.1
Værktøj Type 2 Deluxe #1498,286,177,256,4.5
Værktøj Type 2 Ultra #1499,874,263,224,4.8
Værktøj Type 2 Max #1500,261,264,325,6.7
Værktøj Type 2 Compact #1501,599,242,260,7.0
Værktøj Type 2 Mini #1502,509,682,312,4.1
Værktøj Type 2 XL #1503,413,658,392,4.2
Værktøj Type 2 S #1504,160,625,359,5.8
Værktøj Type 2 M #1505,491,895,413,4.5
Værktøj Type 2 L #1506,591,440,257,4.2
Værktøj Type 2 XL #1507,666,310,318,6.1
Værktøj Type 2 XXL #1508,179,395,148,4.8
Værktøj Type 2 V1 #1509,218,670,400,7.5
Værktøj Type 2 V2 #1510,421,405,211,5.0
Værktøj Type 2 V3 #1511,778,830,208,3.6
Værktøj Type 2 MK2 #1512,962,313,260,7.2
Værktøj Type 2 MK3 #1513,560,217,148,7.2
Værktøj Type 2 Gen2 #1514,955,664,373,5.2
Værktøj Type 2 Gen3 #1515,695,774,178,6.6
Værktøj Type 2 Sort #1516,915,673,327,6.0
Værktøj Type 2 Hvid #1517,129,517,354,5.0
Værktøj Type 2 Blå #1518,217,331,237,6.1
Værktøj Type 2 Rød #1519,688,191,223,6.2
Værktøj Type 2 Grøn #1520,635,565,295,3.9
Værktøj Type 2 Grå #1521,960,636,324,5.7
Værktøj Serie 100 Pro #1522,418,154,104,4.9
Værktøj Serie 100 Plus #1523,856,613,257,6.4
Værktøj Serie 100 Premium #1524,697,671,312,5.3
Værktøj Serie 100 Standard #1525,995,680,303,4.1
Værktøj Serie 100 Basic #1526,892,795,220,6.1
Værktøj Serie 100 Deluxe #1527,567,166,113,7.3
Værktøj Serie 100 Ultra #1528,178,392,148,3.7
Værktøj Serie 100 Max #1529,398,504,189,6.2
Værktøj Serie 100 Compact #1530,917,602,259,6.5
Værktøj Serie 100 Mini #1531,759,174,168,6.3
Værktøj Serie 100 XL #1532,863,573,301,5.2
Værktøj Serie 100 S #1533,784,476,284,3.5
Værktøj Serie 100 M #1534,734,809,371,6.3
Værktøj Serie 100 L #1535,418,443,266,6.6
Værktøj Serie 100 XL #1536,258,876,395,6.9
Værktøj Serie 100 XXL #1537,468,674,169,7.0
Værktøj Serie 100 V1 #1538,483,382,312,7.2
Værktøj Serie 100 V2 #1539,728,854,242,7.5
Værktøj Serie 100 V3 #1540,435,624,250,4.8
Værktøj Serie 100 MK2 #1541,588,793,316,6.9
Værktøj Serie 100 MK3 #1542,582,373,125,6.3
Værktøj Serie 100 Gen2 #1543,947,657,374,4.0
Værktøj Serie 100 Gen3 #1544,503,512,364,5.2
Værktøj Serie 100 Sort #1545,273,386,127,5.7
Værktøj Serie 100 Hvid #1546,853,661,196,5.0
Værktøj Serie 100 Blå #1547,987,199,195,6.0
Værktøj Serie 100 Rød #1548,674,187,289,7.4
Værktøj Serie 100 Grøn #1549,316,195,168,5.3
Værktøj Serie 100 Grå #1550,742,700,296,5.3
Værktøj Serie 200 Pro #1551,998,882,308,7.4
Værktøj Serie 200 Plus #1552,565,654,284,6.7
Værktøj Serie 200 Premium #1553,246,631,260,3.9
Værktøj Serie 200 Standard #1554,190,754,204,5.1
Værktøj Serie 200 Basic #1555,541,311,212,5.1
Værktøj Serie 200 Deluxe #1556,448,723,246,3.9
Værktøj Serie 200 Ultra #1557,472,546,150,6.8
Værktøj Serie 200 Max #1558,263,236,249,5.0
Værktøj Serie 200 Compact #1559,182,172,132,6.9
Værktøj Serie 200 Mini #1560,836,512,317,6.7
Værktøj Serie 200 XL #1561,221,850,192,5.3
Værktøj Serie 200 S #1562,323,523,272,6.4
Værktøj Serie 200 M #1563,914,162,268,5.5
Værktøj Serie 200 L #1564,185,164,234,5.1
Værktøj Serie 200 XL #1565,900,377,313,3.9
Værktøj Serie 200 XXL #1566,757,495,148,6.3
Værktøj Serie 200 V1 #1567,685,854,400,7.0
Værktøj Serie 200 V2 #1568,753,763,380,5.9
Værktøj Serie 200 V3 #1569,453,582,163,4.2
Værktøj Serie 200 MK2 #1570,610,542,321,7.1
Værktøj Serie 200 MK3 #1571,335,445,230,4.8
Værktøj Serie 200 Gen2 #1572,331,390,306,3.6
Værktøj Serie 200 Gen3 #1573,197,358,195,5.8
Værktøj Serie 200 Sort #1574,353,844,365,6.5
Værktøj Serie 200 Hvid #1575,795,225,147,5.2
Værktøj Serie 200 Blå #1576,373,294,121,3.7
Værktøj Serie 200 Rød #1577,814,154,201,7.3
Værktøj Serie 200 Grøn #1578,805,406,330,4.8
Værktøj Serie 200 Grå #1579,717,549,205,5.6
Værktøj Edition Pro #1580,290,289,178,6.3
Værktøj Edition Plus #1581,147,712,333,4.1
Værktøj Edition Premium #1582,319,636,356,3.9
Værktøj Edition Standard #1583,912,757,314,4.0
Værktøj Edition Basic #1584,673,338,138,6.6
Værktøj Edition Deluxe #1585,524,761,268,7.1
Værktøj Edition Ultra #1586,681,579,267,5.9
Værktøj Edition Max #1587,352,775,319,6.2
Værktøj Edition Compact #1588,802,215,145,6.8
Værktøj Edition Mini #1589,722,418,298,6.3
Værktøj Edition XL #1590,976,305,336,6.4
Værktøj Edition S #1591,457,766,257,5.5
Værktøj Edition M #1592,715,654,307,3.9
Værktøj Edition L #1593,856,724,364,3.6
Værktøj Edition XL #1594,421,597,233,4.8
Værktøj Edition XXL #1595,922,358,159,6.8
Værktøj Edition V1 #1596,234,418,170,5.5
Værktøj Edition V2 #1597,888,578,363,3.7
Værktøj Edition V3 #1598,524,326,265,7.0
Værktøj Edition MK2 #1599,604,396,117,7.0
Værktøj Edition MK3 #1600,426,719,274,7.2
Værktøj Edition Gen2 #1601,479,625,210,6.6
Værktøj Edition Gen3 #1602,629,891,185,4.9
Værktøj Edition Sort #1603,850,652,223,4.8
Værktøj Edition Hvid #1604,442,587,299,4.1
Værktøj Edition Blå #1605,392,453,187,4.9
Værktøj Edition Rød #1606,743,255,152,4.4
Værktøj Edition Grøn #1607,999,272,93,7.4
Værktøj Edition Grå #1608,640,343,306,4.1
Værktøj Classic Pro #1609,376,460,268,7.2
Værktøj Classic Plus #1610,939,231,97,4.2
Værktøj Classic Premium #1611,977,821,239,3.8
Værktøj Classic Standard #1612,868,562,218,6.2
Værktøj Classic Basic #1613,540,157,146,6.8
Værktøj Classic Deluxe #1614,394,462,315,4.4
Værktøj Classic Ultra #1615,951,788,348,4.2
Værktøj Classic Max #1616,716,578,288,4.2
Værktøj Classic Compact #1617,510,766,401,4.7
Værktøj Classic Mini #1618,266,216,120,4.3
Værktøj Classic XL #1619,961,869,198,5.2
Værktøj Classic S #1620,771,539,366,4.6
Værktøj Classic M #1621,634,792,240,3.7
Værktøj Classic L #1622,833,773,314,3.7
Værktøj Classic XL #1623,242,580,309,6.0
Værktøj Classic XXL #1624,777,606,187,6.1
Værktøj Classic V1 #1625,235,827,297,4.4
Værktøj Classic V2 #1626,979,214,199,4.3
Værktøj Classic V3 #1627,933,224,106,5.9
Værktøj Classic MK2 #1628,536,415,348,3.8
Værktøj Classic MK3 #1629,906,444,250,3.9
Værktøj Classic Gen2 #1630,274,583,324,5.1
Værktøj Classic Gen3 #1631,606,880,264,4.4
Værktøj Classic Sort #1632,513,705,406,7.0
Værktøj Classic Hvid #1633,136,829,205,4.9
Værktøj Classic Blå #1634,251,700,223,7.0
Værktøj Classic Rød #1635,652,378,108,4.6
Værktøj Classic Grøn #1636,618,852,212,4.7
Værktøj Classic Grå #1637,382,330,196,3.8
Værktøj Modern Pro #1638,366,646,279,5.5
Værktøj Modern Plus #1639,442,568,141,4.2
Værktøj Modern Premium #1640,761,237,163,5.6
Værktøj Modern Standard #1641,920,331,122,6.8
Værktøj Modern Basic #1642,676,756,287,3.9
Værktøj Modern Deluxe #1643,582,859,245,4.5
Værktøj Modern Ultra #1644,789,206,234,4.9
Værktøj Modern Max #1645,961,428,330,5.9
Værktøj Modern Compact #1646,821,844,279,7.2
Værktøj Modern Mini #1647,210,799,170,3.6
Værktøj Modern XL #1648,375,804,279,6.7
Værktøj Modern S #1649,642,238,284,5.5
Værktøj Modern M #1650,621,193,95,4.5
Værktøj Modern L #1651,669,634,283,6.7
Værktøj Modern XL #1652,395,236,326,7.3
Værktøj Modern XXL #1653,855,747,334,7.3
Værktøj Modern V1 #1654,123,802,298,4.4
Værktøj Modern V2 #1655,491,639,391,6.5
Værktøj Modern V3 #1656,970,447,311,7.0
Værktøj Modern MK2 #1657,984,282,137,5.6
Værktøj Modern MK3 #1658,935,521,186,6.0
Værktøj Modern Gen2 #1659,735,686,394,5.0
Værktøj Modern Gen3 #1660,825,576,260,5.7
Værktøj Modern Sort #1661,518,756,364,6.1
Værktøj Modern Hvid #1662,584,241,179,4.4
Værktøj Modern Blå #1663,803,402,330,5.9
Værktøj Modern Rød #1664,785,287,102,6.1
Værktøj Modern Grøn #1665,831,705,192,4.5
Værktøj Modern Grå #1666,261,253,115,5.2
Værktøj Industri Pro #1667,228,329,167,4.8
Værktøj Industri Plus #1668,569,266,271,7.1
Værktøj Industri Premium #1669,383,390,144,4.0
Værktøj Industri Standard #1670,429,703,206,6.6
Værktøj Industri Basic #1671,891,880,404,3.5
Værktøj Industri Deluxe #1672,997,160,282,4.8
Værktøj Industri Ultra #1673,443,712,258,3.6
Værktøj Industri Max #1674,303,245,176,7.0
Værktøj Industri Compact #1675,960,767,296,6.2
Værktøj Industri Mini #1676,690,567,257,4.4
Værktøj Industri XL #1677,947,373,188,3.8
Værktøj Industri S #1678,905,204,225,7.3
Værktøj Industri M #1679,237,228,227,7.4
Værktøj Industri L #1680,273,787,243,4.5
Værktøj Industri XL #1681,357,893,274,5.3
Værktøj Industri XXL #1682,764,267,223,4.5
Værktøj Industri V1 #1683,323,182,163,4.3
Værktøj Industri V2 #1684,745,257,250,4.5
Værktøj Industri V3 #1685,249,825,185,4.7
Værktøj Industri MK2 #1686,969,837,298,4.3
Værktøj Industri MK3 #1687,522,694,359,4.3
Værktøj Industri Gen2 #1688,345,415,197,4.5
Værktøj Industri Gen3 #1689,341,736,373,3.9
Værktøj Industri Sort #1690,501,571,349,6.9
Værktøj Industri Hvid #1691,123,333,317,3.9
Værktøj Industri Blå #1692,309,877,402,7.4
Værktøj Industri Rød #1693,585,603,280,5.4
Værktøj Industri Grøn #1694,318,383,112,4.3
Værktøj Industri Grå #1695,617,485,354,7.3
Værktøj Professionel Pro #1696,545,792,378,3.6
Værktøj Professionel Plus #1697,752,236,226,5.3
Værktøj Professionel Premium #1698,410,853,296,6.0
Værktøj Professionel Standard #1699,740,430,168,6.1
Værktøj Professionel Basic #1700,816,327,125,3.6
Værktøj Professionel Deluxe #1701,353,606,243,7.1
Værktøj Professionel Ultra #1702,666,190,176,5.6
Værktøj Professionel Max #1703,636,400,288,6.4
Værktøj Professionel Compact #1704,688,667,340,5.1
Værktøj Professionel Mini #1705,358,747,174,6.4
Værktøj Professionel XL #1706,225,679,357,4.3
Værktøj Professionel S #1707,986,828,382,5.5
Værktøj Professionel M #1708,211,369,207,6.4
Værktøj Professionel L #1709,764,676,207,6.4
Værktøj Professionel XL #1710,429,675,202,5.2
Værktøj Professionel XXL #1711,359,894,328,7.4
Værktøj Professionel V1 #1712,191,276,248,5.1
Værktøj Professionel V2 #1713,154,828,379,4.6
Værktøj Professionel V3 #1714,512,763,184,4.0
Værktøj Professionel MK2 #1715,898,436,350,7.3
Værktøj Professionel MK3 #1716,724,727,250,4.4
Værktøj Professionel Gen2 #1717,825,579,352,4.4
Værktøj Professionel Gen3 #1718,731,510,290,6.2
Værktøj Professionel Sort #1719,785,337,240,5.9
Værktøj Professionel Hvid #1720,575,620,382,5.8
Værktøj Professionel Blå #1721,979,459,358,4.6
Værktøj Professionel Rød #1722,983,336,145,5.2
Værktøj Professionel Grøn #1723,857,614,174,6.2
Værktøj Professionel Grå #1724,198,278,334,6.4
Værktøj Commercial Pro #1725,715,619,165,7.4
Værktøj Commercial Plus #1726,273,610,156,5.7
Værktøj Commercial Premium #1727,151,265,161,5.8
Værktøj Commercial Standard #1728,912,256,253,4.0
Værktøj Commercial Basic #1729,300,470,364,4.6
Værktøj Commercial Deluxe #1730,183,372,292,6.6
Værktøj Commercial Ultra #1731,343,851,213,4.3
Værktøj Commercial Max #1732,826,803,293,6.5
Værktøj Commercial Compact #1733,411,527,298,7.2
Værktøj Commercial Mini #1734,315,839,301,5.5
Værktøj Commercial XL #1735,565,258,307,5.1
Værktøj Commercial S #1736,651,355,333,4.8
Værktøj Commercial M #1737,968,870,234,5.9
Værktøj Commercial L #1738,909,231,248,5.3
Værktøj Commercial XL #1739,538,406,286,7.0
Værktøj Commercial XXL #1740,907,183,182,6.1
Værktøj Commercial V1 #1741,983,830,258,4.8
Værktøj Commercial V2 #1742,401,831,220,4.9
Værktøj Commercial V3 #1743,488,743,325,3.9
Værktøj Commercial MK2 #1744,930,296,332,3.9
Værktøj Commercial MK3 #1745,632,868,388,3.8
Værktøj Commercial Gen2 #1746,726,579,206,5.4
Værktøj Commercial Gen3 #1747,140,243,271,5.1
Værktøj Commercial Sort #1748,374,474,127,5.2
Værktøj Commercial Hvid #1749,455,222,200,3.6
Værktøj Commercial Blå #1750,214,624,280,5.6
Værktøj Commercial Rød #1751,735,702,253,4.5
Værktøj Commercial Grøn #1752,220,300,104,4.2
Værktøj Commercial Grå #1753,644,477,277,5.5
Værktøj Model A Pro #1754,775,360,162,4.1
Værktøj Model A Plus #1755,235,449,147,4.7
Værktøj Model A Premium #1756,661,496,270,4.8
Værktøj Model A Standard #1757,834,401,225,3.8
Værktøj Model A Basic #1758,178,872,322,4.5
Værktøj Model A Deluxe #1759,159,301,228,7.1
Værktøj Model A Ultra #1760,672,407,229,5.1
Værktøj Model A Max #1761,164,688,264,6.7
Værktøj Model A Compact #1762,810,491,329,4.7
Værktøj Model A Mini #1763,686,187,295,6.6
Værktøj Model A XL #1764,572,358,338,4.1
Værktøj Model A S #1765,772,814,194,7.2
Værktøj Model A M #1766,341,307,331,3.8
Værktøj Model A L #1767,467,862,203,6.0
Værktøj Model A XL #1768,236,818,212,6.1
Værktøj Model A XXL #1769,954,358,288,5.5
Værktøj Model A V1 #1770,706,537,177,4.5
Værktøj Model A V2 #1771,995,771,204,6.3
Værktøj Model A V3 #1772,398,819,365,7.0
Værktøj Model A MK2 #1773,443,538,235,3.6
Værktøj Model A MK3 #1774,476,716,173,7.4
Værktøj Model A Gen2 #1775,940,728,287,6.5
Værktøj Model A Gen3 #1776,136,247,214,6.1
Værktøj Model A Sort #1777,966,718,173,3.8
Værktøj Model A Hvid #1778,397,209,90,6.1
Værktøj Model A Blå #1779,577,200,133,3.9
Værktøj Model A Rød #1780,787,630,290,6.8
Værktøj Model A Grøn #1781,191,206,178,6.4
Værktøj Model A Grå #1782,873,593,379,5.8
Værktøj Model B Pro #1783,570,406,224,3.6
Værktøj Model B Plus #1784,392,436,227,6.3
Værktøj Model B Premium #1785,327,260,309,7.1
Værktøj Model B Standard #1786,197,244,297,5.9
Værktøj Model B Basic #1787,890,274,332,6.8
Værktøj Model B Deluxe #1788,694,305,344,4.5
Værktøj Model B Ultra #1789,330,428,130,5.6
Værktøj Model B Max #1790,364,159,173,3.9
Værktøj Model B Compact #1791,397,676,396,5.1
Værktøj Model B Mini #1792,930,330,148,7.5
Værktøj Model B XL #1793,831,576,356,3.7
Værktøj Model B S #1794,210,571,269,3.7
Værktøj Model B M #1795,766,523,293,6.1
Værktøj Model B L #1796,784,741,381,3.9
Værktøj Model B XL #1797,494,229,180,3.9
Værktøj Model B XXL #1798,369,385,277,4.8
Værktøj Model B V1 #1799,547,410,168,7.1
Værktøj Model B V2 #1800,976,465,301,7.5
Værktøj Model B V3 #1801,800,727,251,4.8
Værktøj Model B MK2 #1802,905,228,255,3.6
Værktøj Model B MK3 #1803,938,421,156,5.1
Værktøj Model B Gen2 #1804,407,528,350,5.9
Værktøj Model B Gen3 #1805,913,825,325,5.2
Værktøj Model B Sort #1806,370,315,200,3.7
Værktøj Model B Hvid #1807,609,484,250,7.3
Værktøj Model B Blå #1808,421,183,105,5.4
Værktøj Model B Rød #1809,508,766,225,5.0
Værktøj Model B Grøn #1810,504,255,275,5.8
Værktøj Model B Grå #1811,363,276,278,7.4
Værktøj Model C Pro #1812,985,629,342,7.3
Værktøj Model C Plus #1813,659,557,378,5.2
Værktøj Model C Premium #1814,464,787,387,4.5
Værktøj Model C Standard #1815,418,197,147,6.6
Værktøj Model C Basic #1816,210,683,347,4.4
Værktøj Model C Deluxe #1817,136,301,201,3.9
Værktøj Model C Ultra #1818,154,779,229,7.4
Værktøj Model C Max #1819,425,860,275,5.5
Værktøj Model C Compact #1820,609,805,227,5.5
Værktøj Model C Mini #1821,862,527,298,6.8
Værktøj Model C XL #1822,717,494,212,6.3
Værktøj Model C S #1823,666,878,204,6.8
Værktøj Model C M #1824,859,289,256,6.0
Værktøj Model C L #1825,663,414,280,5.1
Værktøj Model C XL #1826,149,327,182,4.7
Værktøj Model C XXL #1827,364,626,154,6.1
Værktøj Model C V1 #1828,593,505,360,5.7
Værktøj Model C V2 #1829,200,397,220,3.9
Værktøj Model C V3 #1830,652,850,350,4.5
Værktøj Model C MK2 #1831,857,318,345,5.8
Værktøj Model C MK3 #1832,147,237,98,5.2
Værktøj Model C Gen2 #1833,579,384,214,4.3
Værktøj Model C Gen3 #1834,592,860,422,3.8
Værktøj Model C Sort #1835,615,154,228,3.9
Værktøj Model C Hvid #1836,994,205,235,7.0
Værktøj Model C Blå #1837,212,642,225,5.8
Værktøj Model C Rød #1838,406,545,242,5.8
Værktøj Model C Grøn #1839,711,872,379,6.3
Værktøj Model C Grå #1840,469,512,343,7.4
Værktøj Type 1 Pro #1841,151,871,258,6.6
Værktøj Type 1 Plus #1842,173,559,251,6.1
Værktøj Type 1 Premium #1843,776,599,250,4.9
Værktøj Type 1 Standard #1844,390,319,340,3.9
Værktøj Type 1 Basic #1845,967,876,414,5.0
Værktøj Type 1 Deluxe #1846,593,851,178,4.0
Værktøj Type 1 Ultra #1847,640,183,86,4.2
Værktøj Type 1 Max #1848,268,297,145,7.4
Værktøj Type 1 Compact #1849,436,669,244,3.6
Værktøj Type 1 Mini #1850,870,552,190,4.7
Værktøj Type 1 XL #1851,947,569,136,3.6
Værktøj Type 1 S #1852,538,630,264,6.3
Værktøj Type 1 M #1853,342,329,189,7.1
Værktøj Type 1 L #1854,608,611,173,7.2
Værktøj Type 1 XL #1855,313,256,142,6.3
Værktøj Type 1 XXL #1856,682,405,124,6.2
Værktøj Type 1 V1 #1857,481,349,273,4.4
Værktøj Type 1 V2 #1858,435,872,340,4.2
Værktøj Type 1 V3 #1859,737,511,169,6.5
Værktøj Type 1 MK2 #1860,447,635,181,7.4
Værktøj Type 1 MK3 #1861,233,791,355,6.8
Værktøj Type 1 Gen2 #1862,155,639,305,6.7
Værktøj Type 1 Gen3 #1863,787,674,363,5.4
Værktøj Type 1 Sort #1864,634,480,217,4.7
Værktøj Type 1 Hvid #1865,294,559,225,5.1
Værktøj Type 1 Blå #1866,170,232,268,5.6
Værktøj Type 1 Rød #1867,644,485,312,6.8
Værktøj Type 1 Grøn #1868,625,698,339,3.7
Værktøj Type 1 Grå #1869,697,320,257,3.8
Værktøj Type 2 Pro #1870,636,891,355,3.9
Værktøj Type 2 Plus #1871,722,185,126,4.0
Værktøj Type 2 Premium #1872,286,248,227,7.2
Værktøj Type 2 Standard #1873,913,676,254,4.8
Værktøj Type 2 Basic #1874,278,195,291,6.0
Værktøj Type 2 Deluxe #1875,242,223,173,4.1
Værktøj Type 2 Ultra #1876,233,412,249,5.6
Værktøj Type 2 Max #1877,690,426,194,6.6
Værktøj Type 2 Compact #1878,998,633,345,3.8
Værktøj Type 2 Mini #1879,414,891,324,6.7
Værktøj Type 2 XL #1880,700,665,184,3.8
Værktøj Type 2 S #1881,194,866,324,3.6
Værktøj Type 2 M #1882,393,626,239,6.3
Værktøj Type 2 L #1883,461,750,400,4.8
Værktøj Type 2 XL #1884,994,238,247,7.3
Værktøj Type 2 XXL #1885,473,729,168,7.5
Værktøj Type 2 V1 #1886,778,712,253,4.7
Værktøj Type 2 V2 #1887,744,687,334,3.8
Værktøj Type 2 V3 #1888,766,595,180,3.8
Værktøj Type 2 MK2 #1889,887,649,218,6.2
Værktøj Type 2 MK3 #1890,519,351,260,4.1
Værktøj Type 2 Gen2 #1891,516,216,126,5.9
Værktøj Type 2 Gen3 #1892,165,544,183,4.3
Værktøj Type 2 Sort #1893,522,468,253,5.7
Værktøj Type 2 Hvid #1894,231,771,333,7.4
Værktøj Type 2 Blå #1895,740,435,329,6.5
Værktøj Type 2 Rød #1896,224,367,315,3.8
Værktøj Type 2 Grøn #1897,678,614,271,3.7
Værktøj Type 2 Grå #1898,203,738,238,5.7
Værktøj Serie 100 Pro #1899,426,612,307,6.9
Værktøj Serie 100 Plus #1900,600,570,188,6.9
Værktøj Serie 100 Premium #1901,673,332,169,6.7
Værktøj Serie 100 Standard #1902,213,877,391,5.6
Værktøj Serie 100 Basic #1903,136,551,260,4.7
Værktøj Serie 100 Deluxe #1904,174,841,264,4.7
Værktøj Serie 100 Ultra #1905,899,789,291,5.6
Værktøj Serie 100 Max #1906,695,441,243,5.3
Værktøj Serie 100 Compact #1907,679,398,217,6.0
Værktøj Serie 100 Mini #1908,169,844,253,5.1
Værktøj Serie 100 XL #1909,559,710,318,4.6
Værktøj Serie 100 S #1910,480,524,319,3.7
Værktøj Serie 100 M #1911,483,455,270,4.3
Værktøj Serie 100 L #1912,363,726,290,5.2
Værktøj Serie 100 XL #1913,553,614,154,6.7
Værktøj Serie 100 XXL #1914,672,306,191,4.8
Værktøj Serie 100 V1 #1915,863,467,300,7.3
Værktøj Serie 100 V2 #1916,205,521,339,7.1
Værktøj Serie 100 V3 #1917,510,334,187,3.8
Værktøj Serie 100 MK2 #1918,238,457,164,4.9
Værktøj Serie 100 MK3 #1919,943,161,105,3.6
Værktøj Serie 100 Gen2 #1920,973,296,106,4.8
Værktøj Serie 100 Gen3 #1921,252,512,328,6.2
Værktøj Serie 100 Sort #1922,534,290,162,3.8
Værktøj Serie 100 Hvid #1923,581,628,162,4.8
Værktøj Serie 100 Blå #1924,774,784,275,6.8
Værktøj Serie 100 Rød #1925,628,787,176,5.9
Værktøj Serie 100 Grøn #1926,173,162,96,3.8
Værktøj Serie 100 Grå #1927,578,854,311,6.3
Værktøj Serie 200 Pro #1928,338,723,331,7.3
Værktøj Serie 200 Plus #1929,751,739,239,5.3
Værktøj Serie 200 Premium #1930,255,445,305,4.9
Værktøj Serie 200 Standard #1931,806,828,376,4.1
Værktøj Serie 200 Basic #1932,474,874,367,5.6
Værktøj Serie 200 Deluxe #1933,969,255,256,5.4
Værktøj Serie 200 Ultra #1934,180,414,131,6.0
Værktøj Serie 200 Max #1935,168,244,200,3.6
Værktøj Serie 200 Compact #1936,490,727,349,3.7
Værktøj Serie 200 Mini #1937,456,563,257,4.2
Værktøj Serie 200 XL #1938,928,671,256,3.7
Værktøj Serie 200 S #1939,207,599,351,4.3
Værktøj Serie 200 M #1940,558,470,254,5.0
Værktøj Serie 200 L #1941,421,461,225,5.8
Værktøj Serie 200 XL #1942,439,889,378,6.5
Værktøj Serie 200 XXL #1943,303,260,142,5.4
Værktøj Serie 200 V1 #1944,139,809,235,3.9
Værktøj Serie 200 V2 #1945,746,702,270,4.9
Værktøj Serie 200 V3 #1946,811,829,327,4.8
Værktøj Serie 200 MK2 #1947,762,367,166,7.3
Værktøj Serie 200 MK3 #1948,800,847,314,5.8
Værktøj Serie 200 Gen2 #1949,412,243,282,4.1
Værktøj Serie 200 Gen3 #1950,868,713,379,7.2
Værktøj Serie 200 Sort #1951,355,578,242,7.3
Værktøj Serie 200 Hvid #1952,274,267,330,4.1
Værktøj Serie 200 Blå #1953,793,747,384,6.3
Værktøj Serie 200 Rød #1954,433,855,404,6.7
Værktøj Serie 200 Grøn #1955,987,760,305,5.4
Værktøj Serie 200 Grå #1956,131,529,192,4.1
Værktøj Edition Pro #1957,852,281,312,6.8
Værktøj Edition Plus #1958,196,190,168,5.2
Værktøj Edition Premium #1959,300,679,239,5.6
Værktøj Edition Standard #1960,325,537,218,7.4
Værktøj Edition Basic #1961,398,607,170,4.5
Værktøj Edition Deluxe #1962,348,183,171,5.9
Værktøj Edition Ultra #1963,745,554,230,5.8
Værktøj Edition Max #1964,284,573,208,7.0
Værktøj Edition Compact #1965,229,190,154,6.5
Værktøj Edition Mini #1966,541,328,101,3.8
Værktøj Edition XL #1967,662,897,276,4.6
Værktøj Edition S #1968,713,716,382,5.2
Værktøj Edition M #1969,723,796,185,6.0
Værktøj Edition L #1970,148,863,230,4.3
Værktøj Edition XL #1971,658,597,348,5.9
Værktøj Edition XXL #1972,729,451,196,5.4
Værktøj Edition V1 #1973,363,441,204,4.0
Værktøj Edition V2 #1974,915,285,160,5.9
Værktøj Edition V3 #1975,443,519,358,4.1
Værktøj Edition MK2 #1976,248,264,166,3.8
Værktøj Edition MK3 #1977,519,162,315,5.1
Værktøj Edition Gen2 #1978,494,245,173,4.4
Værktøj Edition Gen3 #1979,435,601,309,5.1
Værktøj Edition Sort #1980,894,620,389,4.4
Værktøj Edition Hvid #1981,404,393,320,6.8
Værktøj Edition Blå #1982,599,562,189,5.7
Værktøj Edition Rød #1983,244,250,250,4.0
Værktøj Edition Grøn #1984,241,648,276,6.1
Værktøj Edition Grå #1985,311,453,225,4.5
Værktøj Classic Pro #1986,470,779,207,5.3
Værktøj Classic Plus #1987,506,395,275,5.3
Værktøj Classic Premium #1988,714,549,357,7.1
Værktøj Classic Standard #1989,137,565,366,4.1
Værktøj Classic Basic #1990,906,541,153,6.1
Værktøj Classic Deluxe #1991,648,870,338,6.1
Værktøj Classic Ultra #1992,886,666,279,6.5
Værktøj Classic Max #1993,883,480,193,5.5
Værktøj Classic Compact #1994,612,178,259,5.4
Værktøj Classic Mini #1995,868,289,237,3.7
Værktøj Classic XL #1996,152,623,256,6.3
Værktøj Classic S #1997,512,346,124,5.6
Værktøj Classic M #1998,612,667,159,4.7
Værktøj Classic L #1999,353,731,393,5.6
Værktøj Classic XL #2000,187,583,336,3.9
Værktøj Classic XXL #2001,930,425,140,4.5
Værktøj Classic V1 #2002,871,786,377,4.9
Værktøj Classic V2 #2003,698,594,351,6.1
Værktøj Classic V3 #2004,183,676,151,5.3
Værktøj Classic MK2 #2005,183,608,372,4.0
Værktøj Classic MK3 #2006,199,181,212,6.5
Værktøj Classic Gen2 #2007,758,402,258,6.9
Værktøj Classic Gen3 #2008,543,837,390,7.1
Værktøj Classic Sort #2009,628,412,152,7.5
Værktøj Classic Hvid #2010,968,747,241,4.1
Værktøj Classic Blå #2011,688,894,209,6.9
Værktøj Classic Rød #2012,237,561,193,5.6
Værktøj Classic Grøn #2013,178,486,213,7.4
Værktøj Classic Grå #2014,592,293,113,4.4
Værktøj Modern Pro #2015,986,407,247,6.5
Værktøj Modern Plus #2016,305,309,128,7.4
Værktøj Modern Premium #2017,626,789,371,5.6
Værktøj Modern Standard #2018,881,592,219,3.7
Værktøj Modern Basic #2019,186,185,201,3.6
Værktøj Modern Deluxe #2020,261,247,173,3.8
Værktøj Modern Ultra #2021,760,397,330,4.0
Værktøj Modern Max #2022,709,167,224,5.2
Værktøj Modern Compact #2023,307,509,146,6.2
Værktøj Modern Mini #2024,428,677,204,4.4
Værktøj Modern XL #2025,607,160,89,4.8
Værktøj Modern S #2026,331,568,203,4.9
Værktøj Modern M #2027,478,308,141,3.7
Værktøj Modern L #2028,666,210,288,4.9
Værktøj Modern XL #2029,920,827,399,5.3
Værktøj Modern XXL #2030,391,340,287,7.1
Værktøj Modern V1 #2031,557,277,128,4.7
Værktøj Modern V2 #2032,147,862,186,4.8
Værktøj Modern V3 #2033,243,480,369,5.5
Værktøj Modern MK2 #2034,336,884,413,4.7
Værktøj Modern MK3 #2035,725,205,88,5.1
Værktøj Modern Gen2 #2036,827,646,259,5.6
Værktøj Modern Gen3 #2037,680,310,274,5.0
Værktøj Modern Sort #2038,941,577,312,5.2
Værktøj Modern Hvid #2039,484,518,140,4.2
Værktøj Modern Blå #2040,361,225,203,4.9
Værktøj Modern Rød #2041,401,849,341,6.1
Værktøj Modern Grøn #2042,303,633,171,6.5
Værktøj Modern Grå #2043,955,793,243,6.0
Værktøj Industri Pro #2044,966,278,195,5.6
Værktøj Industri Plus #2045,134,678,372,5.7
Værktøj Industri Premium #2046,723,317,290,6.1
Værktøj Industri Standard #2047,365,757,175,6.2
Værktøj Industri Basic #2048,886,236,202,5.3
Værktøj Industri Deluxe #2049,123,430,228,5.9
Værktøj Industri Ultra #2050,925,376,117,7.1
Værktøj Industri Max #2051,245,512,147,4.8
Værktøj Industri Compact #2052,162,736,273,4.7
Værktøj Industri Mini #2053,190,217,298,5.9
Værktøj Industri XL #2054,813,586,269,5.6
Værktøj Industri S #2055,710,243,175,5.6
Værktøj Industri M #2056,261,450,262,3.6
Værktøj Industri L #2057,563,224,297,6.6
Værktøj Industri XL #2058,965,464,247,7.5
Værktøj Industri XXL #2059,524,568,153,3.8
Værktøj Industri V1 #2060,711,425,232,6.7
Værktøj Industri V2 #2061,439,318,342,5.8
Værktøj Industri V3 #2062,233,725,305,4.5
Værktøj Industri MK2 #2063,877,519,365,6.8
Værktøj Industri MK3 #2064,819,185,242,6.0
Værktøj Industri Gen2 #2065,813,868,348,3.7
Værktøj Industri Gen3 #2066,689,194,302,3.8
Værktøj Industri Sort #2067,224,613,344,6.6
Værktøj Industri Hvid #2068,418,326,115,6.7
Værktøj Industri Blå #2069,569,172,254,3.8
Værktøj Industri Rød #2070,874,433,177,5.7
Værktøj Industri Grøn #2071,594,312,180,4.7
Værktøj Industri Grå #2072,174,707,203,5.8
Værktøj Professionel Pro #2073,905,492,266,4.6
Værktøj Professionel Plus #2074,902,775,211,5.7
Værktøj Professionel Premium #2075,934,756,216,7.1
Værktøj Professionel Standard #2076,736,875,223,6.5
Værktøj Professionel Basic #2077,722,805,223,5.1
Værktøj Professionel Deluxe #2078,235,777,185,6.3
Værktøj Professionel Ultra #2079,410,586,196,7.2
Værktøj Professionel Max #2080,681,229,97,4.6
Værktøj Professionel Compact #2081,993,344,141,6.3
Værktøj Professionel Mini #2082,501,368,244,6.8
Værktøj Professionel XL #2083,539,232,331,4.4
Værktøj Professionel S #2084,556,780,291,4.1
Værktøj Professionel M #2085,860,366,254,5.8
Værktøj Professionel L #2086,657,622,225,5.0
Værktøj Professionel XL #2087,379,281,184,5.4
Værktøj Professionel XXL #2088,775,482,352,7.1
Værktøj Professionel V1 #2089,510,431,136,4.4
Værktøj Professionel V2 #2090,911,475,170,7.2
Værktøj Professionel V3 #2091,948,568,322,6.1
Værktøj Professionel MK2 #2092,287,611,273,4.8
Værktøj Professionel MK3 #2093,762,607,358,7.4
Værktøj Professionel Gen2 #2094,127,300,113,7.2
Værktøj Professionel Gen3 #2095,344,156,296,6.5
Værktøj Professionel Sort #2096,856,797,322,4.4
Værktøj Professionel Hvid #2097,734,651,236,4.5
Værktøj Professionel Blå #2098,666,239,108,6.7
Værktøj Professionel Rød #2099,253,476,313,5.2
Værktøj Professionel Grøn #2100,631,567,261,5.5
Værktøj Professionel Grå #2101,545,747,194,4.0
Værktøj Commercial Pro #2102,906,332,273,6.0
Værktøj Commercial Plus #2103,990,460,196,5.5
Værktøj Commercial Premium #2104,548,357,274,5.9
Værktøj Commercial Standard #2105,389,237,264,4.6
Værktøj Commercial Basic #2106,624,765,378,7.3
Værktøj Commercial Deluxe #2107,337,827,285,6.8
Værktøj Commercial Ultra #2108,198,436,175,7.0
Værktøj Commercial Max #2109,868,192,239,5.1
Værktøj Commercial Compact #2110,943,492,297,7.3
Værktøj Commercial Mini #2111,492,779,380,5.7
Værktøj Commercial XL #2112,206,332,143,5.7
Værktøj Commercial S #2113,943,436,347,5.1
Værktøj Commercial M #2114,485,791,291,3.8
Værktøj Commercial L #2115,204,156,262,7.1
Værktøj Commercial XL #2116,442,608,313,4.1
Værktøj Commercial XXL #2117,672,451,232,5.8
Værktøj Commercial V1 #2118,383,674,368,4.0
Værktøj Commercial V2 #2119,652,716,404,7.4
Værktøj Commercial V3 #2120,365,329,329,7.4
Værktøj Commercial MK2 #2121,336,859,239,3.8
Værktøj Commercial MK3 #2122,449,793,228,6.8
Værktøj Commercial Gen2 #2123,942,416,230,7.1
Værktøj Commercial Gen3 #2124,686,384,108,4.1
Værktøj Commercial Sort #2125,566,260,145,5.8
Værktøj Commercial Hvid #2126,793,655,377,6.1
Værktøj Commercial Blå #2127,520,278,276,6.0
Værktøj Commercial Rød #2128,204,803,178,6.3
Værktøj Commercial Grøn #2129,922,555,246,6.6
Værktøj Commercial Grå #2130,690,597,186,4.0
Værktøj Model A Pro #2131,959,263,310,5.9
Værktøj Model A Plus #2132,614,302,166,5.1
Værktøj Model A Premium #2133,531,729,360,7.5
Værktøj Model A Standard #2134,845,816,352,6.8
Værktøj Model A Basic #2135,167,446,224,5.1
Værktøj Model A Deluxe #2136,995,590,346,5.8
Værktøj Model A Ultra #2137,966,183,276,4.0
Værktøj Model A Max #2138,209,259,121,3.8
Værktøj Model A Compact #2139,805,612,199,3.9
Værktøj Model A Mini #2140,380,758,193,3.9
Værktøj Model A XL #2141,634,693,254,4.8
Værktøj Model A S #2142,846,163,278,4.8
Værktøj Model A M #2143,233,232,284,7.1
Værktøj Model A L #2144,370,836,391,7.4
Værktøj Model A XL #2145,303,158,297,6.2
Værktøj Model A XXL #2146,915,729,344,5.4
Værktøj Model A V1 #2147,271,203,246,4.5
Værktøj Model A V2 #2148,283,652,335,3.7
Værktøj Model A V3 #2149,882,320,342,7.4
Værktøj Model A MK2 #2150,605,339,293,4.6
Værktøj Model A MK3 #2151,642,758,307,6.6
Værktøj Model A Gen2 #2152,287,621,373,7.5
Værktøj Model A Gen3 #2153,720,511,225,5.5
Værktøj Model A Sort #2154,869,577,311,3.5
Værktøj Model A Hvid #2155,990,229,103,7.2
Værktøj Model A Blå #2156,406,539,307,6.6
Værktøj Model A Rød #2157,357,802,189,5.5
Værktøj Model A Grøn #2158,388,720,312,6.4
Værktøj Model A Grå #2159,546,251,274,5.2
Værktøj Model B Pro #2160,398,622,191,3.7
Værktøj Model B Plus #2161,890,219,321,7.3
Værktøj Model B Premium #2162,704,173,250,5.5
Værktøj Model B Standard #2163,840,585,254,6.0
Værktøj Model B Basic #2164,885,750,300,4.2
Værktøj Model B Deluxe #2165,421,593,149,6.9
Værktøj Model B Ultra #2166,555,440,168,6.7
Værktøj Model B Max #2167,594,823,258,3.9
Værktøj Model B Compact #2168,121,579,374,5.2
Værktøj Model B Mini #2169,310,496,326,7.2
Værktøj Model B XL #2170,708,718,179,4.7
Værktøj Model B S #2171,740,196,93,7.0
Værktøj Model B M #2172,322,282,316,3.6
Værktøj Model B L #2173,638,431,297,7.5
Værktøj Model B XL #2174,202,538,347,5.3
Værktøj Model B XXL #2175,554,448,155,5.6
Værktøj Model B V1 #2176,762,676,309,5.8
Værktøj Model B V2 #2177,349,348,337,5.7
Værktøj Model B V3 #2178,457,575,226,6.9
Værktøj Model B MK2 #2179,237,648,228,4.2
Værktøj Model B MK3 #2180,776,640,352,7.4
Værktøj Model B Gen2 #2181,777,421,164,4.0
Værktøj Model B Gen3 #2182,829,819,210,3.9
Værktøj Model B Sort #2183,602,415,135,5.0
Værktøj Model B Hvid #2184,459,267,152,5.9
Værktøj Model B Blå #2185,415,367,303,4.0
Værktøj Model B Rød #2186,459,163,283,5.6
Værktøj Model B Grøn #2187,720,233,163,5.1
Værktøj Model B Grå #2188,478,450,246,6.6
Værktøj Model C Pro #2189,247,753,277,7.2
Værktøj Model C Plus #2190,881,451,318,6.5
Værktøj Model C Premium #2191,565,861,272,4.1
Værktøj Model C Standard #2192,845,339,181,6.2
Værktøj Model C Basic #2193,224,332,158,5.1
Værktøj Model C Deluxe #2194,406,684,363,7.0
Værktøj Model C Ultra #2195,423,575,172,5.6
Værktøj Model C Max #2196,316,212,94,3.7
Værktøj Model C Compact #2197,412,665,172,7.0
Værktøj Model C Mini #2198,226,161,169,4.6
Værktøj Model C XL #2199,865,402,331,7.4
Værktøj Model C S #2200,721,853,225,3.6
Værktøj Model C M #2201,803,746,203,5.5
Værktøj Model C L #2202,239,729,220,4.8
Værktøj Model C XL #2203,600,240,111,5.3
Værktøj Model C XXL #2204,634,444,217,6.1
Værktøj Model C V1 #2205,633,663,388,5.0
Værktøj Model C V2 #2206,431,160,171,3.9
Værktøj Model C V3 #2207,779,469,170,5.4
Værktøj Model C MK2 #2208,299,828,396,4.2
Værktøj Model C MK3 #2209,596,516,190,5.4
Værktøj Model C Gen2 #2210,660,405,308,3.6
Værktøj Model C Gen3 #2211,456,475,368,4.4
Værktøj Model C Sort #2212,623,766,186,3.6
Værktøj Model C Hvid #2213,928,841,296,6.0
Værktøj Model C Blå #2214,673,752,169,6.1
Værktøj Model C Rød #2215,181,514,197,3.5
Værktøj Model C Grøn #2216,568,284,254,3.9
Værktøj Model C Grå #2217,583,259,141,4.7
Værktøj Type 1 Pro #2218,471,688,300,7.1
Værktøj Type 1 Plus #2219,148,597,213,4.5
Værktøj Type 1 Premium #2220,498,598,367,5.0
Værktøj Type 1 Standard #2221,482,693,211,3.9
Værktøj Type 1 Basic #2222,993,460,123,5.2
Værktøj Type 1 Deluxe #2223,346,459,233,3.9
Værktøj Type 1 Ultra #2224,229,643,337,3.6
Værktøj Type 1 Max #2225,240,607,340,4.0
Værktøj Type 1 Compact #2226,359,356,328,4.9
Værktøj Type 1 Mini #2227,573,212,231,6.8
Værktøj Type 1 XL #2228,806,576,376,6.2
Værktøj Type 1 S #2229,506,756,350,7.4
Værktøj Type 1 M #2230,560,308,345,5.4
Værktøj Type 1 L #2231,575,667,265,4.6
Værktøj Type 1 XL #2232,943,190,198,4.4
Værktøj Type 1 XXL #2233,595,847,349,4.7
Værktøj Type 1 V1 #2234,623,711,402,4.3
Værktøj Type 1 V2 #2235,761,344,303,4.7
Værktøj Type 1 V3 #2236,172,212,185,7.1
Værktøj Type 1 MK2 #2237,157,766,356,5.0
Værktøj Type 1 MK3 #2238,448,435,304,3.8
Værktøj Type 1 Gen2 #2239,461,752,405,7.0
Værktøj Type 1 Gen3 #2240,246,514,241,5.6
Værktøj Type 1 Sort #2241,992,164,325,6.8
Værktøj Type 1 Hvid #2242,955,505,164,4.9
Værktøj Type 1 Blå #2243,170,171,220,6.1
Værktøj Type 1 Rød #2244,717,312,161,5.3
Værktøj Type 1 Grøn #2245,820,247,156,7.0
Værktøj Type 1 Grå #2246,222,198,156,5.4
Værktøj Type 2 Pro #2247,564,348,248,5.7
Værktøj Type 2 Plus #2248,741,209,168,4.0
Værktøj Type 2 Premium #2249,803,780,276,7.1
Værktøj Type 2 Standard #2250,274,241,87,5.2
Værktøj Type 2 Basic #2251,875,511,175,4.8
Værktøj Type 2 Deluxe #2252,676,863,386,4.5
Værktøj Type 2 Ultra #2253,923,555,145,4.3
Værktøj Type 2 Max #2254,216,240,335,4.9
Værktøj Type 2 Compact #2255,320,335,268,6.0
Værktøj Type 2 Mini #2256,864,454,283,4.5
Værktøj Type 2 XL #2257,286,264,276,5.2
Værktøj Type 2 S #2258,574,203,99,6.0
Værktøj Type 2 M #2259,398,670,214,4.3
Værktøj Type 2 L #2260,848,670,318,4.6
Værktøj Type 2 XL #2261,651,420,167,6.1
Værktøj Type 2 XXL #2262,590,266,100,4.4
Værktøj Type 2 V1 #2263,987,688,362,5.3
Værktøj Type 2 V2 #2264,937,274,218,3.8
Værktøj Type 2 V3 #2265,494,235,127,5.1
Værktøj Type 2 MK2 #2266,843,530,132,6.8
Værktøj Type 2 MK3 #2267,690,580,182,6.5
Værktøj Type 2 Gen2 #2268,415,855,427,6.8
Værktøj Type 2 Gen3 #2269,148,625,170,7.4
Værktøj Type 2 Sort #2270,478,724,328,4.7
Værktøj Type 2 Hvid #2271,528,579,380,3.8
Værktøj Type 2 Blå #2272,331,246,176,6.2
Værktøj Type 2 Rød #2273,853,547,254,5.5
Værktøj Type 2 Grøn #2274,300,900,325,5.3
Værktøj Type 2 Grå #2275,751,473,302,5.2
Værktøj Serie 100 Pro #2276,642,496,124,5.4
Værktøj Serie 100 Plus #2277,874,320,160,5.4
Værktøj Serie 100 Premium #2278,146,460,305,4.2
Værktøj Serie 100 Standard #2279,847,191,249,6.7
Værktøj Serie 100 Basic #2280,295,422,217,4.8
Værktøj Serie 100 Deluxe #2281,567,892,399,6.4
Værktøj Serie 100 Ultra #2282,205,276,270,4.6
Værktøj Serie 100 Max #2283,587,657,180,6.6
Værktøj Serie 100 Compact #2284,122,739,190,7.1
Værktøj Serie 100 Mini #2285,562,367,138,4.4
Værktøj Serie 100 XL #2286,182,635,162,3.8
Værktøj Serie 100 S #2287,232,613,324,6.4
Værktøj Serie 100 M #2288,552,450,240,4.6
Værktøj Serie 100 L #2289,191,595,332,6.5
Værktøj Serie 100 XL #2290,382,457,329,6.5
Værktøj Serie 100 XXL #2291,259,240,273,6.3
Værktøj Serie 100 V1 #2292,564,635,253,6.8
Værktøj Serie 100 V2 #2293,697,731,401,6.9
Værktøj Serie 100 V3 #2294,411,480,253,3.8
Værktøj Serie 100 MK2 #2295,285,267,331,4.1
Værktøj Serie 100 MK3 #2296,172,625,363,6.9
Værktøj Serie 100 Gen2 #2297,736,385,271,5.9
Værktøj Serie 100 Gen3 #2298,191,710,250,5.8
Værktøj Serie 100 Sort #2299,126,405,168,4.2
Værktøj Serie 100 Hvid #2300,360,437,199,3.8
Værktøj Serie 100 Blå #2301,611,713,226,6.3
Værktøj Serie 100 Rød #2302,551,558,245,4.1
Værktøj Serie 100 Grøn #2303,801,235,236,3.7
Værktøj Serie 100 Grå #2304,331,548,165,6.6
Værktøj Serie 200 Pro #2305,319,548,153,5.5
Værktøj Serie 200 Plus #2306,743,827,368,5.9
Værktøj Serie 200 Premium #2307,360,398,226,4.5
Værktøj Serie 200 Standard #2308,487,787,300,5.9
Værktøj Serie 200 Basic #2309,623,702,261,6.9
Værktøj Serie 200 Deluxe #2310,618,217,90,5.9
Værktøj Serie 200 Ultra #2311,257,751,323,7.4
Værktøj Serie 200 Max #2312,938,171,251,6.7
Værktøj Serie 200 Compact #2313,943,359,161,5.0
Værktøj Serie 200 Mini #2314,905,488,219,3.6
Værktøj Serie 200 XL #2315,343,312,275,6.7
Værktøj Serie 200 S #2316,320,309,141,5.8
Værktøj Serie 200 M #2317,944,730,280,4.6
Værktøj Serie 200 L #2318,806,217,176,6.9
Værktøj Serie 200 XL #2319,212,622,288,4.7
Værktøj Serie 200 XXL #2320,725,787,384,4.7
Værktøj Serie 200 V1 #2321,273,561,171,3.6
Værktøj Serie 200 V2 #2322,472,260,105,4.7
Værktøj Serie 200 V3 #2323,765,790,298,6.3
Værktøj Serie 200 MK2 #2324,676,871,328,7.0
Værktøj Serie 200 MK3 #2325,670,676,161,5.5
Værktøj Serie 200 Gen2 #2326,351,457,350,5.2
Værktøj Serie 200 Gen3 #2327,149,314,118,4.4
Værktøj Serie 200 Sort #2328,890,268,173,6.2
Værktøj Serie 200 Hvid #2329,495,244,276,5.0
Værktøj Serie 200 Blå #2330,673,730,362,7.0
Værktøj Serie 200 Rød #2331,853,169,179,5.8
Værktøj Serie 200 Grøn #2332,302,209,127,7.2
Værktøj Serie 200 Grå #2333,338,245,277,4.5
Værktøj Edition Pro #2334,759,794,213,6.6
Værktøj Edition Plus #2335,854,763,214,5.8
Værktøj Edition Premium #2336,953,422,253,6.0
Værktøj Edition Standard #2337,524,537,305,3.6
Værktøj Edition Basic #2338,339,812,309,5.1
Værktøj Edition Deluxe #2339,547,608,338,7.0
Værktøj Edition Ultra #2340,825,381,290,4.4
Værktøj Edition Max #2341,544,328,146,3.7
Værktøj Edition Compact #2342,359,296,333,6.6
Værktøj Edition Mini #2343,522,454,290,4.5
Værktøj Edition XL #2344,447,389,288,4.6
Værktøj Edition S #2345,396,845,223,6.9
Værktøj Edition M #2346,937,354,256,5.4
Værktøj Edition L #2347,211,601,363,4.9
Værktøj Edition XL #2348,671,495,337,4.0
Værktøj Edition XXL #2349,608,837,279,7.3
Værktøj Edition V1 #2350,699,387,165,6.7
Værktøj Edition V2 #2351,163,308,345,4.9
Værktøj Edition V3 #2352,630,789,356,3.5
Værktøj Edition MK2 #2353,298,702,172,7.1
Værktøj Edition MK3 #2354,501,712,348,6.4
Værktøj Edition Gen2 #2355,587,218,179,6.5
Værktøj Edition Gen3 #2356,727,319,243,4.5
Værktøj Edition Sort #2357,371,312,283,6.9
Værktøj Edition Hvid #2358,575,153,306,5.7
Værktøj Edition Blå #2359,839,346,149,4.7
Værktøj Edition Rød #2360,121,786,266,4.8
Værktøj Edition Grøn #2361,281,460,236,3.7
Værktøj Edition Grå #2362,919,581,321,5.4
Værktøj Classic Pro #2363,213,807,171,3.6
Værktøj Classic Plus #2364,137,891,389,5.6
Værktøj Classic Premium #2365,217,683,324,4.2
Værktøj Classic Standard #2366,126,471,368,6.1
Værktøj Classic Basic #2367,462,563,208,4.9
Værktøj Classic Deluxe #2368,213,523,263,4.3
Værktøj Classic Ultra #2369,856,608,354,7.2
Værktøj Classic Max #2370,946,201,166,7.5
Værktøj Classic Compact #2371,843,454,274,6.8
Værktøj Classic Mini #2372,978,199,129,5.2
Værktøj Classic XL #2373,656,721,215,4.1
Værktøj Classic S #2374,614,569,374,4.7
Værktøj Classic M #2375,618,758,169,5.4
Værktøj Classic L #2376,766,213,174,7.3
Værktøj Classic XL #2377,186,612,209,7.4
Værktøj Classic XXL #2378,648,613,390,3.5
Værktøj Classic V1 #2379,456,212,193,4.5
Værktøj Classic V2 #2380,594,468,370,7.1
Værktøj Classic V3 #2381,550,653,290,5.7
Værktøj Classic MK2 #2382,967,380,205,4.9
Værktøj Classic MK3 #2383,364,808,281,3.7
Værktøj Classic Gen2 #2384,368,440,356,3.7
Værktøj Classic Gen3 #2385,647,361,335,3.6
Værktøj Classic Sort #2386,414,191,117,6.4
Værktøj Classic Hvid #2387,256,429,138,4.6
Værktøj Classic Blå #2388,128,759,270,3.8
Værktøj Classic Rød #2389,225,613,291,7.5
Værktøj Classic Grøn #2390,202,688,308,4.1
Værktøj Classic Grå #2391,958,439,320,7.2
Værktøj Modern Pro #2392,401,247,201,6.4
Værktøj Modern Plus #2393,894,600,389,4.2
Værktøj Modern Premium #2394,498,290,106,3.5
Værktøj Modern Standard #2395,719,378,274,4.1
Værktøj Modern Basic #2396,525,702,175,6.0
Værktøj Modern Deluxe #2397,381,436,165,4.2
Værktøj Modern Ultra #2398,651,884,336,5.9
Værktøj Modern Max #2399,587,603,313,3.8
Værktøj Modern Compact #2400,232,579,221,3.9
Værktøj Modern Mini #2401,155,803,330,4.2
Værktøj Modern XL #2402,546,772,233,6.5
Værktøj Modern S #2403,881,391,330,4.2
Værktøj Modern M #2404,525,666,240,4.8
Værktøj Modern L #2405,617,611,256,7.0
Værktøj Modern XL #2406,224,152,239,6.1
Værktøj Modern XXL #2407,354,292,305,7.2
Værktøj Modern V1 #2408,475,438,227,5.1
Værktøj Modern V2 #2409,135,834,348,6.7
Værktøj Modern V3 #2410,979,252,329,4.2
Værktøj Modern MK2 #2411,798,778,335,4.5
Værktøj Modern MK3 #2412,690,546,224,7.4
Værktøj Modern Gen2 #2413,916,784,365,5.0
Værktøj Modern Gen3 #2414,225,683,231,6.2
Værktøj Modern Sort #2415,742,814,313,5.6
Værktøj Modern Hvid #2416,648,825,202,6.3
Værktøj Modern Blå #2417,388,637,195,6.5
Værktøj Modern Rød #2418,581,610,360,5.2
Værktøj Modern Grøn #2419,686,639,275,6.4
Værktøj Modern Grå #2420,695,646,238,6.8
Værktøj Industri Pro #2421,201,188,132,5.5
Værktøj Industri Plus #2422,983,396,262,5.7
Værktøj Industri Premium #2423,952,815,361,6.9
Værktøj Industri Standard #2424,344,584,146,5.3
Værktøj Industri Basic #2425,899,165,275,7.0
Værktøj Industri Deluxe #2426,271,857,222,6.2
Værktøj Industri Ultra #2427,150,490,356,6.3
Værktøj Industri Max #2428,241,856,305,4.2
Værktøj Industri Compact #2429,172,168,194,6.2
Værktøj Industri Mini #2430,214,727,338,7.0
Værktøj Industri XL #2431,347,763,333,6.9
Værktøj Industri S #2432,738,564,149,4.2
Værktøj Industri M #2433,970,892,406,6.7
Værktøj Industri L #2434,226,460,127,5.7
Værktøj Industri XL #2435,750,417,225,7.4
Værktøj Industri XXL #2436,156,356,145,7.4
Værktøj Industri V1 #2437,469,735,168,4.7
Værktøj Industri V2 #2438,316,826,323,6.8
Værktøj Industri V3 #2439,162,610,360,5.4
Værktøj Industri MK2 #2440,290,263,107,3.7
Værktøj Industri MK3 #2441,956,879,266,4.2
Værktøj Industri Gen2 #2442,994,381,347,4.3
Værktøj Industri Gen3 #2443,672,477,158,4.3
Værktøj Industri Sort #2444,259,673,224,7.4
Værktøj Industri Hvid #2445,697,524,356,7.1
Værktøj Industri Blå #2446,561,538,377,6.0
Værktøj Industri Rød #2447,307,683,183,6.5
Værktøj Industri Grøn #2448,325,299,251,3.7
Værktøj Industri Grå #2449,628,577,288,5.1
Værktøj Professionel Pro #2450,787,395,111,5.1
Værktøj Professionel Plus #2451,534,159,205,7.1
Værktøj Professionel Premium #2452,713,871,349,5.3
Værktøj Professionel Standard #2453,675,550,350,6.5
Værktøj Professionel Basic #2454,575,273,310,5.1
Værktøj Professionel Deluxe #2455,486,450,322,4.6
Værktøj Professionel Ultra #2456,808,829,287,7.3
Værktøj Professionel Max #2457,550,355,346,6.4
Værktøj Professionel Compact #2458,807,780,402,4.6
Værktøj Professionel Mini #2459,797,807,250,5.4
Værktøj Professionel XL #2460,564,663,365,5.3
Værktøj Professionel S #2461,537,190,102,5.9
Værktøj Professionel M #2462,720,433,330,4.9
Værktøj Professionel L #2463,455,449,287,5.2
Værktøj Professionel XL #2464,393,486,250,7.4
Værktøj Professionel XXL #2465,496,518,365,7.5
Værktøj Professionel V1 #2466,318,217,193,3.8
Værktøj Professionel V2 #2467,797,282,341,7.4
Værktøj Professionel V3 #2468,534,309,298,4.3
Værktøj Professionel MK2 #2469,230,190,290,6.5
Værktøj Professionel MK3 #2470,332,364,253,4.1
Værktøj Professionel Gen2 #2471,349,756,322,5.2
Værktøj Professionel Gen3 #2472,481,414,241,7.0
Værktøj Professionel Sort #2473,941,722,258,4.0
Værktøj Professionel Hvid #2474,851,844,337,6.4
Værktøj Professionel Blå #2475,870,628,235,5.7
Værktøj Professionel Rød #2476,846,375,321,6.9
Værktøj Professionel Grøn #2477,613,782,417,7.3
Værktøj Professionel Grå #2478,467,180,171,7.3
Værktøj Commercial Pro #2479,175,808,398,4.7
Værktøj Commercial Plus #2480,721,888,215,4.6
Værktøj Commercial Premium #2481,968,853,189,3.9
Værktøj Commercial Standard #2482,471,785,292,6.5
Værktøj Commercial Basic #2483,504,496,285,7.5
Værktøj Commercial Deluxe #2484,458,523,371,4.7
Værktøj Commercial Ultra #2485,505,867,355,5.0
Værktøj Commercial Max #2486,539,186,299,6.4
Værktøj Commercial Compact #2487,551,681,351,4.7
Værktøj Commercial Mini #2488,620,286,119,3.8
Værktøj Commercial XL #2489,195,343,205,4.5
Værktøj Commercial S #2490,528,344,228,6.6
Værktøj Commercial M #2491,879,717,205,7.4
Værktøj Commercial L #2492,381,449,343,6.5
Værktøj Commercial XL #2493,148,462,283,6.9
Værktøj Commercial XXL #2494,412,183,212,6.0
Værktøj Commercial V1 #2495,854,234,213,4.2
Værktøj Commercial V2 #2496,958,227,231,7.3
Værktøj Commercial V3 #2497,381,429,278,5.1
Værktøj Commercial MK2 #2498,835,782,406,4.4
Værktøj Commercial MK3 #2499,602,201,205,4.3
Møbler Model A Pro #1000,66,4183,681,7.0
Møbler Model A Plus #1001,228,5269,852,7.4
Møbler Model A Premium #1002,67,3761,655,7.4
Møbler Model A Standard #1003,208,2150,614,5.6
Møbler Model A Basic #1004,231,3247,735,5.9
Møbler Model A Deluxe #1005,119,3462,725,7.5
Møbler Model A Ultra #1006,212,2595,491,5.4
Møbler Model A Max #1007,151,3659,762,6.7
Møbler Model A Compact #1008,148,3983,733,5.8
Møbler Model A Mini #1009,159,2439,645,5.4
Møbler Model A XL #1010,162,2919,632,5.4
Møbler Model A S #1011,104,3128,705,6.3
Møbler Model A M #1012,164,1938,359,5.1
Møbler Model A L #1013,145,1711,485,7.4
Møbler Model A XL #1014,72,3894,797,4.1
Møbler Model A XXL #1015,99,2814,507,5.5
Møbler Model A V1 #1016,60,2108,505,7.0
Møbler Model A V2 #1017,98,3186,739,5.4
Møbler Model A V3 #1018,31,1328,313,4.8
Møbler Model A MK2 #1019,45,1948,452,5.5
Møbler Model A MK3 #1020,157,3692,609,6.2
Møbler Model A Gen2 #1021,190,4117,715,4.4
Møbler Model A Gen3 #1022,245,1137,395,5.0
Møbler Model A Sort #1023,197,2727,462,5.7
Møbler Model A Hvid #1024,145,5890,984,7.2
Møbler Model A Blå #1025,151,4322,728,7.1
Møbler Model A Rød #1026,96,5212,862,4.5
Møbler Model A Grøn #1027,174,1600,425,4.6
Møbler Model A Grå #1028,180,3874,874,5.2
Møbler Model B Pro #1029,178,1054,383,5.9
Møbler Model B Plus #1030,208,5934,960,4.7
Møbler Model B Premium #1031,191,4771,873,4.1
Møbler Model B Standard #1032,109,2578,555,6.4
Møbler Model B Basic #1033,80,3031,593,6.1
Møbler Model B Deluxe #1034,51,3579,788,7.3
Møbler Model B Ultra #1035,243,1574,419,5.4
Møbler Model B Max #1036,175,4878,923,5.5
Møbler Model B Compact #1037,43,2101,407,4.0
Møbler Model B Mini #1038,126,1700,418,5.4
Møbler Model B XL #1039,177,2701,676,6.6
Møbler Model B S #1040,60,1599,514,6.1
Møbler Model B M #1041,205,3804,665,5.0
Møbler Model B L #1042,65,1698,311,4.4
Møbler Model B XL #1043,81,3384,602,7.4
Møbler Model B XXL #1044,135,2394,605,7.0
Møbler Model B V1 #1045,62,2684,489,6.0
Møbler Model B V2 #1046,79,2643,458,5.8
Møbler Model B V3 #1047,74,5525,961,5.8
Møbler Model B MK2 #1048,100,1679,507,7.1
Møbler Model B MK3 #1049,144,1008,222,5.5
Møbler Model B Gen2 #1050,108,4733,968,7.4
Møbler Model B Gen3 #1051,154,3134,680,5.0
Møbler Model B Sort #1052,138,1990,424,6.1
Møbler Model B Hvid #1053,218,5708,1087,7.2
Møbler Model B Blå #1054,223,4290,876,3.6
Møbler Model B Rød #1055,144,4875,979,3.9
Møbler Model B Grøn #1056,225,1603,337,7.3
Møbler Model B Grå #1057,148,5004,971,6.9
Møbler Model C Pro #1058,207,3626,830,4.6
Møbler Model C Plus #1059,44,5872,1010,7.3
Møbler Model C Premium #1060,141,1782,484,5.9
Møbler Model C Standard #1061,168,5628,1007,6.5
Møbler Model C Basic #1062,113,4496,905,6.9
Møbler Model C Deluxe #1063,208,5995,953,4.9
Møbler Model C Ultra #1064,127,4088,869,3.8
Møbler Model C Max #1065,43,4808,1020,6.9
Møbler Model C Compact #1066,44,1541,514,3.8
Møbler Model C Mini #1067,119,3182,624,3.8
Møbler Model C XL #1068,188,4321,703,4.3
Møbler Model C S #1069,78,4764,860,5.4
Møbler Model C M #1070,86,3965,654,6.1
Møbler Model C L #1071,87,2880,702,4.8
Møbler Model C XL #1072,143,2746,464,5.6
Møbler Model C XXL #1073,141,1782,360,5.4
Møbler Model C V1 #1074,41,1555,283,6.5
Møbler Model C V2 #1075,44,3112,713,4.1
Møbler Model C V3 #1076,211,1916,448,6.0
Møbler Model C MK2 #1077,33,5243,910,5.7
Møbler Model C MK3 #1078,63,5324,905,3.6
Møbler Model C Gen2 #1079,154,3083,731,6.6
Møbler Model C Gen3 #1080,208,1610,538,7.4
Møbler Model C Sort #1081,132,5168,943,6.9
Møbler Model C Hvid #1082,119,4314,751,4.5
Møbler Model C Blå #1083,223,5607,995,6.9
Møbler Model C Rød #1084,77,3397,728,4.2
Møbler Model C Grøn #1085,104,5819,967,6.6
Møbler Model C Grå #1086,61,2421,432,4.8
Møbler Type 1 Pro #1087,37,1667,503,4.9
Møbler Type 1 Plus #1088,184,4194,726,4.2
Møbler Type 1 Premium #1089,46,5084,1025,6.1
Møbler Type 1 Standard #1090,188,5697,953,4.7
Møbler Type 1 Basic #1091,58,5969,1169,7.4
Møbler Type 1 Deluxe #1092,52,1731,351,5.1
Møbler Type 1 Ultra #1093,182,4322,868,3.7
Møbler Type 1 Max #1094,208,5265,933,5.6
Møbler Type 1 Compact #1095,212,1504,411,3.8
Møbler Type 1 Mini #1096,60,2392,427,4.8
Møbler Type 1 XL #1097,159,1286,248,5.3
Møbler Type 1 S #1098,185,3906,718,4.5
Møbler Type 1 M #1099,249,1499,275,5.2
Møbler Type 1 L #1100,58,5369,951,6.4
Møbler Type 1 XL #1101,215,4339,803,6.7
Møbler Type 1 XXL #1102,145,2899,714,6.5
Møbler Type 1 V1 #1103,171,3415,781,3.9
Møbler Type 1 V2 #1104,248,4262,723,4.6
Møbler Type 1 V3 #1105,125,3203,573,5.0
Møbler Type 1 MK2 #1106,200,3740,685,6.5
Møbler Type 1 MK3 #1107,96,4710,894,5.3
Møbler Type 1 Gen2 #1108,114,3542,827,4.7
Møbler Type 1 Gen3 #1109,44,3718,685,6.9
Møbler Type 1 Sort #1110,123,3995,765,4.4
Møbler Type 1 Hvid #1111,66,5712,935,3.9
Møbler Type 1 Blå #1112,173,3672,733,7.0
Møbler Type 1 Rød #1113,69,4819,900,4.2
Møbler Type 1 Grøn #1114,188,2354,448,5.2
Møbler Type 1 Grå #1115,79,2953,632,4.2
Møbler Type 2 Pro #1116,212,2765,513,6.5
Møbler Type 2 Plus #1117,201,5674,962,5.0
Møbler Type 2 Premium #1118,93,2890,638,5.6
Møbler Type 2 Standard #1119,133,4275,757,4.6
Møbler Type 2 Basic #1120,192,4361,787,6.8
Møbler Type 2 Deluxe #1121,76,5345,941,6.5
Møbler Type 2 Ultra #1122,81,3668,777,3.6
Møbler Type 2 Max #1123,95,5183,918,5.4
Møbler Type 2 Compact #1124,141,5207,1000,5.5
Møbler Type 2 Mini #1125,164,2187,494,6.9
Møbler Type 2 XL #1126,148,2400,445,3.6
Møbler Type 2 S #1127,97,1629,309,7.4
Møbler Type 2 M #1128,151,2177,580,5.8
Møbler Type 2 L #1129,160,2004,354,6.1
Møbler Type 2 XL #1130,126,5859,992,4.9
Møbler Type 2 XXL #1131,101,2848,713,7.4
Møbler Type 2 V1 #1132,108,2259,439,7.3
Møbler Type 2 V2 #1133,113,2374,539,5.8
Møbler Type 2 V3 #1134,245,2214,445,5.9
Møbler Type 2 MK2 #1135,212,2423,424,7.1
Møbler Type 2 MK3 #1136,141,2910,582,5.3
Møbler Type 2 Gen2 #1137,231,3125,647,5.4
Møbler Type 2 Gen3 #1138,245,1620,355,7.2
Møbler Type 2 Sort #1139,91,1552,414,6.5
Møbler Type 2 Hvid #1140,108,2251,484,7.1
Møbler Type 2 Blå #1141,209,4649,796,5.2
Møbler Type 2 Rød #1142,173,1011,276,5.8
Møbler Type 2 Grøn #1143,163,1079,223,6.2
Møbler Type 2 Grå #1144,37,5528,886,5.4
Møbler Serie 100 Pro #1145,172,1536,496,6.5
Møbler Serie 100 Plus #1146,164,2727,623,5.1
Møbler Serie 100 Premium #1147,155,1300,470,4.9
Møbler Serie 100 Standard #1148,85,1260,393,3.7
Møbler Serie 100 Basic #1149,132,5996,1083,7.5
Møbler Serie 100 Deluxe #1150,162,2279,518,4.2
Møbler Serie 100 Ultra #1151,249,1152,388,7.1
Møbler Serie 100 Max #1152,202,3342,778,4.0
Møbler Serie 100 Compact #1153,96,3806,721,4.1
Møbler Serie 100 Mini #1154,125,4856,950,5.4
Møbler Serie 100 XL #1155,119,2939,709,4.7
Møbler Serie 100 S #1156,217,1620,293,6.2
Møbler Serie 100 M #1157,152,1552,435,3.6
Møbler Serie 100 L #1158,76,2209,419,5.1
Møbler Serie 100 XL #1159,174,2249,485,6.1
Møbler Serie 100 XXL #1160,74,2011,548,5.8
Møbler Serie 100 V1 #1161,76,5182,839,6.8
Møbler Serie 100 V2 #1162,110,2530,482,4.4
Møbler Serie 100 V3 #1163,37,2365,633,5.7
Møbler Serie 100 MK2 #1164,212,2203,600,7.4
Møbler Serie 100 MK3 #1165,199,5095,881,7.5
Møbler Serie 100 Gen2 #1166,91,4880,982,7.5
Møbler Serie 100 Gen3 #1167,61,3417,705,4.1
Møbler Serie 100 Sort #1168,218,4150,828,4.4
Møbler Serie 100 Hvid #1169,230,4503,946,5.4
Møbler Serie 100 Blå #1170,60,5248,970,5.4
Møbler Serie 100 Rød #1171,249,4471,935,5.0
Møbler Serie 100 Grøn #1172,127,1969,448,4.5
Møbler Serie 100 Grå #1173,223,1549,458,4.2
Møbler Serie 200 Pro #1174,73,3849,811,6.7
Møbler Serie 200 Plus #1175,56,3647,631,5.6
Møbler Serie 200 Premium #1176,238,4642,887,6.8
Møbler Serie 200 Standard #1177,174,1727,335,5.9
Møbler Serie 200 Basic #1178,47,4127,683,4.7
Møbler Serie 200 Deluxe #1179,223,1322,363,6.2
Møbler Serie 200 Ultra #1180,39,5661,934,3.8
Møbler Serie 200 Max #1181,38,2145,380,6.1
Møbler Serie 200 Compact #1182,245,5701,1098,6.4
Møbler Serie 200 Mini #1183,135,5367,923,7.1
Møbler Serie 200 XL #1184,135,5706,1080,5.0
Møbler Serie 200 S #1185,102,2954,606,4.2
Møbler Serie 200 M #1186,108,1401,348,5.6
Møbler Serie 200 L #1187,88,2040,356,5.5
Møbler Serie 200 XL #1188,215,4356,783,4.9
Møbler Serie 200 XXL #1189,54,4223,823,6.0
Møbler Serie 200 V1 #1190,112,4047,745,3.6
Møbler Serie 200 V2 #1191,122,4693,962,5.6
Møbler Serie 200 V3 #1192,216,5299,1077,4.0
Møbler Serie 200 MK2 #1193,130,5552,1086,4.5
Møbler Serie 200 MK3 #1194,204,2520,610,5.0
Møbler Serie 200 Gen2 #1195,40,2953,713,5.3
Møbler Serie 200 Gen3 #1196,52,2570,492,6.6
Møbler Serie 200 Sort #1197,68,1902,512,3.6
Møbler Serie 200 Hvid #1198,34,3812,669,6.3
Møbler Serie 200 Blå #1199,201,2621,474,5.9
Møbler Serie 200 Rød #1200,211,2687,640,6.5
Møbler Serie 200 Grøn #1201,221,2755,706,6.4
Møbler Serie 200 Grå #1202,207,1061,456,6.3
Møbler Edition Pro #1203,36,4119,717,6.1
Møbler Edition Plus #1204,149,5107,841,6.2
Møbler Edition Premium #1205,164,5893,1076,7.2
Møbler Edition Standard #1206,111,1061,327,5.1
Møbler Edition Basic #1207,127,4786,922,7.1
Møbler Edition Deluxe #1208,60,3053,626,4.1
Møbler Edition Ultra #1209,240,3241,601,4.8
Møbler Edition Max #1210,105,3710,642,5.8
Møbler Edition Compact #1211,35,4285,737,6.6
Møbler Edition Mini #1212,241,5145,983,7.0
Møbler Edition XL #1213,165,2091,510,7.4
Møbler Edition S #1214,225,4171,683,5.9
Møbler Edition M #1215,229,3615,791,6.6
Møbler Edition L #1216,65,4984,891,5.3
Møbler Edition XL #1217,152,3664,753,3.5
Møbler Edition XXL #1218,246,3788,685,4.2
Møbler Edition V1 #1219,238,2730,526,5.1
Møbler Edition V2 #1220,199,2974,626,7.5
Møbler Edition V3 #1221,61,2195,546,3.9
Møbler Edition MK2 #1222,124,2817,591,4.1
Møbler Edition MK3 #1223,169,4258,863,4.4
Møbler Edition Gen2 #1224,47,3559,658,7.0
Møbler Edition Gen3 #1225,158,2042,449,7.0
Møbler Edition Sort #1226,95,2166,541,3.7
Møbler Edition Hvid #1227,33,1668,340,4.4
Møbler Edition Blå #1228,193,1730,408,4.0
Møbler Edition Rød #1229,173,2302,412,3.6
Møbler Edition Grøn #1230,125,1298,385,6.7
Møbler Edition Grå #1231,187,1554,497,4.7
Møbler Classic Pro #1232,178,5879,1102,3.8
Møbler Classic Plus #1233,162,5071,946,5.6
Møbler Classic Premium #1234,102,5314,1005,3.7
Møbler Classic Standard #1235,51,5286,853,5.7
Møbler Classic Basic #1236,135,2599,528,6.0
Møbler Classic Deluxe #1237,119,5576,1111,4.1
Møbler Classic Ultra #1238,154,1826,454,5.5
Møbler Classic Max #1239,68,5378,1044,3.8
Møbler Classic Compact #1240,194,3774,663,4.7
Møbler Classic Mini #1241,176,5169,1056,4.0
Møbler Classic XL #1242,200,1524,393,7.1
Møbler Classic S #1243,203,1126,278,5.7
Møbler Classic M #1244,112,5011,1008,5.1
Møbler Classic L #1245,183,3224,632,3.9
Møbler Classic XL #1246,101,2570,624,3.6
Møbler Classic XXL #1247,95,3925,832,7.4
Møbler Classic V1 #1248,67,5039,1013,6.5
Møbler Classic V2 #1249,210,5903,955,3.6
Møbler Classic V3 #1250,98,3577,648,6.4
Møbler Classic MK2 #1251,151,2499,657,4.0
Møbler Classic MK3 #1252,104,4859,952,4.2
Møbler Classic Gen2 #1253,126,5332,961,3.6
Møbler Classic Gen3 #1254,213,3168,750,5.6
Møbler Classic Sort #1255,122,2004,441,4.7
Møbler Classic Hvid #1256,218,2416,461,4.1
Møbler Classic Blå #1257,160,2023,411,4.5
Møbler Classic Rød #1258,59,1465,498,3.9
Møbler Classic Grøn #1259,163,5342,1080,4.7
Møbler Classic Grå #1260,47,1153,282,5.8
Møbler Modern Pro #1261,123,1625,439,4.1
Møbler Modern Plus #1262,206,4392,936,5.1
Møbler Modern Premium #1263,44,5294,1079,3.7
Møbler Modern Standard #1264,79,5919,970,3.9
Møbler Modern Basic #1265,31,4918,874,6.0
Møbler Modern Deluxe #1266,90,2982,728,4.9
Møbler Modern Ultra #1267,181,5228,909,7.4
Møbler Modern Max #1268,81,3512,757,4.9
Møbler Modern Compact #1269,55,4870,1002,7.1
Møbler Modern Mini #1270,238,1975,400,7.2
Møbler Modern XL #1271,224,2170,602,6.8
Møbler Modern S #1272,53,2432,496,4.5
Møbler Modern M #1273,222,5111,891,5.8
Møbler Modern L #1274,147,4442,846,3.9
Møbler Modern XL #1275,240,4001,865,4.1
Møbler Modern XXL #1276,118,1338,429,6.5
Møbler Modern V1 #1277,199,3371,566,5.9
Møbler Modern V2 #1278,227,5517,1073,6.9
Møbler Modern V3 #1279,151,3516,780,5.9
Møbler Modern MK2 #1280,32,4990,918,5.2
Møbler Modern MK3 #1281,183,4155,835,4.0
Møbler Modern Gen2 #1282,139,1285,400,4.8
Møbler Modern Gen3 #1283,110,3576,681,5.5
Møbler Modern Sort #1284,205,5142,899,5.9
Møbler Modern Hvid #1285,158,4494,907,4.6
Møbler Modern Blå #1286,95,2621,678,6.7
Møbler Modern Rød #1287,119,2537,622,6.1
Møbler Modern Grøn #1288,62,4639,977,5.7
Møbler Modern Grå #1289,93,2031,582,3.8
Møbler Industri Pro #1290,118,3471,783,4.0
Møbler Industri Plus #1291,59,2357,568,7.4
Møbler Industri Premium #1292,162,1061,209,6.1
Møbler Industri Standard #1293,185,2609,486,7.0
Møbler Industri Basic #1294,122,4205,767,4.1
Møbler Industri Deluxe #1295,85,5763,1049,4.6
Møbler Industri Ultra #1296,193,2521,449,5.1
Møbler Industri Max #1297,115,1178,258,6.9
Møbler Industri Compact #1298,111,5657,976,6.6
Møbler Industri Mini #1299,47,5214,849,6.4
Møbler Industri XL #1300,36,3178,580,5.0
Møbler Industri S #1301,54,3529,635,6.0
Møbler Industri M #1302,91,2483,525,4.2
Møbler Industri L #1303,62,2032,462,5.4
Møbler Industri XL #1304,186,2702,621,4.7
Møbler Industri XXL #1305,48,4785,928,5.7
Møbler Industri V1 #1306,115,4137,700,6.1
Møbler Industri V2 #1307,86,2829,720,3.7
Møbler Industri V3 #1308,148,2913,507,5.5
Møbler Industri MK2 #1309,187,2202,561,7.4
Møbler Industri MK3 #1310,193,2255,431,5.6
Møbler Industri Gen2 #1311,163,2277,491,5.9
Møbler Industri Gen3 #1312,118,1264,268,5.1
Møbler Industri Sort #1313,43,5127,1066,4.0
Møbler Industri Hvid #1314,70,1412,434,3.9
Møbler Industri Blå #1315,176,5649,948,5.3
Møbler Industri Rød #1316,136,3318,610,5.5
Møbler Industri Grøn #1317,50,3242,604,6.6
Møbler Industri Grå #1318,184,1482,301,7.5
Møbler Professionel Pro #1319,42,3062,646,5.8
Møbler Professionel Plus #1320,202,2632,590,6.1
Møbler Professionel Premium #1321,98,5274,1091,5.2
Møbler Professionel Standard #1322,49,5681,1026,7.0
Møbler Professionel Basic #1323,245,3852,744,6.5
Møbler Professionel Deluxe #1324,59,5591,1040,3.6
Møbler Professionel Ultra #1325,88,1337,253,7.4
Møbler Professionel Max #1326,40,2076,400,6.3
Møbler Professionel Compact #1327,220,2820,514,5.1
Møbler Professionel Mini #1328,68,5775,1142,6.9
Møbler Professionel XL #1329,90,5794,983,5.5
Møbler Professionel S #1330,233,2183,583,6.3
Møbler Professionel M #1331,174,2348,568,5.8
Møbler Professionel L #1332,222,1764,471,4.7
Møbler Professionel XL #1333,70,1317,403,6.5
Møbler Professionel XXL #1334,61,4394,890,3.9
Møbler Professionel V1 #1335,171,5500,904,7.0
Møbler Professionel V2 #1336,93,2505,603,6.2
Møbler Professionel V3 #1337,186,5356,1100,5.0
Møbler Professionel MK2 #1338,175,4171,719,7.1
Møbler Professionel MK3 #1339,176,1410,424,6.7
Møbler Professionel Gen2 #1340,246,5379,1076,6.1
Møbler Professionel Gen3 #1341,221,5460,1088,5.0
Møbler Professionel Sort #1342,162,2252,611,5.9
Møbler Professionel Hvid #1343,55,2800,480,5.3
Møbler Professionel Blå #1344,47,2653,586,6.8
Møbler Professionel Rød #1345,159,1029,337,6.7
Møbler Professionel Grøn #1346,94,1338,421,4.8
Møbler Professionel Grå #1347,241,4021,747,7.3
Møbler Commercial Pro #1348,80,4476,960,5.1
Møbler Commercial Plus #1349,160,1450,298,4.7
Møbler Commercial Premium #1350,31,5148,836,4.9
Møbler Commercial Standard #1351,85,4261,765,5.6
Møbler Commercial Basic #1352,77,1413,477,4.6
Møbler Commercial Deluxe #1353,233,5352,970,3.6
Møbler Commercial Ultra #1354,183,5792,923,7.3
Møbler Commercial Max #1355,112,5935,1177,6.6
Møbler Commercial Compact #1356,143,1809,371,4.3
Møbler Commercial Mini #1357,151,2246,627,5.3
Møbler Commercial XL #1358,129,2714,695,3.8
Møbler Commercial S #1359,152,2266,565,5.7
Møbler Commercial M #1360,75,5808,1144,6.3
Møbler Commercial L #1361,62,4582,811,7.2
Møbler Commercial XL #1362,109,1516,445,4.4
Møbler Commercial XXL #1363,59,3151,639,6.5
Møbler Commercial V1 #1364,226,3537,613,5.7
Møbler Commercial V2 #1365,201,5233,912,3.7
Møbler Commercial V3 #1366,231,2922,520,4.6
Møbler Commercial MK2 #1367,61,3393,595,4.2
Møbler Commercial MK3 #1368,151,5862,1172,7.2
Møbler Commercial Gen2 #1369,119,3680,763,6.7
Møbler Commercial Gen3 #1370,67,2774,662,5.5
Møbler Commercial Sort #1371,153,4040,782,6.8
Møbler Commercial Hvid #1372,189,4652,980,6.3
Møbler Commercial Blå #1373,129,4806,797,6.0
Møbler Commercial Rød #1374,204,1907,576,4.7
Møbler Commercial Grøn #1375,78,1572,475,5.8
Møbler Commercial Grå #1376,190,1613,529,6.8
Møbler Model A Pro #1377,181,3128,674,6.8
Møbler Model A Plus #1378,36,4779,897,7.3
Møbler Model A Premium #1379,42,2660,608,6.4
Møbler Model A Standard #1380,211,2495,520,6.9
Møbler Model A Basic #1381,232,2418,540,6.1
Møbler Model A Deluxe #1382,147,1587,337,4.1
Møbler Model A Ultra #1383,136,2953,602,6.9
Møbler Model A Max #1384,185,4202,873,4.5
Møbler Model A Compact #1385,150,1071,351,3.6
Møbler Model A Mini #1386,140,3851,754,5.8
Møbler Model A XL #1387,134,2042,549,6.6
Møbler Model A S #1388,147,1544,288,6.4
Møbler Model A M #1389,162,1517,319,4.3
Møbler Model A L #1390,129,2849,710,4.5
Møbler Model A XL #1391,184,2508,591,4.0
Møbler Model A XXL #1392,198,4882,1028,5.9
Møbler Model A V1 #1393,216,5256,838,7.0
Møbler Model A V2 #1394,45,1106,447,4.4
Møbler Model A V3 #1395,125,4177,816,3.8
Møbler Model A MK2 #1396,157,4676,786,4.1
Møbler Model A MK3 #1397,103,3868,810,3.6
Møbler Model A Gen2 #1398,182,3571,594,5.6
Møbler Model A Gen3 #1399,45,1393,292,4.1
Møbler Model A Sort #1400,30,5863,1097,4.5
Møbler Model A Hvid #1401,175,4930,984,6.3
Møbler Model A Blå #1402,166,5791,1107,6.7
Møbler Model A Rød #1403,193,1473,375,5.0
Møbler Model A Grøn #1404,247,3183,724,5.7
Møbler Model A Grå #1405,190,5637,980,4.8
Møbler Model B Pro #1406,208,2540,564,6.0
Møbler Model B Plus #1407,119,1681,322,6.6
Møbler Model B Premium #1408,160,4143,742,4.2
Møbler Model B Standard #1409,54,2202,428,4.2
Møbler Model B Basic #1410,209,1687,453,6.4
Møbler Model B Deluxe #1411,152,5312,895,4.5
Møbler Model B Ultra #1412,60,4619,948,4.9
Møbler Model B Max #1413,231,5791,1161,4.8
Møbler Model B Compact #1414,239,4871,875,3.6
Møbler Model B Mini #1415,33,1290,486,3.8
Møbler Model B XL #1416,193,4258,702,6.9
Møbler Model B S #1417,116,3548,780,7.3
Møbler Model B M #1418,247,3218,601,7.2
Møbler Model B L #1419,171,1920,419,4.3
Møbler Model B XL #1420,239,2973,589,3.8
Møbler Model B XXL #1421,49,4125,794,4.2
Møbler Model B V1 #1422,70,2974,698,6.6
Møbler Model B V2 #1423,137,4517,960,5.7
Møbler Model B V3 #1424,70,1673,460,3.6
Møbler Model B MK2 #1425,41,4611,805,3.6
Møbler Model B MK3 #1426,91,4456,725,4.9
Møbler Model B Gen2 #1427,73,4777,796,5.8
Møbler Model B Gen3 #1428,36,2742,546,7.1
Møbler Model B Sort #1429,129,5342,923,6.2
Møbler Model B Hvid #1430,226,5547,944,4.2
Møbler Model B Blå #1431,156,2884,498,3.9
Møbler Model B Rød #1432,157,5242,936,7.3
Møbler Model B Grøn #1433,76,4222,789,6.7
Møbler Model B Grå #1434,163,3696,649,6.2
Møbler Model C Pro #1435,75,1605,355,4.4
Møbler Model C Plus #1436,48,2260,497,6.2
Møbler Model C Premium #1437,179,4199,829,5.3
Møbler Model C Standard #1438,244,4081,874,4.5
Møbler Model C Basic #1439,239,1740,546,6.6
Møbler Model C Deluxe #1440,134,2013,522,4.6
Møbler Model C Ultra #1441,187,3713,850,7.4
Møbler Model C Max #1442,99,3872,713,3.7
Møbler Model C Compact #1443,231,4354,823,4.7
Møbler Model C Mini #1444,214,5664,1015,3.6
Møbler Model C XL #1445,153,4248,871,3.7
Møbler Model C S #1446,54,1830,430,6.8
Møbler Model C M #1447,88,4778,827,4.3
Møbler Model C L #1448,130,5169,1047,3.7
Møbler Model C XL #1449,159,4063,797,5.8
Møbler Model C XXL #1450,86,5167,870,7.5
Møbler Model C V1 #1451,38,5625,1110,3.6
Møbler Model C V2 #1452,215,2159,477,5.5
Møbler Model C V3 #1453,104,4027,662,7.0
Møbler Model C MK2 #1454,131,3506,649,7.3
Møbler Model C MK3 #1455,38,4905,816,6.2
Møbler Model C Gen2 #1456,163,2645,454,4.9
Møbler Model C Gen3 #1457,238,1168,444,7.0
Møbler Model C Sort #1458,224,1043,367,3.9
Møbler Model C Hvid #1459,34,5854,1111,5.5
Møbler Model C Blå #1460,150,4539,849,6.1
Møbler Model C Rød #1461,196,2082,464,4.1
Møbler Model C Grøn #1462,130,2904,702,6.2
Møbler Model C Grå #1463,240,4203,784,6.4
Møbler Type 1 Pro #1464,67,2986,563,6.9
Møbler Type 1 Plus #1465,31,4802,847,6.0
Møbler Type 1 Premium #1466,237,1406,288,7.4
Møbler Type 1 Standard #1467,178,2066,481,4.4
Møbler Type 1 Basic #1468,186,2541,565,7.4
Møbler Type 1 Deluxe #1469,105,3906,726,4.1
Møbler Type 1 Ultra #1470,40,5501,1099,4.6
Møbler Type 1 Max #1471,180,4141,692,6.1
Møbler Type 1 Compact #1472,116,4813,772,5.2
Møbler Type 1 Mini #1473,225,5485,899,4.1
Møbler Type 1 XL #1474,111,4048,774,6.2
Møbler Type 1 S #1475,162,4289,721,3.8
Møbler Type 1 M #1476,164,2796,498,5.5
Møbler Type 1 L #1477,43,5419,980,3.8
Møbler Type 1 XL #1478,224,4858,972,6.4
Møbler Type 1 XXL #1479,35,1346,338,6.9
Møbler Type 1 V1 #1480,159,1947,363,3.5
Møbler Type 1 V2 #1481,131,5397,890,5.4
Møbler Type 1 V3 #1482,152,2940,495,5.0
Møbler Type 1 MK2 #1483,134,2132,508,7.2
Møbler Type 1 MK3 #1484,96,1424,486,6.4
Møbler Type 1 Gen2 #1485,195,3068,719,5.3
Møbler Type 1 Gen3 #1486,52,1277,321,5.7
Møbler Type 1 Sort #1487,31,2600,677,5.7
Møbler Type 1 Hvid #1488,66,1206,366,5.5
Møbler Type 1 Blå #1489,72,1132,289,6.4
Møbler Type 1 Rød #1490,91,3070,714,5.4
Møbler Type 1 Grøn #1491,114,5338,895,4.7
Møbler Type 1 Grå #1492,128,5193,1012,4.6
Møbler Type 2 Pro #1493,186,4746,950,4.1
Møbler Type 2 Plus #1494,87,5845,1009,3.7
Møbler Type 2 Premium #1495,134,5152,904,4.8
Møbler Type 2 Standard #1496,136,2565,478,4.2
Møbler Type 2 Basic #1497,66,4267,908,7.3
Møbler Type 2 Deluxe #1498,212,3882,871,6.3
Møbler Type 2 Ultra #1499,161,3540,648,5.1
Møbler Type 2 Max #1500,109,1443,404,4.1
Møbler Type 2 Compact #1501,179,2984,572,4.6
Møbler Type 2 Mini #1502,98,3582,794,6.3
Møbler Type 2 XL #1503,232,4344,731,6.1
Møbler Type 2 S #1504,208,3540,647,5.7
Møbler Type 2 M #1505,62,2910,694,4.2
Møbler Type 2 L #1506,210,2014,360,7.0
Møbler Type 2 XL #1507,132,4797,824,7.0
Møbler Type 2 XXL #1508,57,5754,1117,6.4
Møbler Type 2 V1 #1509,195,4340,872,5.2
Møbler Type 2 V2 #1510,212,2996,539,6.8
Møbler Type 2 V3 #1511,239,2353,636,6.2
Møbler Type 2 MK2 #1512,144,3342,751,6.3
Møbler Type 2 MK3 #1513,230,3133,623,5.9
Møbler Type 2 Gen2 #1514,87,3656,608,7.2
Møbler Type 2 Gen3 #1515,177,1191,255,6.6
Møbler Type 2 Sort #1516,181,1039,303,4.7
Møbler Type 2 Hvid #1517,217,1855,427,3.7
Møbler Type 2 Blå #1518,167,1728,341,5.5
Møbler Type 2 Rød #1519,233,4435,799,5.1
Møbler Type 2 Grøn #1520,92,1653,520,7.2
Møbler Type 2 Grå #1521,142,4714,891,3.6
Møbler Serie 100 Pro #1522,149,1488,340,3.8
Møbler Serie 100 Plus #1523,219,3193,698,5.4
Møbler Serie 100 Premium #1524,174,3118,690,4.7
Møbler Serie 100 Standard #1525,157,4715,785,4.6
Møbler Serie 100 Basic #1526,119,1804,465,6.0
Møbler Serie 100 Deluxe #1527,43,5822,1106,4.3
Møbler Serie 100 Ultra #1528,96,5500,1095,3.9
Møbler Serie 100 Max #1529,136,3681,703,7.3
Møbler Serie 100 Compact #1530,87,5854,948,5.4
Møbler Serie 100 Mini #1531,85,3180,663,3.6
Møbler Serie 100 XL #1532,163,3148,658,6.7
Møbler Serie 100 S #1533,71,1020,265,4.5
Møbler Serie 100 M #1534,131,3445,594,4.0
Møbler Serie 100 L #1535,34,4170,920,5.0
Møbler Serie 100 XL #1536,183,4019,670,4.0
Møbler Serie 100 XXL #1537,82,4827,1019,7.3
Møbler Serie 100 V1 #1538,240,5250,956,5.4
Møbler Serie 100 V2 #1539,239,1519,343,7.1
Møbler Serie 100 V3 #1540,140,1185,451,4.2
Møbler Serie 100 MK2 #1541,191,2358,450,6.9
Møbler Serie 100 MK3 #1542,194,3498,632,3.5
Møbler Serie 100 Gen2 #1543,117,1034,233,4.2
Møbler Serie 100 Gen3 #1544,70,5867,938,4.9
Møbler Serie 100 Sort #1545,136,2313,445,5.5
Møbler Serie 100 Hvid #1546,208,2232,412,5.3
Møbler Serie 100 Blå #1547,216,4912,973,7.4
Møbler Serie 100 Rød #1548,208,1997,450,7.0
Møbler Serie 100 Grøn #1549,224,5020,1019,6.1
Møbler Serie 100 Grå #1550,228,1883,378,6.4
Møbler Serie 200 Pro #1551,190,3886,693,6.3
Møbler Serie 200 Plus #1552,87,3055,649,6.6
Møbler Serie 200 Premium #1553,181,4522,867,6.0
Møbler Serie 200 Standard #1554,38,5466,1068,5.1
Møbler Serie 200 Basic #1555,178,3515,651,5.8
Møbler Serie 200 Deluxe #1556,43,3311,774,3.7
Møbler Serie 200 Ultra #1557,77,2333,645,4.1
Møbler Serie 200 Max #1558,186,1829,488,6.9
Møbler Serie 200 Compact #1559,89,2823,661,6.8
Møbler Serie 200 Mini #1560,192,3624,686,4.3
Møbler Serie 200 XL #1561,85,5673,924,6.0
Møbler Serie 200 S #1562,40,5845,946,4.5
Møbler Serie 200 M #1563,72,3961,726,6.0
Møbler Serie 200 L #1564,210,5031,1050,5.5
Møbler Serie 200 XL #1565,84,2160,538,6.9
Møbler Serie 200 XXL #1566,224,4391,891,4.0
Møbler Serie 200 V1 #1567,71,5505,947,3.8
Møbler Serie 200 V2 #1568,180,4362,932,3.6
Møbler Serie 200 V3 #1569,116,3812,806,5.3
Møbler Serie 200 MK2 #1570,93,3316,575,7.4
Møbler Serie 200 MK3 #1571,38,4120,805,5.1
Møbler Serie 200 Gen2 #1572,63,4384,828,6.5
Møbler Serie 200 Gen3 #1573,197,5827,991,6.2
Møbler Serie 200 Sort #1574,171,1261,429,5.6
Møbler Serie 200 Hvid #1575,39,2695,619,4.1
Møbler Serie 200 Blå #1576,41,5048,813,4.5
Møbler Serie 200 Rød #1577,108,5039,851,6.8
Møbler Serie 200 Grøn #1578,214,1123,467,6.7
Møbler Serie 200 Grå #1579,51,2203,460,3.8
Møbler Edition Pro #1580,58,1037,341,4.6
Møbler Edition Plus #1581,163,2053,514,6.1
Møbler Edition Premium #1582,97,1115,305,7.0
Møbler Edition Standard #1583,72,3348,652,4.3
Møbler Edition Basic #1584,219,3401,693,6.9
Møbler Edition Deluxe #1585,34,5658,1039,4.7
Møbler Edition Ultra #1586,73,1156,223,7.0
Møbler Edition Max #1587,85,3840,654,3.6
Møbler Edition Compact #1588,80,1952,588,7.4
Møbler Edition Mini #1589,38,2205,528,5.8
Møbler Edition XL #1590,119,1477,295,4.0
Møbler Edition S #1591,226,2769,628,7.3
Møbler Edition M #1592,135,4914,850,3.7
Møbler Edition L #1593,104,2153,581,4.3
Møbler Edition XL #1594,76,2412,611,6.9
Møbler Edition XXL #1595,40,3151,627,6.9
Møbler Edition V1 #1596,78,2395,479,4.8
Møbler Edition V2 #1597,171,5593,1077,4.0
Møbler Edition V3 #1598,91,5315,972,4.1
Møbler Edition MK2 #1599,51,1712,520,7.2
Møbler Edition MK3 #1600,158,2921,558,7.3
Møbler Edition Gen2 #1601,121,2400,530,4.0
Møbler Edition Gen3 #1602,163,1866,474,7.0
Møbler Edition Sort #1603,155,2391,630,6.1
Møbler Edition Hvid #1604,101,2000,598,4.7
Møbler Edition Blå #1605,114,5902,1002,5.6
Møbler Edition Rød #1606,105,5470,1098,6.8
Møbler Edition Grøn #1607,163,1290,288,4.7
Møbler Edition Grå #1608,233,3209,611,5.1
Møbler Classic Pro #1609,120,5363,892,6.3
Møbler Classic Plus #1610,161,5349,942,5.1
Møbler Classic Premium #1611,48,4631,961,6.4
Møbler Classic Standard #1612,236,4154,746,7.1
Møbler Classic Basic #1613,249,5453,1084,5.0
Møbler Classic Deluxe #1614,205,1462,413,7.1
Møbler Classic Ultra #1615,91,1146,256,6.1
Møbler Classic Max #1616,124,1702,521,4.6
Møbler Classic Compact #1617,111,1699,531,3.9
Møbler Classic Mini #1618,163,3365,805,4.0
Møbler Classic XL #1619,194,3505,595,6.9
Møbler Classic S #1620,222,5181,972,6.8
Møbler Classic M #1621,184,4526,736,6.2
Møbler Classic L #1622,145,2680,568,4.3
Møbler Classic XL #1623,109,3482,709,3.8
Møbler Classic XXL #1624,79,2780,716,7.0
Møbler Classic V1 #1625,167,1528,309,4.1
Møbler Classic V2 #1626,205,5439,868,4.8
Møbler Classic V3 #1627,65,1464,423,6.1
Møbler Classic MK2 #1628,87,4034,887,6.7
Møbler Classic MK3 #1629,99,3918,832,5.6
Møbler Classic Gen2 #1630,86,3046,553,5.7
Møbler Classic Gen3 #1631,141,2292,602,7.3
Møbler Classic Sort #1632,36,1658,475,4.7
Møbler Classic Hvid #1633,174,4450,958,6.9
Møbler Classic Blå #1634,193,3563,799,3.8
Møbler Classic Rød #1635,104,5505,1032,6.2
Møbler Classic Grøn #1636,74,5315,941,6.4
Møbler Classic Grå #1637,117,1678,462,7.1
Møbler Modern Pro #1638,116,1360,353,6.2
Møbler Modern Plus #1639,238,4261,726,3.9
Møbler Modern Premium #1640,144,1106,233,4.6
Møbler Modern Standard #1641,56,2180,556,7.2
Møbler Modern Basic #1642,228,1255,311,5.0
Møbler Modern Deluxe #1643,236,1195,455,5.0
Møbler Modern Ultra #1644,167,1869,331,4.4
Møbler Modern Max #1645,56,3306,750,6.6
Møbler Modern Compact #1646,173,5456,937,3.8
Møbler Modern Mini #1647,154,4383,846,6.7
Møbler Modern XL #1648,69,4924,813,5.7
Møbler Modern S #1649,92,2302,619,6.0
Møbler Modern M #1650,50,1993,409,6.1
Møbler Modern L #1651,192,4347,729,4.0
Møbler Modern XL #1652,60,4878,1013,3.6
Møbler Modern XXL #1653,85,2122,397,7.1
Møbler Modern V1 #1654,223,5382,973,5.6
Møbler Modern V2 #1655,91,1204,331,6.7
Møbler Modern V3 #1656,218,5858,1150,5.4
Møbler Modern MK2 #1657,136,3629,781,5.4
Møbler Modern MK3 #1658,154,4655,991,6.4
Møbler Modern Gen2 #1659,180,4258,760,5.7
Møbler Modern Gen3 #1660,80,2005,388,6.1
Møbler Modern Sort #1661,217,4932,1023,5.7
Møbler Modern Hvid #1662,38,1041,366,4.5
Møbler Modern Blå #1663,164,3007,727,4.4
Møbler Modern Rød #1664,54,4893,819,5.2
Møbler Modern Grøn #1665,47,4044,677,6.5
Møbler Modern Grå #1666,235,3007,584,7.0
Møbler Industri Pro #1667,213,3639,671,6.5
Møbler Industri Plus #1668,221,2857,591,4.0
Møbler Industri Premium #1669,231,1975,566,3.5
Møbler Industri Standard #1670,158,3072,646,6.5
Møbler Industri Basic #1671,64,3391,746,4.5
Møbler Industri Deluxe #1672,87,3831,806,7.5
Møbler Industri Ultra #1673,189,1024,325,5.0
Møbler Industri Max #1674,216,5848,960,4.6
Møbler Industri Compact #1675,142,3654,618,4.1
Møbler Industri Mini #1676,102,5262,966,7.1
Møbler Industri XL #1677,196,4840,987,5.6
Møbler Industri S #1678,164,1027,223,3.8
Møbler Industri M #1679,233,5090,1058,4.2
Møbler Industri L #1680,79,2991,707,6.4
Møbler Industri XL #1681,75,2769,576,5.2
Møbler Industri XXL #1682,150,4599,804,6.8
Møbler Industri V1 #1683,135,2526,648,6.9
Møbler Industri V2 #1684,227,5040,954,5.2
Møbler Industri V3 #1685,222,5189,962,4.6
Møbler Industri MK2 #1686,196,1742,435,5.2
Møbler Industri MK3 #1687,44,1794,388,7.3
Møbler Industri Gen2 #1688,78,5450,948,6.8
Møbler Industri Gen3 #1689,234,5008,846,5.1
Møbler Industri Sort #1690,48,5541,907,3.8
Møbler Industri Hvid #1691,88,5033,812,5.4
Møbler Industri Blå #1692,238,1306,291,5.3
Møbler Industri Rød #1693,218,1467,467,6.3
Møbler Industri Grøn #1694,126,3383,799,4.9
Møbler Industri Grå #1695,169,5956,1110,6.1
Møbler Professionel Pro #1696,88,1959,356,7.0
Møbler Professionel Plus #1697,35,2844,710,6.3
Møbler Professionel Premium #1698,100,4658,949,7.2
Møbler Professionel Standard #1699,146,4712,858,3.5
Møbler Professionel Basic #1700,202,1639,528,5.5
Møbler Professionel Deluxe #1701,161,4315,902,6.4
Møbler Professionel Ultra #1702,113,1118,467,5.7
Møbler Professionel Max #1703,126,3813,716,5.4
Møbler Professionel Compact #1704,176,2446,477,4.5
Møbler Professionel Mini #1705,96,2310,522,4.3
Møbler Professionel XL #1706,87,2183,526,7.0
Møbler Professionel S #1707,94,1291,258,7.0
Møbler Professionel M #1708,171,1731,402,6.6
Møbler Professionel L #1709,211,1702,323,3.8
Møbler Professionel XL #1710,61,5777,986,3.8
Møbler Professionel XXL #1711,149,1713,548,5.5
Møbler Professionel V1 #1712,98,5789,1030,4.9
Møbler Professionel V2 #1713,57,2454,552,4.4
Møbler Professionel V3 #1714,229,2627,592,4.0
Møbler Professionel MK2 #1715,238,5000,821,4.6
Møbler Professionel MK3 #1716,33,5712,1153,4.0
Møbler Professionel Gen2 #1717,104,3962,706,4.8
Møbler Professionel Gen3 #1718,201,5666,1098,5.0
Møbler Professionel Sort #1719,203,1534,344,4.5
Møbler Professionel Hvid #1720,36,2471,448,6.2
Møbler Professionel Blå #1721,104,2067,527,3.7
Møbler Professionel Rød #1722,110,5726,1152,7.4
Møbler Professionel Grøn #1723,149,4872,782,7.4
Møbler Professionel Grå #1724,174,3398,584,4.4
Møbler Commercial Pro #1725,117,2552,469,6.7
Møbler Commercial Plus #1726,97,3904,646,5.6
Møbler Commercial Premium #1727,183,2476,634,6.1
Møbler Commercial Standard #1728,64,3942,882,3.8
Møbler Commercial Basic #1729,76,3244,652,4.4
Møbler Commercial Deluxe #1730,84,2818,600,3.5
Møbler Commercial Ultra #1731,188,4353,799,5.2
Møbler Commercial Max #1732,165,3307,776,7.2
Møbler Commercial Compact #1733,113,2082,592,4.8
Møbler Commercial Mini #1734,112,4755,912,6.0
Møbler Commercial XL #1735,199,1117,429,6.0
Møbler Commercial S #1736,225,3669,687,3.7
Møbler Commercial M #1737,105,1637,427,6.7
Møbler Commercial L #1738,161,3161,684,6.1
Møbler Commercial XL #1739,132,4024,692,3.7
Møbler Commercial XXL #1740,100,1640,491,3.5
Møbler Commercial V1 #1741,73,1953,447,4.4
Møbler Commercial V2 #1742,248,5434,933,4.1
Møbler Commercial V3 #1743,112,5529,916,6.4
Møbler Commercial MK2 #1744,67,4197,732,5.0
Møbler Commercial MK3 #1745,121,4335,771,6.3
Møbler Commercial Gen2 #1746,106,2480,478,5.0
Møbler Commercial Gen3 #1747,218,2801,533,4.4
Møbler Commercial Sort #1748,117,3818,837,7.2
Møbler Commercial Hvid #1749,160,2688,642,6.6
Møbler Commercial Blå #1750,76,2516,652,7.2
Møbler Commercial Rød #1751,52,5933,1134,5.2
Møbler Commercial Grøn #1752,240,3462,712,4.9
Møbler Commercial Grå #1753,59,1173,241,6.3
Møbler Model A Pro #1754,204,2234,609,3.9
Møbler Model A Plus #1755,245,5183,983,5.0
Møbler Model A Premium #1756,55,5261,921,6.5
Møbler Model A Standard #1757,70,1788,473,4.1
Møbler Model A Basic #1758,72,1093,235,5.7
Møbler Model A Deluxe #1759,72,5237,983,4.9
Møbler Model A Ultra #1760,41,1197,380,4.8
Møbler Model A Max #1761,172,5344,1092,6.9
Møbler Model A Compact #1762,180,3896,786,4.6
Møbler Model A Mini #1763,194,4264,802,5.6
Møbler Model A XL #1764,169,3906,684,4.9
Møbler Model A S #1765,181,4457,897,7.4
Møbler Model A M #1766,246,4518,899,7.4
Møbler Model A L #1767,53,4247,896,7.1
Møbler Model A XL #1768,96,3498,754,7.0
Møbler Model A XXL #1769,43,2426,555,5.1
Møbler Model A V1 #1770,57,4649,807,3.9
Møbler Model A V2 #1771,149,3329,745,4.4
Møbler Model A V3 #1772,216,5537,1084,4.2
Møbler Model A MK2 #1773,74,2165,559,6.4
Møbler Model A MK3 #1774,180,5650,900,4.8
Møbler Model A Gen2 #1775,205,3815,719,7.4
Møbler Model A Gen3 #1776,50,1663,386,3.7
Møbler Model A Sort #1777,143,2770,472,7.2
Møbler Model A Hvid #1778,114,5897,1112,7.0
Møbler Model A Blå #1779,212,1836,459,5.4
Møbler Model A Rød #1780,181,5788,952,6.9
Møbler Model A Grøn #1781,65,2370,584,6.6
Møbler Model A Grå #1782,108,1535,284,6.0
Møbler Model B Pro #1783,35,4955,1036,6.3
Møbler Model B Plus #1784,91,4065,778,3.9
Møbler Model B Premium #1785,100,3991,725,4.6
Møbler Model B Standard #1786,194,2263,499,5.6
Møbler Model B Basic #1787,89,1966,507,7.0
Møbler Model B Deluxe #1788,170,4567,864,4.9
Møbler Model B Ultra #1789,228,2331,591,4.6
Møbler Model B Max #1790,234,1844,334,5.0
Møbler Model B Compact #1791,238,2504,608,3.6
Møbler Model B Mini #1792,206,4360,793,6.4
Møbler Model B XL #1793,248,1170,374,4.4
Møbler Model B S #1794,80,5851,1038,5.0
Møbler Model B M #1795,145,5897,1182,7.1
Møbler Model B L #1796,95,4192,733,4.4
Møbler Model B XL #1797,135,3947,644,6.4
Møbler Model B XXL #1798,62,5609,941,5.0
Møbler Model B V1 #1799,229,5830,992,6.7
Møbler Model B V2 #1800,187,5547,950,5.3
Møbler Model B V3 #1801,250,2845,502,6.3
Møbler Model B MK2 #1802,180,2757,656,6.0
Møbler Model B MK3 #1803,236,4387,843,4.4
Møbler Model B Gen2 #1804,116,2216,412,5.9
Møbler Model B Gen3 #1805,137,2130,586,6.5
Møbler Model B Sort #1806,112,1742,348,7.4
Møbler Model B Hvid #1807,128,5366,907,5.8
Møbler Model B Blå #1808,106,5805,936,6.9
Møbler Model B Rød #1809,240,4431,867,6.5
Møbler Model B Grøn #1810,208,5542,981,4.0
Møbler Model B Grå #1811,150,3911,870,3.6
Møbler Model C Pro #1812,159,3446,581,6.3
Møbler Model C Plus #1813,118,1530,448,4.3
Møbler Model C Premium #1814,194,1866,550,6.5
Møbler Model C Standard #1815,202,1055,412,5.7
Møbler Model C Basic #1816,122,3983,729,6.4
Møbler Model C Deluxe #1817,219,5767,1097,7.2
Møbler Model C Ultra #1818,112,4360,924,4.9
Møbler Model C Max #1819,64,3685,702,6.8
Møbler Model C Compact #1820,69,1056,323,6.3
Møbler Model C Mini #1821,227,5604,975,7.1
Møbler Model C XL #1822,136,5054,972,6.7
Møbler Model C S #1823,232,4295,870,6.5
Møbler Model C M #1824,193,3591,719,4.6
Møbler Model C L #1825,84,1314,271,6.6
Møbler Model C XL #1826,108,2420,584,4.2
Møbler Model C XXL #1827,110,3759,761,4.1
Møbler Model C V1 #1828,113,1990,460,5.8
Møbler Model C V2 #1829,41,4974,871,6.0
Møbler Model C V3 #1830,106,1384,396,5.9
Møbler Model C MK2 #1831,167,1000,333,4.2
Møbler Model C MK3 #1832,127,1569,395,6.6
Møbler Model C Gen2 #1833,157,4482,785,6.9
Møbler Model C Gen3 #1834,54,5404,1099,5.9
Møbler Model C Sort #1835,139,5162,907,3.8
Møbler Model C Hvid #1836,128,4534,845,5.7
Møbler Model C Blå #1837,239,4819,786,4.1
Møbler Model C Rød #1838,64,2716,544,3.7
Møbler Model C Grøn #1839,154,1379,299,7.2
Møbler Model C Grå #1840,205,5256,850,4.6
Møbler Type 1 Pro #1841,195,4691,846,6.0
Møbler Type 1 Plus #1842,31,1557,399,6.5
Møbler Type 1 Premium #1843,194,3859,698,6.6
Møbler Type 1 Standard #1844,170,5345,948,7.0
Møbler Type 1 Basic #1845,218,1675,522,6.1
Møbler Type 1 Deluxe #1846,73,4185,739,4.3
Møbler Type 1 Ultra #1847,204,5367,902,7.3
Møbler Type 1 Max #1848,166,3662,748,4.7
Møbler Type 1 Compact #1849,235,2861,632,3.7
Møbler Type 1 Mini #1850,108,5093,1064,5.4
Møbler Type 1 XL #1851,227,1017,416,4.3
Møbler Type 1 S #1852,119,5897,1008,5.4
Møbler Type 1 M #1853,141,3187,707,5.5
Møbler Type 1 L #1854,242,3037,634,5.6
Møbler Type 1 XL #1855,179,1647,394,4.3
Møbler Type 1 XXL #1856,138,3076,649,4.2
Møbler Type 1 V1 #1857,56,2601,520,7.1
Møbler Type 1 V2 #1858,122,5601,1002,5.4
Møbler Type 1 V3 #1859,94,4791,878,5.6
Møbler Type 1 MK2 #1860,140,3706,724,6.9
Møbler Type 1 MK3 #1861,95,3680,789,6.5
Møbler Type 1 Gen2 #1862,159,3530,590,7.0
Møbler Type 1 Gen3 #1863,61,4379,726,5.0
Møbler Type 1 Sort #1864,82,5100,981,4.8
Møbler Type 1 Hvid #1865,209,1794,440,4.4
Møbler Type 1 Blå #1866,197,4569,900,5.4
Møbler Type 1 Rød #1867,136,4756,962,6.2
Møbler Type 1 Grøn #1868,231,3227,651,5.9
Møbler Type 1 Grå #1869,149,3587,805,6.9
Møbler Type 2 Pro #1870,30,3362,603,7.4
Møbler Type 2 Plus #1871,45,3938,731,4.4
Møbler Type 2 Premium #1872,149,4059,769,6.3
Møbler Type 2 Standard #1873,218,5975,1007,5.8
Møbler Type 2 Basic #1874,199,2117,488,7.2
Møbler Type 2 Deluxe #1875,191,2916,537,6.7
Møbler Type 2 Ultra #1876,131,1302,307,5.6
Møbler Type 2 Max #1877,118,2685,588,5.5
Møbler Type 2 Compact #1878,127,2943,543,5.0
Møbler Type 2 Mini #1879,81,2504,584,7.5
Møbler Type 2 XL #1880,177,5306,879,4.3
Møbler Type 2 S #1881,136,1342,344,7.2
Møbler Type 2 M #1882,211,4676,888,4.6
Møbler Type 2 L #1883,165,3561,734,3.8
Møbler Type 2 XL #1884,124,4563,877,6.1
Møbler Type 2 XXL #1885,49,3694,650,6.1
Møbler Type 2 V1 #1886,209,2348,429,4.1
Møbler Type 2 V2 #1887,70,4244,802,7.1
Møbler Type 2 V3 #1888,114,3206,740,3.8
Møbler Type 2 MK2 #1889,69,5951,1154,5.0
Møbler Type 2 MK3 #1890,96,4668,842,7.3
Møbler Type 2 Gen2 #1891,213,3115,664,7.4
Møbler Type 2 Gen3 #1892,160,1654,425,3.8
Møbler Type 2 Sort #1893,239,2552,449,5.8
Møbler Type 2 Hvid #1894,131,3323,797,5.4
Møbler Type 2 Blå #1895,109,2482,502,4.3
Møbler Type 2 Rød #1896,84,2937,631,6.4
Møbler Type 2 Grøn #1897,166,5109,936,6.9
Møbler Type 2 Grå #1898,157,2326,416,4.5
Møbler Serie 100 Pro #1899,186,2497,557,5.0
Møbler Serie 100 Plus #1900,166,5241,874,7.3
Møbler Serie 100 Premium #1901,131,4854,864,6.8
Møbler Serie 100 Standard #1902,42,3574,789,4.3
Møbler Serie 100 Basic #1903,225,2266,598,6.6
Møbler Serie 100 Deluxe #1904,135,5504,882,3.8
Møbler Serie 100 Ultra #1905,193,1822,336,4.8
Møbler Serie 100 Max #1906,90,5085,831,6.6
Møbler Serie 100 Compact #1907,186,4000,779,5.0
Møbler Serie 100 Mini #1908,123,2561,634,4.2
Møbler Serie 100 XL #1909,193,1194,321,5.5
Møbler Serie 100 S #1910,170,1631,531,3.6
Møbler Serie 100 M #1911,85,5673,943,5.4
Møbler Serie 100 L #1912,69,4255,750,4.4
Møbler Serie 100 XL #1913,155,2921,575,6.2
Møbler Serie 100 XXL #1914,60,2518,506,3.8
Møbler Serie 100 V1 #1915,96,4163,841,4.1
Møbler Serie 100 V2 #1916,32,4727,939,4.8
Møbler Serie 100 V3 #1917,232,2293,644,6.7
Møbler Serie 100 MK2 #1918,96,4220,907,4.5
Møbler Serie 100 MK3 #1919,98,5708,1019,3.7
Møbler Serie 100 Gen2 #1920,176,4966,909,4.7
Møbler Serie 100 Gen3 #1921,79,3166,631,4.2
Møbler Serie 100 Sort #1922,62,3957,792,6.4
Møbler Serie 100 Hvid #1923,94,5556,915,3.9
Møbler Serie 100 Blå #1924,112,4404,861,7.1
Møbler Serie 100 Rød #1925,70,3561,730,5.8
Møbler Serie 100 Grøn #1926,77,4480,791,4.1
Møbler Serie 100 Grå #1927,166,1383,472,4.3
Møbler Serie 200 Pro #1928,168,4995,887,6.8
Møbler Serie 200 Plus #1929,68,5439,999,4.1
Møbler Serie 200 Premium #1930,39,2087,449,6.7
Møbler Serie 200 Standard #1931,185,1728,452,5.1
Møbler Serie 200 Basic #1932,214,5992,991,4.9
Møbler Serie 200 Deluxe #1933,150,4780,862,7.0
Møbler Serie 200 Ultra #1934,102,2714,571,5.5
Møbler Serie 200 Max #1935,106,1282,389,7.0
Møbler Serie 200 Compact #1936,206,4413,908,7.4
Møbler Serie 200 Mini #1937,149,5541,915,5.6
Møbler Serie 200 XL #1938,104,3048,705,7.4
Møbler Serie 200 S #1939,53,1220,367,5.5
Møbler Serie 200 M #1940,236,5195,990,6.2
Møbler Serie 200 L #1941,199,2811,641,6.4
Møbler Serie 200 XL #1942,128,1652,476,3.7
Møbler Serie 200 XXL #1943,161,2231,521,4.8
Møbler Serie 200 V1 #1944,113,5127,944,5.1
Møbler Serie 200 V2 #1945,174,4554,970,4.0
Møbler Serie 200 V3 #1946,184,5372,1082,4.2
Møbler Serie 200 MK2 #1947,94,4991,1000,7.2
Møbler Serie 200 MK3 #1948,172,4641,888,4.3
Møbler Serie 200 Gen2 #1949,73,2576,532,5.3
Møbler Serie 200 Gen3 #1950,178,5266,882,6.3
Møbler Serie 200 Sort #1951,151,5371,1051,3.8
Møbler Serie 200 Hvid #1952,60,5572,887,7.4
Møbler Serie 200 Blå #1953,225,5474,1121,7.3
Møbler Serie 200 Rød #1954,157,1246,410,3.5
Møbler Serie 200 Grøn #1955,243,1740,531,7.2
Møbler Serie 200 Grå #1956,124,2843,549,6.5
Møbler Edition Pro #1957,226,4890,962,6.6
Møbler Edition Plus #1958,40,4312,889,6.9
Møbler Edition Premium #1959,38,4538,923,4.3
Møbler Edition Standard #1960,175,5400,918,5.4
Møbler Edition Basic #1961,57,5274,912,4.3
Møbler Edition Deluxe #1962,92,1720,375,6.2
Møbler Edition Ultra #1963,222,5275,869,5.5
Møbler Edition Max #1964,149,4675,948,6.9
Møbler Edition Compact #1965,44,4711,905,4.9
Møbler Edition Mini #1966,119,1036,435,5.2
Møbler Edition XL #1967,49,2875,690,4.9
Møbler Edition S #1968,164,1138,329,7.2
Møbler Edition M #1969,109,3580,805,6.0
Møbler Edition L #1970,148,5677,1064,6.7
Møbler Edition XL #1971,100,1393,276,6.8
Møbler Edition XXL #1972,40,4123,740,4.0
Møbler Edition V1 #1973,159,5066,908,3.5
Møbler Edition V2 #1974,235,3896,758,5.8
Møbler Edition V3 #1975,145,1111,406,6.7
Møbler Edition MK2 #1976,231,1597,439,4.2
Møbler Edition MK3 #1977,97,2857,516,5.1
Møbler Edition Gen2 #1978,127,5342,1084,4.9
Møbler Edition Gen3 #1979,205,1825,535,6.7
Møbler Edition Sort #1980,164,5012,1021,6.9
Møbler Edition Hvid #1981,250,2496,551,6.6
Møbler Edition Blå #1982,197,1313,462,5.7
Møbler Edition Rød #1983,97,2771,686,4.1
Møbler Edition Grøn #1984,168,3859,845,5.0
Møbler Edition Grå #1985,201,4182,822,7.2
Møbler Classic Pro #1986,244,1927,502,6.2
Møbler Classic Plus #1987,156,5654,914,7.2
Møbler Classic Premium #1988,245,2730,608,4.1
Møbler Classic Standard #1989,98,3422,633,6.8
Møbler Classic Basic #1990,32,5290,1088,3.5
Møbler Classic Deluxe #1991,107,5893,1009,5.0
Møbler Classic Ultra #1992,47,2684,522,7.4
Møbler Classic Max #1993,47,1081,329,4.3
Møbler Classic Compact #1994,215,2522,638,4.8
Møbler Classic Mini #1995,173,5434,925,7.0
Møbler Classic XL #1996,179,1791,567,6.9
Møbler Classic S #1997,148,3865,828,5.6
Møbler Classic M #1998,208,2472,524,4.4
Møbler Classic L #1999,190,1643,411,6.8
IT-Udstyr Model A Pro #1000,646,1263,422,7.3
IT-Udstyr Model A Plus #1001,246,3309,714,7.1
IT-Udstyr Model A Premium #1002,585,1670,396,3.7
IT-Udstyr Model A Standard #1003,564,2455,627,4.8
IT-Udstyr Model A Basic #1004,503,2215,394,3.8
IT-Udstyr Model A Deluxe #1005,119,1396,359,4.8
IT-Udstyr Model A Ultra #1006,674,1461,486,6.4
IT-Udstyr Model A Max #1007,737,1519,281,6.3
IT-Udstyr Model A Compact #1008,305,3294,693,5.6
IT-Udstyr Model A Mini #1009,136,3472,598,5.3
IT-Udstyr Model A XL #1010,162,1275,461,6.8
IT-Udstyr Model A S #1011,123,3473,693,3.9
IT-Udstyr Model A M #1012,221,2351,418,5.8
IT-Udstyr Model A L #1013,707,1474,354,6.7
IT-Udstyr Model A XL #1014,428,2411,544,3.8
IT-Udstyr Model A XXL #1015,574,1694,358,4.3
IT-Udstyr Model A V1 #1016,305,1591,368,6.9
IT-Udstyr Model A V2 #1017,173,1572,332,7.3
IT-Udstyr Model A V3 #1018,245,1619,461,6.2
IT-Udstyr Model A MK2 #1019,740,2220,413,5.2
IT-Udstyr Model A MK3 #1020,591,3515,750,6.2
IT-Udstyr Model A Gen2 #1021,497,2043,373,5.2
IT-Udstyr Model A Gen3 #1022,745,891,349,5.4
IT-Udstyr Model A Sort #1023,689,1580,514,3.6
IT-Udstyr Model A Hvid #1024,474,2736,591,6.5
IT-Udstyr Model A Blå #1025,426,1727,487,5.4
IT-Udstyr Model A Rød #1026,442,1516,507,4.0
IT-Udstyr Model A Grøn #1027,466,1843,400,5.5
IT-Udstyr Model A Grå #1028,412,1644,547,4.5
IT-Udstyr Model B Pro #1029,188,3111,720,6.9
IT-Udstyr Model B Plus #1030,279,1724,472,4.2
IT-Udstyr Model B Premium #1031,701,2272,622,4.0
IT-Udstyr Model B Standard #1032,308,3303,742,6.2
IT-Udstyr Model B Basic #1033,558,2222,631,3.5
IT-Udstyr Model B Deluxe #1034,720,2492,649,5.5
IT-Udstyr Model B Ultra #1035,647,2002,560,5.7
IT-Udstyr Model B Max #1036,520,881,234,4.8
IT-Udstyr Model B Compact #1037,357,657,330,6.7
IT-Udstyr Model B Mini #1038,421,1067,413,4.4
IT-Udstyr Model B XL #1039,692,699,285,4.4
IT-Udstyr Model B S #1040,103,2291,417,6.9
IT-Udstyr Model B M #1041,448,1761,524,7.2
IT-Udstyr Model B L #1042,299,1825,477,3.8
IT-Udstyr Model B XL #1043,295,3044,694,4.1
IT-Udstyr Model B XXL #1044,549,1358,311,5.4
IT-Udstyr Model B V1 #1045,574,3137,651,3.6
IT-Udstyr Model B V2 #1046,404,2021,423,3.7
IT-Udstyr Model B V3 #1047,258,3417,696,3.7
IT-Udstyr Model B MK2 #1048,744,2773,687,5.0
IT-Udstyr Model B MK3 #1049,111,1744,354,4.2
IT-Udstyr Model B Gen2 #1050,582,3296,683,7.3
IT-Udstyr Model B Gen3 #1051,426,1921,364,6.4
IT-Udstyr Model B Sort #1052,195,1804,482,4.3
IT-Udstyr Model B Hvid #1053,686,2511,650,3.7
IT-Udstyr Model B Blå #1054,422,905,416,4.9
IT-Udstyr Model B Rød #1055,139,3471,643,4.3
IT-Udstyr Model B Grøn #1056,380,3180,744,5.2
IT-Udstyr Model B Grå #1057,136,1251,456,6.6
IT-Udstyr Model C Pro #1058,512,1503,520,5.6
IT-Udstyr Model C Plus #1059,500,2558,584,3.6
IT-Udstyr Model C Premium #1060,520,1228,442,3.6
IT-Udstyr Model C Standard #1061,121,741,232,3.5
IT-Udstyr Model C Basic #1062,186,2097,584,4.4
IT-Udstyr Model C Deluxe #1063,679,1214,355,5.6
IT-Udstyr Model C Ultra #1064,674,2669,640,7.2
IT-Udstyr Model C Max #1065,672,2064,418,6.9
IT-Udstyr Model C Compact #1066,562,1567,478,6.2
IT-Udstyr Model C Mini #1067,696,3185,768,4.5
IT-Udstyr Model C XL #1068,171,795,379,5.6
IT-Udstyr Model C S #1069,455,2326,481,4.8
IT-Udstyr Model C M #1070,263,3146,527,5.6
IT-Udstyr Model C L #1071,360,896,258,6.2
IT-Udstyr Model C XL #1072,135,1236,434,4.4
IT-Udstyr Model C XXL #1073,169,3022,664,4.8
IT-Udstyr Model C V1 #1074,206,2630,492,5.8
IT-Udstyr Model C V2 #1075,682,2649,676,6.5
IT-Udstyr Model C V3 #1076,514,2268,488,5.1
IT-Udstyr Model C MK2 #1077,330,3499,757,3.9
IT-Udstyr Model C MK3 #1078,147,1260,276,3.8
IT-Udstyr Model C Gen2 #1079,660,2002,580,4.6
IT-Udstyr Model C Gen3 #1080,401,1769,389,7.3
IT-Udstyr Model C Sort #1081,176,1247,259,6.6
IT-Udstyr Model C Hvid #1082,203,1370,422,7.2
IT-Udstyr Model C Blå #1083,155,1124,424,4.4
IT-Udstyr Model C Rød #1084,743,1380,345,4.7
IT-Udstyr Model C Grøn #1085,595,2323,498,4.9
IT-Udstyr Model C Grå #1086,97,3503,623,6.0
IT-Udstyr Type 1 Pro #1087,328,2385,469,6.9
IT-Udstyr Type 1 Plus #1088,153,1027,378,3.8
IT-Udstyr Type 1 Premium #1089,349,2172,423,7.0
IT-Udstyr Type 1 Standard #1090,466,2340,411,7.0
IT-Udstyr Type 1 Basic #1091,609,2798,689,5.8
IT-Udstyr Type 1 Deluxe #1092,180,2030,440,6.1
IT-Udstyr Type 1 Ultra #1093,285,3488,654,3.6
IT-Udstyr Type 1 Max #1094,376,2320,435,4.7
IT-Udstyr Type 1 Compact #1095,497,1041,384,6.3
IT-Udstyr Type 1 Mini #1096,683,2177,511,6.4
IT-Udstyr Type 1 XL #1097,670,3562,823,4.6
IT-Udstyr Type 1 S #1098,252,1158,381,5.0
IT-Udstyr Type 1 M #1099,506,3593,789,4.2
IT-Udstyr Type 1 L #1100,571,1197,256,6.8
IT-Udstyr Type 1 XL #1101,690,2466,634,4.3
IT-Udstyr Type 1 XXL #1102,495,2041,364,6.2
IT-Udstyr Type 1 V1 #1103,650,1713,514,4.2
IT-Udstyr Type 1 V2 #1104,676,2625,575,4.3
IT-Udstyr Type 1 V3 #1105,397,2866,618,4.5
IT-Udstyr Type 1 MK2 #1106,670,1844,569,7.4
IT-Udstyr Type 1 MK3 #1107,573,2673,529,5.6
IT-Udstyr Type 1 Gen2 #1108,389,2286,461,7.0
IT-Udstyr Type 1 Gen3 #1109,664,874,202,7.4
IT-Udstyr Type 1 Sort #1110,124,3112,550,5.6
IT-Udstyr Type 1 Hvid #1111,516,2001,549,6.2
IT-Udstyr Type 1 Blå #1112,287,2184,389,5.8
IT-Udstyr Type 1 Rød #1113,135,661,303,6.0
IT-Udstyr Type 1 Grøn #1114,679,2703,636,5.8
IT-Udstyr Type 1 Grå #1115,327,3033,668,6.7
IT-Udstyr Type 2 Pro #1116,325,784,286,6.5
IT-Udstyr Type 2 Plus #1117,629,1570,290,5.5
IT-Udstyr Type 2 Premium #1118,739,2034,503,4.2
IT-Udstyr Type 2 Standard #1119,258,2960,506,3.8
IT-Udstyr Type 2 Basic #1120,574,1719,483,3.6
IT-Udstyr Type 2 Deluxe #1121,442,1923,361,7.0
IT-Udstyr Type 2 Ultra #1122,436,2514,543,4.3
IT-Udstyr Type 2 Max #1123,564,1206,405,6.7
IT-Udstyr Type 2 Compact #1124,161,897,300,5.0
IT-Udstyr Type 2 Mini #1125,747,2607,558,5.3
IT-Udstyr Type 2 XL #1126,433,2974,530,4.0
IT-Udstyr Type 2 S #1127,628,2699,651,6.2
IT-Udstyr Type 2 M #1128,528,1372,340,4.9
IT-Udstyr Type 2 L #1129,479,975,299,3.5
IT-Udstyr Type 2 XL #1130,126,2478,580,6.2
IT-Udstyr Type 2 XXL #1131,220,2885,732,7.0
IT-Udstyr Type 2 V1 #1132,377,1138,402,3.7
IT-Udstyr Type 2 V2 #1133,379,2952,612,4.9
IT-Udstyr Type 2 V3 #1134,96,3252,738,6.0
IT-Udstyr Type 2 MK2 #1135,456,3422,672,4.5
IT-Udstyr Type 2 MK3 #1136,623,2030,520,3.8
IT-Udstyr Type 2 Gen2 #1137,596,2695,476,6.1
IT-Udstyr Type 2 Gen3 #1138,702,3042,658,5.0
IT-Udstyr Type 2 Sort #1139,550,2964,643,5.4
IT-Udstyr Type 2 Hvid #1140,571,662,214,7.5
IT-Udstyr Type 2 Blå #1141,523,2411,564,4.4
IT-Udstyr Type 2 Rød #1142,474,1943,352,6.2
IT-Udstyr Type 2 Grøn #1143,555,3038,509,7.0
IT-Udstyr Type 2 Grå #1144,345,2419,545,4.1
IT-Udstyr Serie 100 Pro #1145,358,2490,468,5.2
IT-Udstyr Serie 100 Plus #1146,156,2251,411,6.0
IT-Udstyr Serie 100 Premium #1147,360,1663,455,4.4
IT-Udstyr Serie 100 Standard #1148,189,2335,541,3.6
IT-Udstyr Serie 100 Basic #1149,452,1249,360,7.1
IT-Udstyr Serie 100 Deluxe #1150,251,1844,416,5.1
IT-Udstyr Serie 100 Ultra #1151,421,2719,692,6.9
IT-Udstyr Serie 100 Max #1152,95,2731,497,7.4
IT-Udstyr Serie 100 Compact #1153,529,2260,551,7.0
IT-Udstyr Serie 100 Mini #1154,537,3074,661,3.6
IT-Udstyr Serie 100 XL #1155,610,1645,495,4.3
IT-Udstyr Serie 100 S #1156,514,910,340,5.3
IT-Udstyr Serie 100 M #1157,368,1817,356,3.8
IT-Udstyr Serie 100 L #1158,118,1152,450,3.8
IT-Udstyr Serie 100 XL #1159,335,3523,770,6.8
IT-Udstyr Serie 100 XXL #1160,309,3594,754,4.9
IT-Udstyr Serie 100 V1 #1161,272,1606,358,5.1
IT-Udstyr Serie 100 V2 #1162,351,1074,306,4.2
IT-Udstyr Serie 100 V3 #1163,507,3215,651,5.7
IT-Udstyr Serie 100 MK2 #1164,325,1311,361,7.3
IT-Udstyr Serie 100 MK3 #1165,297,2538,527,6.3
IT-Udstyr Serie 100 Gen2 #1166,458,3226,609,3.7
IT-Udstyr Serie 100 Gen3 #1167,605,1520,414,6.9
IT-Udstyr Serie 100 Sort #1168,734,1124,386,5.5
IT-Udstyr Serie 100 Hvid #1169,429,1971,350,7.0
IT-Udstyr Serie 100 Blå #1170,281,858,317,6.1
IT-Udstyr Serie 100 Rød #1171,341,3268,590,6.9
IT-Udstyr Serie 100 Grøn #1172,686,3133,575,6.3
IT-Udstyr Serie 100 Grå #1173,504,1496,402,3.8
IT-Udstyr Serie 200 Pro #1174,581,1365,403,7.5
IT-Udstyr Serie 200 Plus #1175,195,1860,359,7.0
IT-Udstyr Serie 200 Premium #1176,411,1532,390,6.3
IT-Udstyr Serie 200 Standard #1177,718,799,290,5.9
IT-Udstyr Serie 200 Basic #1178,350,3154,622,4.4
IT-Udstyr Serie 200 Deluxe #1179,389,614,213,6.2
IT-Udstyr Serie 200 Ultra #1180,359,3394,788,5.8
IT-Udstyr Serie 200 Max #1181,625,1523,377,3.9
IT-Udstyr Serie 200 Compact #1182,177,3291,552,6.7
IT-Udstyr Serie 200 Mini #1183,706,2959,569,3.6
IT-Udstyr Serie 200 XL #1184,423,2933,685,5.4
IT-Udstyr Serie 200 S #1185,157,3432,687,7.3
IT-Udstyr Serie 200 M #1186,486,2169,608,3.9
IT-Udstyr Serie 200 L #1187,507,3067,553,5.3
IT-Udstyr Serie 200 XL #1188,372,2335,494,5.0
IT-Udstyr Serie 200 XXL #1189,673,1095,335,3.5
IT-Udstyr Serie 200 V1 #1190,186,2176,580,4.2
IT-Udstyr Serie 200 V2 #1191,398,1160,339,7.3
IT-Udstyr Serie 200 V3 #1192,743,3403,747,4.6
IT-Udstyr Serie 200 MK2 #1193,469,3339,783,5.9
IT-Udstyr Serie 200 MK3 #1194,662,1896,466,6.3
IT-Udstyr Serie 200 Gen2 #1195,524,3348,721,5.4
IT-Udstyr Serie 200 Gen3 #1196,747,1331,328,4.1
IT-Udstyr Serie 200 Sort #1197,207,2328,416,4.0
IT-Udstyr Serie 200 Hvid #1198,197,2182,572,6.6
IT-Udstyr Serie 200 Blå #1199,181,1057,458,5.8
IT-Udstyr Serie 200 Rød #1200,412,3381,739,6.2
IT-Udstyr Serie 200 Grøn #1201,121,2793,528,7.3
IT-Udstyr Serie 200 Grå #1202,506,3384,801,5.7
IT-Udstyr Edition Pro #1203,684,3520,664,7.3
IT-Udstyr Edition Plus #1204,559,1767,499,4.3
IT-Udstyr Edition Premium #1205,400,3000,611,4.6
IT-Udstyr Edition Standard #1206,211,720,344,6.3
IT-Udstyr Edition Basic #1207,175,2816,577,4.1
IT-Udstyr Edition Deluxe #1208,493,1262,272,4.1
IT-Udstyr Edition Ultra #1209,451,2582,635,3.9
IT-Udstyr Edition Max #1210,324,2456,636,4.5
IT-Udstyr Edition Compact #1211,613,1409,478,3.5
IT-Udstyr Edition Mini #1212,470,3366,679,6.0
IT-Udstyr Edition XL #1213,623,2838,649,5.3
IT-Udstyr Edition S #1214,309,2650,658,6.6
IT-Udstyr Edition M #1215,120,2267,434,4.4
IT-Udstyr Edition L #1216,207,731,355,4.8
IT-Udstyr Edition XL #1217,266,3275,669,5.5
IT-Udstyr Edition XXL #1218,550,1214,356,5.9
IT-Udstyr Edition V1 #1219,640,1699,312,5.0
IT-Udstyr Edition V2 #1220,739,748,168,5.1
IT-Udstyr Edition V3 #1221,367,864,428,5.2
IT-Udstyr Edition MK2 #1222,392,873,404,7.2
IT-Udstyr Edition MK3 #1223,126,3337,785,6.0
IT-Udstyr Edition Gen2 #1224,684,3528,586,4.6
IT-Udstyr Edition Gen3 #1225,360,2452,548,7.0
IT-Udstyr Edition Sort #1226,99,3087,624,6.1
IT-Udstyr Edition Hvid #1227,586,2226,473,4.5
IT-Udstyr Edition Blå #1228,176,3056,609,5.0
IT-Udstyr Edition Rød #1229,194,3166,755,4.4
IT-Udstyr Edition Grøn #1230,534,715,325,7.4
IT-Udstyr Edition Grå #1231,229,1675,446,5.2
IT-Udstyr Classic Pro #1232,465,979,395,5.5
IT-Udstyr Classic Plus #1233,462,2545,523,6.0
IT-Udstyr Classic Premium #1234,212,2077,377,7.3
IT-Udstyr Classic Standard #1235,610,1483,384,5.8
IT-Udstyr Classic Basic #1236,179,930,290,5.0
IT-Udstyr Classic Deluxe #1237,381,2986,717,5.7
IT-Udstyr Classic Ultra #1238,733,1920,352,4.6
IT-Udstyr Classic Max #1239,546,2742,699,5.2
IT-Udstyr Classic Compact #1240,540,1639,453,4.0
IT-Udstyr Classic Mini #1241,654,2046,410,7.5
IT-Udstyr Classic XL #1242,629,2160,584,4.7
IT-Udstyr Classic S #1243,587,1846,430,4.3
IT-Udstyr Classic M #1244,339,1874,350,4.9
IT-Udstyr Classic L #1245,275,1598,307,5.1
IT-Udstyr Classic XL #1246,315,859,414,6.7
IT-Udstyr Classic XXL #1247,406,1686,536,4.4
IT-Udstyr Classic V1 #1248,173,3122,596,6.1
IT-Udstyr Classic V2 #1249,518,3343,643,5.9
IT-Udstyr Classic V3 #1250,161,2779,550,4.9
IT-Udstyr Classic MK2 #1251,641,1430,498,6.3
IT-Udstyr Classic MK3 #1252,743,2537,622,5.3
IT-Udstyr Classic Gen2 #1253,554,611,230,5.5
IT-Udstyr Classic Gen3 #1254,181,3454,779,7.2
IT-Udstyr Classic Sort #1255,125,1457,410,6.5
IT-Udstyr Classic Hvid #1256,740,3225,572,6.9
IT-Udstyr Classic Blå #1257,195,1442,454,5.2
IT-Udstyr Classic Rød #1258,267,1165,467,3.7
IT-Udstyr Classic Grøn #1259,434,2360,458,6.3
IT-Udstyr Classic Grå #1260,278,1844,450,6.2
IT-Udstyr Modern Pro #1261,122,2127,408,5.3
IT-Udstyr Modern Plus #1262,598,2982,548,4.1
IT-Udstyr Modern Premium #1263,304,2950,738,5.1
IT-Udstyr Modern Standard #1264,108,1610,294,4.8
IT-Udstyr Modern Basic #1265,462,3549,800,4.3
IT-Udstyr Modern Deluxe #1266,100,961,306,7.5
IT-Udstyr Modern Ultra #1267,616,3502,754,5.5
IT-Udstyr Modern Max #1268,708,608,184,6.0
IT-Udstyr Modern Compact #1269,401,3141,705,3.7
IT-Udstyr Modern Mini #1270,351,1004,336,5.4
IT-Udstyr Modern XL #1271,390,2116,434,5.3
IT-Udstyr Modern S #1272,257,2036,558,7.2
IT-Udstyr Modern M #1273,265,614,387,7.0
IT-Udstyr Modern L #1274,537,3522,773,5.4
IT-Udstyr Modern XL #1275,490,2108,555,4.1
IT-Udstyr Modern XXL #1276,599,2734,577,7.4
IT-Udstyr Modern V1 #1277,511,1878,509,5.1
IT-Udstyr Modern V2 #1278,303,2294,614,7.3
IT-Udstyr Modern V3 #1279,550,3070,512,3.7
IT-Udstyr Modern MK2 #1280,605,792,291,6.1
IT-Udstyr Modern MK3 #1281,648,1778,365,5.2
IT-Udstyr Modern Gen2 #1282,564,1657,531,6.5
IT-Udstyr Modern Gen3 #1283,317,2887,582,7.0
IT-Udstyr Modern Sort #1284,230,3040,717,4.1
IT-Udstyr Modern Hvid #1285,294,2344,479,4.6
IT-Udstyr Modern Blå #1286,636,2094,444,5.8
IT-Udstyr Modern Rød #1287,747,2376,549,4.2
IT-Udstyr Modern Grøn #1288,265,3269,686,4.5
IT-Udstyr Modern Grå #1289,318,2860,629,4.7
IT-Udstyr Industri Pro #1290,575,1689,331,6.1
IT-Udstyr Industri Plus #1291,520,2020,517,6.2
IT-Udstyr Industri Premium #1292,658,1611,433,6.5
IT-Udstyr Industri Standard #1293,152,3149,580,5.6
IT-Udstyr Industri Basic #1294,472,1079,310,4.2
IT-Udstyr Industri Deluxe #1295,567,1196,266,7.0
IT-Udstyr Industri Ultra #1296,637,1768,334,6.8
IT-Udstyr Industri Max #1297,180,1597,292,6.1
IT-Udstyr Industri Compact #1298,275,665,352,4.0
IT-Udstyr Industri Mini #1299,310,3445,672,6.3
IT-Udstyr Industri XL #1300,528,1470,344,5.3
IT-Udstyr Industri S #1301,176,3043,669,6.2
IT-Udstyr Industri M #1302,301,3493,636,4.6
IT-Udstyr Industri L #1303,98,2941,559,4.0
IT-Udstyr Industri XL #1304,514,1804,470,5.3
IT-Udstyr Industri XXL #1305,578,1246,437,5.3
IT-Udstyr Industri V1 #1306,705,2714,694,3.5
IT-Udstyr Industri V2 #1307,719,2752,642,4.3
IT-Udstyr Industri V3 #1308,692,2825,516,5.0
IT-Udstyr Industri MK2 #1309,449,3448,647,7.3
IT-Udstyr Industri MK3 #1310,493,1536,478,7.3
IT-Udstyr Industri Gen2 #1311,119,878,390,3.7
IT-Udstyr Industri Gen3 #1312,717,3010,628,6.1
IT-Udstyr Industri Sort #1313,747,1952,573,6.9
IT-Udstyr Industri Hvid #1314,616,1506,325,3.8
IT-Udstyr Industri Blå #1315,649,1011,370,5.3
IT-Udstyr Industri Rød #1316,527,2940,720,5.1
IT-Udstyr Industri Grøn #1317,704,1992,452,7.1
IT-Udstyr Industri Grå #1318,555,2610,594,5.0
IT-Udstyr Professionel Pro #1319,313,2455,545,7.4
IT-Udstyr Professionel Plus #1320,552,1696,472,4.5
IT-Udstyr Professionel Premium #1321,452,2569,646,7.2
IT-Udstyr Professionel Standard #1322,384,3135,539,7.4
IT-Udstyr Professionel Basic #1323,304,2268,550,7.2
IT-Udstyr Professionel Deluxe #1324,750,2313,547,6.3
IT-Udstyr Professionel Ultra #1325,526,2357,526,4.8
IT-Udstyr Professionel Max #1326,481,2266,547,4.5
IT-Udstyr Professionel Compact #1327,164,2554,504,7.0
IT-Udstyr Professionel Mini #1328,521,3421,602,7.0
IT-Udstyr Professionel XL #1329,667,2578,639,6.7
IT-Udstyr Professionel S #1330,199,2135,552,3.6
IT-Udstyr Professionel M #1331,223,1331,328,3.5
IT-Udstyr Professionel L #1332,296,1510,504,4.6
IT-Udstyr Professionel XL #1333,619,1743,362,4.3
IT-Udstyr Professionel XXL #1334,454,1597,307,4.6
IT-Udstyr Professionel V1 #1335,480,3165,535,3.5
IT-Udstyr Professionel V2 #1336,593,1701,449,7.3
IT-Udstyr Professionel V3 #1337,266,2082,545,5.7
IT-Udstyr Professionel MK2 #1338,740,2320,642,6.0
IT-Udstyr Professionel MK3 #1339,360,1709,491,5.9
IT-Udstyr Professionel Gen2 #1340,479,1169,278,6.2
IT-Udstyr Professionel Gen3 #1341,612,3484,709,6.6
IT-Udstyr Professionel Sort #1342,531,1088,387,6.8
IT-Udstyr Professionel Hvid #1343,635,2610,690,3.9
IT-Udstyr Professionel Blå #1344,217,839,223,6.8
IT-Udstyr Professionel Rød #1345,186,2253,546,4.3
IT-Udstyr Professionel Grøn #1346,730,1553,514,7.4
IT-Udstyr Professionel Grå #1347,540,990,254,7.4
IT-Udstyr Commercial Pro #1348,212,1812,401,3.8
IT-Udstyr Commercial Plus #1349,502,1269,316,6.1
IT-Udstyr Commercial Premium #1350,429,2631,507,4.2
IT-Udstyr Commercial Standard #1351,157,1128,404,7.4
IT-Udstyr Commercial Basic #1352,274,3439,793,4.7
IT-Udstyr Commercial Deluxe #1353,748,2252,419,4.1
IT-Udstyr Commercial Ultra #1354,255,2121,563,4.2
IT-Udstyr Commercial Max #1355,309,1987,515,6.9
IT-Udstyr Commercial Compact #1356,277,1422,504,6.8
IT-Udstyr Commercial Mini #1357,617,1442,386,5.0
IT-Udstyr Commercial XL #1358,383,2691,647,4.4
IT-Udstyr Commercial S #1359,653,1092,281,6.4
IT-Udstyr Commercial M #1360,389,1027,330,7.2
IT-Udstyr Commercial L #1361,522,2906,491,5.4
IT-Udstyr Commercial XL #1362,381,1586,379,6.8
IT-Udstyr Commercial XXL #1363,569,1075,225,5.3
IT-Udstyr Commercial V1 #1364,267,3324,797,5.2
IT-Udstyr Commercial V2 #1365,219,2233,571,6.1
IT-Udstyr Commercial V3 #1366,676,1858,462,5.5
IT-Udstyr Commercial MK2 #1367,514,2117,408,7.1
IT-Udstyr Commercial MK3 #1368,466,1309,314,4.0
IT-Udstyr Commercial Gen2 #1369,569,1280,276,6.4
IT-Udstyr Commercial Gen3 #1370,240,936,234,3.9
IT-Udstyr Commercial Sort #1371,642,952,261,3.8
IT-Udstyr Commercial Hvid #1372,394,3505,659,4.1
IT-Udstyr Commercial Blå #1373,265,1495,384,5.5
IT-Udstyr Commercial Rød #1374,484,1915,356,3.6
IT-Udstyr Commercial Grøn #1375,145,3212,603,4.5
IT-Udstyr Commercial Grå #1376,613,700,330,6.8
IT-Udstyr Model A Pro #1377,359,3093,716,5.0
IT-Udstyr Model A Plus #1378,427,2693,610,4.7
IT-Udstyr Model A Premium #1379,417,2915,506,5.2
IT-Udstyr Model A Standard #1380,692,1412,285,5.2
IT-Udstyr Model A Basic #1381,503,754,379,3.5
IT-Udstyr Model A Deluxe #1382,483,2391,547,5.5
IT-Udstyr Model A Ultra #1383,408,2901,602,7.4
IT-Udstyr Model A Max #1384,321,2202,391,6.5
IT-Udstyr Model A Compact #1385,533,2759,495,5.6
IT-Udstyr Model A Mini #1386,185,1379,431,6.3
IT-Udstyr Model A XL #1387,327,615,237,5.3
IT-Udstyr Model A S #1388,567,2593,613,4.6
IT-Udstyr Model A M #1389,600,1302,434,6.6
IT-Udstyr Model A L #1390,262,3257,731,4.7
IT-Udstyr Model A XL #1391,507,2615,473,6.5
IT-Udstyr Model A XXL #1392,372,2529,536,3.8
IT-Udstyr Model A V1 #1393,680,1479,505,4.1
IT-Udstyr Model A V2 #1394,506,2699,678,5.7
IT-Udstyr Model A V3 #1395,331,1017,274,5.6
IT-Udstyr Model A MK2 #1396,229,2668,617,5.8
IT-Udstyr Model A MK3 #1397,417,708,169,4.5
IT-Udstyr Model A Gen2 #1398,672,2396,452,6.1
IT-Udstyr Model A Gen3 #1399,162,1546,513,4.9
IT-Udstyr Model A Sort #1400,387,1533,496,6.9
IT-Udstyr Model A Hvid #1401,178,1872,427,6.2
IT-Udstyr Model A Blå #1402,305,3486,685,5.0
IT-Udstyr Model A Rød #1403,548,3541,718,7.3
IT-Udstyr Model A Grøn #1404,328,1488,281,6.4
IT-Udstyr Model A Grå #1405,677,1214,439,3.6
IT-Udstyr Model B Pro #1406,703,1496,286,4.3
IT-Udstyr Model B Plus #1407,568,1528,328,5.6
IT-Udstyr Model B Premium #1408,560,1508,521,4.1
IT-Udstyr Model B Standard #1409,512,2364,434,4.1
IT-Udstyr Model B Basic #1410,171,1887,411,5.2
IT-Udstyr Model B Deluxe #1411,361,2955,722,4.1
IT-Udstyr Model B Ultra #1412,726,2726,708,4.4
IT-Udstyr Model B Max #1413,735,3598,787,4.3
IT-Udstyr Model B Compact #1414,690,858,333,5.0
IT-Udstyr Model B Mini #1415,732,1583,441,6.1
IT-Udstyr Model B XL #1416,528,3045,535,4.5
IT-Udstyr Model B S #1417,526,1572,437,4.4
IT-Udstyr Model B M #1418,414,2477,422,4.4
IT-Udstyr Model B L #1419,148,2270,424,3.7
IT-Udstyr Model B XL #1420,159,2116,504,7.4
IT-Udstyr Model B XXL #1421,432,713,283,4.5
IT-Udstyr Model B V1 #1422,283,2718,548,3.6
IT-Udstyr Model B V2 #1423,459,1707,513,6.6
IT-Udstyr Model B V3 #1424,215,1516,496,5.4
IT-Udstyr Model B MK2 #1425,528,2172,426,4.3
IT-Udstyr Model B MK3 #1426,447,1107,389,6.8
IT-Udstyr Model B Gen2 #1427,277,3286,633,5.0
IT-Udstyr Model B Gen3 #1428,293,2355,438,6.7
IT-Udstyr Model B Sort #1429,720,1879,379,7.2
IT-Udstyr Model B Hvid #1430,178,3106,654,4.5
IT-Udstyr Model B Blå #1431,324,3074,522,4.1
IT-Udstyr Model B Rød #1432,104,762,174,3.9
IT-Udstyr Model B Grøn #1433,279,1208,464,6.6
IT-Udstyr Model B Grå #1434,318,3467,618,7.2
IT-Udstyr Model C Pro #1435,647,2560,566,5.5
IT-Udstyr Model C Plus #1436,150,1536,367,6.5
IT-Udstyr Model C Premium #1437,439,3315,645,3.7
IT-Udstyr Model C Standard #1438,165,2497,555,5.3
IT-Udstyr Model C Basic #1439,703,3101,532,3.6
IT-Udstyr Model C Deluxe #1440,243,1013,242,7.1
IT-Udstyr Model C Ultra #1441,696,1142,429,4.0
IT-Udstyr Model C Max #1442,358,2839,527,6.9
IT-Udstyr Model C Compact #1443,667,1530,344,5.7
IT-Udstyr Model C Mini #1444,378,2423,466,7.5
IT-Udstyr Model C XL #1445,690,2028,480,6.5
IT-Udstyr Model C S #1446,318,3585,715,6.6
IT-Udstyr Model C M #1447,695,2751,687,5.7
IT-Udstyr Model C L #1448,490,1787,524,5.5
IT-Udstyr Model C XL #1449,590,2320,523,6.0
IT-Udstyr Model C XXL #1450,745,1479,459,6.4
IT-Udstyr Model C V1 #1451,451,2567,436,5.6
IT-Udstyr Model C V2 #1452,429,643,219,4.3
IT-Udstyr Model C V3 #1453,386,2504,644,5.0
IT-Udstyr Model C MK2 #1454,736,3508,705,3.9
IT-Udstyr Model C MK3 #1455,620,2819,562,3.5
IT-Udstyr Model C Gen2 #1456,108,3537,642,5.3
IT-Udstyr Model C Gen3 #1457,698,2653,592,7.3
IT-Udstyr Model C Sort #1458,220,1572,451,6.6
IT-Udstyr Model C Hvid #1459,409,3052,710,5.3
IT-Udstyr Model C Blå #1460,446,1435,488,5.7
IT-Udstyr Model C Rød #1461,189,3592,673,6.3
IT-Udstyr Model C Grøn #1462,126,2533,458,7.2
IT-Udstyr Model C Grå #1463,587,711,363,4.8
IT-Udstyr Type 1 Pro #1464,443,1059,421,4.2
IT-Udstyr Type 1 Plus #1465,260,1459,314,6.1
IT-Udstyr Type 1 Premium #1466,327,2246,470,4.0
IT-Udstyr Type 1 Standard #1467,738,2615,642,4.5
IT-Udstyr Type 1 Basic #1468,378,1648,373,6.4
IT-Udstyr Type 1 Deluxe #1469,604,3347,598,7.0
IT-Udstyr Type 1 Ultra #1470,449,3413,640,5.5
IT-Udstyr Type 1 Max #1471,606,1203,430,5.8
IT-Udstyr Type 1 Compact #1472,371,1754,524,5.1
IT-Udstyr Type 1 Mini #1473,404,3248,603,5.1
IT-Udstyr Type 1 XL #1474,202,3434,731,4.7
IT-Udstyr Type 1 S #1475,349,912,297,3.9
IT-Udstyr Type 1 M #1476,111,2439,642,5.2
IT-Udstyr Type 1 L #1477,223,2980,567,6.4
IT-Udstyr Type 1 XL #1478,257,3555,827,6.6
IT-Udstyr Type 1 XXL #1479,439,1772,378,4.7
IT-Udstyr Type 1 V1 #1480,489,1902,406,4.1
IT-Udstyr Type 1 V2 #1481,460,2314,459,5.7
IT-Udstyr Type 1 V3 #1482,680,1033,421,7.0
IT-Udstyr Type 1 MK2 #1483,511,3523,699,4.3
IT-Udstyr Type 1 MK3 #1484,157,2806,531,6.2
IT-Udstyr Type 1 Gen2 #1485,250,3581,735,6.6
IT-Udstyr Type 1 Gen3 #1486,515,2730,636,5.5
IT-Udstyr Type 1 Sort #1487,386,1375,367,6.8
IT-Udstyr Type 1 Hvid #1488,127,1211,296,6.6
IT-Udstyr Type 1 Blå #1489,747,2466,594,5.8
IT-Udstyr Type 1 Rød #1490,570,2699,540,5.6
IT-Udstyr Type 1 Grøn #1491,495,1387,370,4.4
IT-Udstyr Type 1 Grå #1492,241,1828,442,6.5
IT-Udstyr Type 2 Pro #1493,442,1516,352,7.3
IT-Udstyr Type 2 Plus #1494,589,2444,456,3.8
IT-Udstyr Type 2 Premium #1495,552,1180,325,4.0
IT-Udstyr Type 2 Standard #1496,221,3091,539,6.6
IT-Udstyr Type 2 Basic #1497,721,682,262,4.5
IT-Udstyr Type 2 Deluxe #1498,676,1559,448,5.7
IT-Udstyr Type 2 Ultra #1499,300,3145,615,5.2
IT-Udstyr Type 2 Max #1500,258,2985,713,6.3
IT-Udstyr Type 2 Compact #1501,267,736,237,5.8
IT-Udstyr Type 2 Mini #1502,462,3549,677,5.9
IT-Udstyr Type 2 XL #1503,574,1561,359,4.1
IT-Udstyr Type 2 S #1504,186,3165,668,5.3
IT-Udstyr Type 2 M #1505,486,984,370,6.4
IT-Udstyr Type 2 L #1506,325,822,307,5.6
IT-Udstyr Type 2 XL #1507,721,3004,630,4.3
IT-Udstyr Type 2 XXL #1508,291,1659,365,5.3
IT-Udstyr Type 2 V1 #1509,387,1214,232,5.1
IT-Udstyr Type 2 V2 #1510,322,1034,393,3.7
IT-Udstyr Type 2 V3 #1511,531,2386,601,6.9
IT-Udstyr Type 2 MK2 #1512,501,3306,704,3.8
IT-Udstyr Type 2 MK3 #1513,633,2701,687,4.1
IT-Udstyr Type 2 Gen2 #1514,523,677,392,4.9
IT-Udstyr Type 2 Gen3 #1515,192,1171,268,6.1
IT-Udstyr Type 2 Sort #1516,657,2349,592,4.8
IT-Udstyr Type 2 Hvid #1517,608,2326,607,7.2
IT-Udstyr Type 2 Blå #1518,748,1163,431,4.0
IT-Udstyr Type 2 Rød #1519,133,3257,666,5.7
IT-Udstyr Type 2 Grøn #1520,142,1719,365,5.4
IT-Udstyr Type 2 Grå #1521,446,1133,463,4.9
IT-Udstyr Serie 100 Pro #1522,433,2514,640,3.6
IT-Udstyr Serie 100 Plus #1523,447,1427,309,4.7
IT-Udstyr Serie 100 Premium #1524,722,1209,276,3.7
IT-Udstyr Serie 100 Standard #1525,670,2902,552,5.7
IT-Udstyr Serie 100 Basic #1526,589,723,356,5.3
IT-Udstyr Serie 100 Deluxe #1527,327,1192,320,6.5
IT-Udstyr Serie 100 Ultra #1528,440,2004,537,5.7
IT-Udstyr Serie 100 Max #1529,401,2742,554,4.0
IT-Udstyr Serie 100 Compact #1530,361,3586,775,5.6
IT-Udstyr Serie 100 Mini #1531,280,2715,464,5.3
IT-Udstyr Serie 100 XL #1532,216,1898,363,6.9
IT-Udstyr Serie 100 S #1533,698,3393,769,7.1
IT-Udstyr Serie 100 M #1534,743,3162,712,5.8
IT-Udstyr Serie 100 L #1535,686,3216,542,4.2
IT-Udstyr Serie 100 XL #1536,221,1433,304,7.1
IT-Udstyr Serie 100 XXL #1537,542,2876,698,7.3
IT-Udstyr Serie 100 V1 #1538,494,1548,418,5.8
IT-Udstyr Serie 100 V2 #1539,163,935,306,5.3
IT-Udstyr Serie 100 V3 #1540,445,2108,366,5.9
IT-Udstyr Serie 100 MK2 #1541,321,3009,656,5.9
IT-Udstyr Serie 100 MK3 #1542,308,1950,522,6.8
IT-Udstyr Serie 100 Gen2 #1543,365,2014,448,6.4
IT-Udstyr Serie 100 Gen3 #1544,513,2225,440,5.1
IT-Udstyr Serie 100 Sort #1545,248,1890,384,4.4
IT-Udstyr Serie 100 Hvid #1546,194,1844,439,6.0
IT-Udstyr Serie 100 Blå #1547,306,1098,424,3.7
IT-Udstyr Serie 100 Rød #1548,171,876,376,4.5
IT-Udstyr Serie 100 Grøn #1549,161,2783,689,7.3
IT-Udstyr Serie 100 Grå #1550,231,910,416,4.7
IT-Udstyr Serie 200 Pro #1551,295,1106,414,4.3
IT-Udstyr Serie 200 Plus #1552,333,623,195,6.8
IT-Udstyr Serie 200 Premium #1553,692,1926,437,3.6
IT-Udstyr Serie 200 Standard #1554,675,1553,330,7.0
IT-Udstyr Serie 200 Basic #1555,219,3148,707,4.7
IT-Udstyr Serie 200 Deluxe #1556,654,986,329,5.9
IT-Udstyr Serie 200 Ultra #1557,524,1919,553,6.2
IT-Udstyr Serie 200 Max #1558,377,1094,316,6.1
IT-Udstyr Serie 200 Compact #1559,275,831,227,6.8
IT-Udstyr Serie 200 Mini #1560,106,2796,527,6.6
IT-Udstyr Serie 200 XL #1561,195,2207,569,5.6
IT-Udstyr Serie 200 S #1562,377,2014,475,7.5
IT-Udstyr Serie 200 M #1563,148,2106,615,4.5
IT-Udstyr Serie 200 L #1564,237,1903,476,5.9
IT-Udstyr Serie 200 XL #1565,239,1625,540,6.6
IT-Udstyr Serie 200 XXL #1566,134,2036,414,6.0
IT-Udstyr Serie 200 V1 #1567,455,2287,459,7.1
IT-Udstyr Serie 200 V2 #1568,322,1449,482,5.1
IT-Udstyr Serie 200 V3 #1569,411,1535,342,3.8
IT-Udstyr Serie 200 MK2 #1570,628,3557,650,4.9
IT-Udstyr Serie 200 MK3 #1571,342,1746,476,3.5
IT-Udstyr Serie 200 Gen2 #1572,473,1644,500,3.7
IT-Udstyr Serie 200 Gen3 #1573,543,3017,547,4.5
IT-Udstyr Serie 200 Sort #1574,104,2123,381,6.3
IT-Udstyr Serie 200 Hvid #1575,742,1805,369,6.4
IT-Udstyr Serie 200 Blå #1576,178,2733,471,5.2
IT-Udstyr Serie 200 Rød #1577,484,2620,681,7.2
IT-Udstyr Serie 200 Grøn #1578,714,1875,357,3.6
IT-Udstyr Serie 200 Grå #1579,334,1511,463,4.2
IT-Udstyr Edition Pro #1580,685,2452,660,4.6
IT-Udstyr Edition Plus #1581,673,886,415,7.3
IT-Udstyr Edition Premium #1582,427,2761,474,5.4
IT-Udstyr Edition Standard #1583,229,3380,804,6.1
IT-Udstyr Edition Basic #1584,178,1919,535,7.3
IT-Udstyr Edition Deluxe #1585,640,2755,632,6.6
IT-Udstyr Edition Ultra #1586,723,3465,644,3.7
IT-Udstyr Edition Max #1587,430,2746,710,6.5
IT-Udstyr Edition Compact #1588,302,1200,355,5.3
IT-Udstyr Edition Mini #1589,603,3458,732,6.8
IT-Udstyr Edition XL #1590,473,3199,564,5.5
IT-Udstyr Edition S #1591,211,1126,427,3.8
IT-Udstyr Edition M #1592,494,3574,601,5.2
IT-Udstyr Edition L #1593,180,656,334,6.6
IT-Udstyr Edition XL #1594,217,2145,403,7.3
IT-Udstyr Edition XXL #1595,454,2021,457,4.0
IT-Udstyr Edition V1 #1596,326,1560,353,7.1
IT-Udstyr Edition V2 #1597,401,1486,336,6.5
IT-Udstyr Edition V3 #1598,426,2623,632,5.9
IT-Udstyr Edition MK2 #1599,189,1611,319,7.2
IT-Udstyr Edition MK3 #1600,701,2703,589,5.1
IT-Udstyr Edition Gen2 #1601,539,1622,353,3.5
IT-Udstyr Edition Gen3 #1602,614,2684,521,5.9
IT-Udstyr Edition Sort #1603,408,1955,589,7.2
IT-Udstyr Edition Hvid #1604,650,3003,723,6.4
IT-Udstyr Edition Blå #1605,212,2957,610,5.9
IT-Udstyr Edition Rød #1606,245,2535,612,5.5
IT-Udstyr Edition Grøn #1607,151,1366,402,7.0
IT-Udstyr Edition Grå #1608,668,2587,439,6.0
IT-Udstyr Classic Pro #1609,195,665,201,3.6
IT-Udstyr Classic Plus #1610,373,2009,393,5.4
IT-Udstyr Classic Premium #1611,635,3196,595,6.9
IT-Udstyr Classic Standard #1612,736,3484,585,5.3
IT-Udstyr Classic Basic #1613,370,1834,349,5.5
IT-Udstyr Classic Deluxe #1614,715,1170,370,3.7
IT-Udstyr Classic Ultra #1615,501,899,421,7.2
IT-Udstyr Classic Max #1616,207,3321,662,4.7
IT-Udstyr Classic Compact #1617,576,988,302,4.4
IT-Udstyr Classic Mini #1618,186,1445,483,4.4
IT-Udstyr Classic XL #1619,314,2729,607,6.7
IT-Udstyr Classic S #1620,475,1734,337,7.4
IT-Udstyr Classic M #1621,201,3455,798,5.7
IT-Udstyr Classic L #1622,234,3376,727,6.0
IT-Udstyr Classic XL #1623,142,2658,647,6.5
IT-Udstyr Classic XXL #1624,391,1634,432,4.4
IT-Udstyr Classic V1 #1625,462,3569,772,4.3
IT-Udstyr Classic V2 #1626,282,1754,540,6.2
IT-Udstyr Classic V3 #1627,503,2466,503,5.7
IT-Udstyr Classic MK2 #1628,145,3506,727,4.0
IT-Udstyr Classic MK3 #1629,137,1350,400,6.3
IT-Udstyr Classic Gen2 #1630,394,2427,439,6.7
IT-Udstyr Classic Gen3 #1631,457,2333,428,7.3
IT-Udstyr Classic Sort #1632,656,688,176,3.7
IT-Udstyr Classic Hvid #1633,269,2613,595,5.5
IT-Udstyr Classic Blå #1634,206,3136,756,7.3
IT-Udstyr Classic Rød #1635,537,3523,729,5.3
IT-Udstyr Classic Grøn #1636,590,2787,601,4.1
IT-Udstyr Classic Grå #1637,134,2090,518,7.2
IT-Udstyr Modern Pro #1638,402,2624,558,4.4
IT-Udstyr Modern Plus #1639,319,1471,354,6.8
IT-Udstyr Modern Premium #1640,663,1694,309,5.8
IT-Udstyr Modern Standard #1641,120,1429,311,3.8
IT-Udstyr Modern Basic #1642,92,3109,706,6.3
IT-Udstyr Modern Deluxe #1643,657,681,364,5.1
IT-Udstyr Modern Ultra #1644,415,3396,760,5.9
IT-Udstyr Modern Max #1645,592,719,336,4.3
IT-Udstyr Modern Compact #1646,585,3087,721,5.2
IT-Udstyr Modern Mini #1647,692,863,180,5.8
IT-Udstyr Modern XL #1648,171,1241,428,7.4
IT-Udstyr Modern S #1649,189,671,388,7.2
IT-Udstyr Modern M #1650,253,1960,497,4.1
IT-Udstyr Modern L #1651,211,3476,643,5.2
IT-Udstyr Modern XL #1652,280,2578,522,6.2
IT-Udstyr Modern XXL #1653,302,2378,436,7.1
IT-Udstyr Modern V1 #1654,668,2332,550,3.6
IT-Udstyr Modern V2 #1655,293,1728,444,5.8
IT-Udstyr Modern V3 #1656,253,1072,324,7.2
IT-Udstyr Modern MK2 #1657,609,2414,417,5.7
IT-Udstyr Modern MK3 #1658,702,2720,458,4.4
IT-Udstyr Modern Gen2 #1659,524,3278,607,7.3
IT-Udstyr Modern Gen3 #1660,722,1399,338,3.8
IT-Udstyr Modern Sort #1661,92,648,261,7.4
IT-Udstyr Modern Hvid #1662,608,2454,578,4.3
IT-Udstyr Modern Blå #1663,230,1879,529,6.3
IT-Udstyr Modern Rød #1664,232,1445,302,4.8
IT-Udstyr Modern Grøn #1665,246,2283,461,7.5
IT-Udstyr Modern Grå #1666,206,1054,357,6.5
IT-Udstyr Industri Pro #1667,138,2779,692,5.4
IT-Udstyr Industri Plus #1668,407,657,171,6.8
IT-Udstyr Industri Premium #1669,156,3369,692,5.6
IT-Udstyr Industri Standard #1670,164,1728,342,4.9
IT-Udstyr Industri Basic #1671,662,1658,459,6.6
IT-Udstyr Industri Deluxe #1672,273,3358,627,4.5
IT-Udstyr Industri Ultra #1673,103,1552,443,6.6
IT-Udstyr Industri Max #1674,414,2295,499,5.4
IT-Udstyr Industri Compact #1675,408,2784,514,4.7
IT-Udstyr Industri Mini #1676,264,1461,492,5.5
IT-Udstyr Industri XL #1677,223,3188,734,3.7
IT-Udstyr Industri S #1678,626,655,173,5.1
IT-Udstyr Industri M #1679,596,1323,400,5.2
IT-Udstyr Industri L #1680,683,617,393,4.3
IT-Udstyr Industri XL #1681,718,3274,688,6.8
IT-Udstyr Industri XXL #1682,709,1873,435,3.7
IT-Udstyr Industri V1 #1683,461,2441,441,7.3
IT-Udstyr Industri V2 #1684,129,866,239,5.8
IT-Udstyr Industri V3 #1685,98,766,408,4.7
IT-Udstyr Industri MK2 #1686,105,1322,273,6.6
IT-Udstyr Industri MK3 #1687,293,2316,493,6.0
IT-Udstyr Industri Gen2 #1688,698,891,419,6.2
IT-Udstyr Industri Gen3 #1689,223,995,276,7.3
IT-Udstyr Industri Sort #1690,493,3260,705,4.2
IT-Udstyr Industri Hvid #1691,707,3246,681,6.0
IT-Udstyr Industri Blå #1692,169,1102,447,7.3
IT-Udstyr Industri Rød #1693,330,2647,690,3.8
IT-Udstyr Industri Grøn #1694,231,3475,780,5.3
IT-Udstyr Industri Grå #1695,457,1475,302,6.9
IT-Udstyr Professionel Pro #1696,461,1389,462,4.2
IT-Udstyr Professionel Plus #1697,565,2813,689,4.9
IT-Udstyr Professionel Premium #1698,664,1533,486,7.4
IT-Udstyr Professionel Standard #1699,723,3159,531,5.9
IT-Udstyr Professionel Basic #1700,680,1350,266,6.1
IT-Udstyr Professionel Deluxe #1701,593,1577,431,6.0
IT-Udstyr Professionel Ultra #1702,249,1152,315,6.0
IT-Udstyr Professionel Max #1703,584,3194,532,3.6
IT-Udstyr Professionel Compact #1704,453,703,305,5.9
IT-Udstyr Professionel Mini #1705,488,1661,425,6.1
IT-Udstyr Professionel XL #1706,590,1195,476,7.2
IT-Udstyr Professionel S #1707,234,3308,670,5.5
IT-Udstyr Professionel M #1708,360,3485,773,4.7
IT-Udstyr Professionel L #1709,539,1193,474,3.5
IT-Udstyr Professionel XL #1710,703,1170,338,5.9
IT-Udstyr Professionel XXL #1711,579,3474,762,4.3
IT-Udstyr Professionel V1 #1712,377,1631,338,4.8
IT-Udstyr Professionel V2 #1713,629,3089,726,6.6
IT-Udstyr Professionel V3 #1714,190,3372,747,7.3
IT-Udstyr Professionel MK2 #1715,92,1887,514,5.6
IT-Udstyr Professionel MK3 #1716,517,1852,341,4.2
IT-Udstyr Professionel Gen2 #1717,603,2168,457,7.0
IT-Udstyr Professionel Gen3 #1718,411,1050,448,5.6
IT-Udstyr Professionel Sort #1719,114,3348,786,5.5
IT-Udstyr Professionel Hvid #1720,495,2854,625,6.7
IT-Udstyr Professionel Blå #1721,482,3362,588,6.0
IT-Udstyr Professionel Rød #1722,476,3081,745,5.5
IT-Udstyr Professionel Grøn #1723,484,1771,369,5.2
IT-Udstyr Professionel Grå #1724,638,1470,334,5.0
IT-Udstyr Commercial Pro #1725,717,1208,236,4.1
IT-Udstyr Commercial Plus #1726,286,2818,583,6.9
IT-Udstyr Commercial Premium #1727,268,3073,664,4.0
IT-Udstyr Commercial Standard #1728,653,3054,543,4.8
IT-Udstyr Commercial Basic #1729,697,820,290,5.6
IT-Udstyr Commercial Deluxe #1730,271,2577,449,5.8
IT-Udstyr Commercial Ultra #1731,644,1364,371,7.5
IT-Udstyr Commercial Max #1732,410,2010,392,6.9
IT-Udstyr Commercial Compact #1733,129,2884,685,4.8
IT-Udstyr Commercial Mini #1734,560,2297,488,7.2
IT-Udstyr Commercial XL #1735,348,2220,392,6.6
IT-Udstyr Commercial S #1736,667,2582,661,5.9
IT-Udstyr Commercial M #1737,604,2584,454,4.4
IT-Udstyr Commercial L #1738,552,2439,655,4.5
IT-Udstyr Commercial XL #1739,510,3284,787,3.7
IT-Udstyr Commercial XXL #1740,414,2062,488,3.7
IT-Udstyr Commercial V1 #1741,639,1209,461,3.9
IT-Udstyr Commercial V2 #1742,290,1205,473,6.4
IT-Udstyr Commercial V3 #1743,721,1338,467,7.2
IT-Udstyr Commercial MK2 #1744,278,3600,690,4.7
IT-Udstyr Commercial MK3 #1745,510,1570,428,6.2
IT-Udstyr Commercial Gen2 #1746,582,1388,493,4.1
IT-Udstyr Commercial Gen3 #1747,554,2972,537,6.2
IT-Udstyr Commercial Sort #1748,220,1808,381,4.3
IT-Udstyr Commercial Hvid #1749,666,2310,568,5.7
IT-Udstyr Commercial Blå #1750,741,1075,405,3.7
IT-Udstyr Commercial Rød #1751,566,2912,678,4.2
IT-Udstyr Commercial Grøn #1752,529,2450,568,7.1
IT-Udstyr Commercial Grå #1753,423,2969,541,4.0
IT-Udstyr Model A Pro #1754,420,609,262,5.7
IT-Udstyr Model A Plus #1755,197,3195,585,6.9
IT-Udstyr Model A Premium #1756,624,3280,748,4.7
IT-Udstyr Model A Standard #1757,512,2118,446,4.9
IT-Udstyr Model A Basic #1758,159,721,270,5.5
IT-Udstyr Model A Deluxe #1759,344,746,236,6.5
IT-Udstyr Model A Ultra #1760,105,3374,639,5.3
IT-Udstyr Model A Max #1761,601,1388,502,5.2
IT-Udstyr Model A Compact #1762,224,2195,619,3.7
IT-Udstyr Model A Mini #1763,411,1749,403,4.3
IT-Udstyr Model A XL #1764,109,805,392,4.7
IT-Udstyr Model A S #1765,531,1686,390,6.4
IT-Udstyr Model A M #1766,210,1780,437,5.7
IT-Udstyr Model A L #1767,141,2424,559,7.3
IT-Udstyr Model A XL #1768,219,2355,474,5.6
IT-Udstyr Model A XXL #1769,624,1221,319,5.2
IT-Udstyr Model A V1 #1770,694,3439,770,6.2
IT-Udstyr Model A V2 #1771,551,812,266,6.2
IT-Udstyr Model A V3 #1772,236,1023,260,3.8
IT-Udstyr Model A MK2 #1773,539,2041,565,5.4
IT-Udstyr Model A MK3 #1774,446,2382,439,6.6
IT-Udstyr Model A Gen2 #1775,680,895,356,7.3
IT-Udstyr Model A Gen3 #1776,452,1874,441,5.9
IT-Udstyr Model A Sort #1777,466,1797,484,4.1
IT-Udstyr Model A Hvid #1778,502,1894,343,3.9
IT-Udstyr Model A Blå #1779,477,1984,598,3.7
IT-Udstyr Model A Rød #1780,249,2213,567,6.1
IT-Udstyr Model A Grøn #1781,379,915,427,4.4
IT-Udstyr Model A Grå #1782,657,862,331,7.2
IT-Udstyr Model B Pro #1783,581,2304,402,5.0
IT-Udstyr Model B Plus #1784,734,2936,499,5.2
IT-Udstyr Model B Premium #1785,707,3333,631,4.1
IT-Udstyr Model B Standard #1786,632,2658,690,3.5
IT-Udstyr Model B Basic #1787,185,2665,510,6.2
IT-Udstyr Model B Deluxe #1788,411,1185,391,3.6
IT-Udstyr Model B Ultra #1789,229,2610,524,6.2
IT-Udstyr Model B Max #1790,344,611,215,5.1
IT-Udstyr Model B Compact #1791,552,3044,712,3.6
IT-Udstyr Model B Mini #1792,176,1731,473,4.9
IT-Udstyr Model B XL #1793,167,2106,441,5.4
IT-Udstyr Model B S #1794,242,2689,642,6.2
IT-Udstyr Model B M #1795,573,1118,243,4.6
IT-Udstyr Model B L #1796,534,2073,371,7.2
IT-Udstyr Model B XL #1797,213,2906,709,5.9
IT-Udstyr Model B XXL #1798,748,1221,473,5.2
IT-Udstyr Model B V1 #1799,616,2687,470,5.1
IT-Udstyr Model B V2 #1800,176,3313,698,5.1
IT-Udstyr Model B V3 #1801,378,1358,432,3.7
IT-Udstyr Model B MK2 #1802,132,1334,250,5.1
IT-Udstyr Model B MK3 #1803,677,2555,472,4.8
IT-Udstyr Model B Gen2 #1804,641,1668,418,5.9
IT-Udstyr Model B Gen3 #1805,360,2898,530,4.4
IT-Udstyr Model B Sort #1806,449,2852,691,7.2
IT-Udstyr Model B Hvid #1807,470,1863,486,5.4
IT-Udstyr Model B Blå #1808,748,966,250,4.1
IT-Udstyr Model B Rød #1809,722,2665,699,6.2
IT-Udstyr Model B Grøn #1810,732,2672,576,4.6
IT-Udstyr Model B Grå #1811,662,3197,551,7.2
IT-Udstyr Model C Pro #1812,282,1167,440,7.4
IT-Udstyr Model C Plus #1813,432,2773,635,7.4
IT-Udstyr Model C Premium #1814,668,1491,277,4.7
IT-Udstyr Model C Standard #1815,460,665,354,6.4
IT-Udstyr Model C Basic #1816,505,2394,659,7.2
IT-Udstyr Model C Deluxe #1817,365,1259,302,6.4
IT-Udstyr Model C Ultra #1818,110,2611,514,7.1
IT-Udstyr Model C Max #1819,418,1993,594,7.2
IT-Udstyr Model C Compact #1820,463,3511,653,3.7
IT-Udstyr Model C Mini #1821,618,2661,503,4.7
IT-Udstyr Model C XL #1822,172,2578,611,5.5
IT-Udstyr Model C S #1823,261,1701,405,7.3
IT-Udstyr Model C M #1824,339,2697,557,6.6
IT-Udstyr Model C L #1825,311,2215,459,3.8
IT-Udstyr Model C XL #1826,284,1927,341,4.8
IT-Udstyr Model C XXL #1827,744,3049,753,3.7
IT-Udstyr Model C V1 #1828,435,2978,538,4.5
IT-Udstyr Model C V2 #1829,413,1593,401,7.1
IT-Udstyr Model C V3 #1830,236,1813,447,4.7
IT-Udstyr Model C MK2 #1831,675,1768,487,5.6
IT-Udstyr Model C MK3 #1832,501,1367,355,4.2
IT-Udstyr Model C Gen2 #1833,575,2573,467,6.2
IT-Udstyr Model C Gen3 #1834,371,3100,651,4.9
IT-Udstyr Model C Sort #1835,260,3354,580,6.3
IT-Udstyr Model C Hvid #1836,521,792,408,5.1
IT-Udstyr Model C Blå #1837,135,3547,613,6.7
IT-Udstyr Model C Rød #1838,324,2789,540,4.9
IT-Udstyr Model C Grøn #1839,478,2323,456,7.1
IT-Udstyr Model C Grå #1840,749,3582,732,3.8
IT-Udstyr Type 1 Pro #1841,529,2394,459,5.0
IT-Udstyr Type 1 Plus #1842,629,1032,216,3.9
IT-Udstyr Type 1 Premium #1843,343,2128,376,6.0
IT-Udstyr Type 1 Standard #1844,151,1250,332,6.8
IT-Udstyr Type 1 Basic #1845,591,2452,564,4.4
IT-Udstyr Type 1 Deluxe #1846,457,2230,436,3.6
IT-Udstyr Type 1 Ultra #1847,164,2385,584,7.1
IT-Udstyr Type 1 Max #1848,692,855,192,5.0
IT-Udstyr Type 1 Compact #1849,458,2483,520,6.5
IT-Udstyr Type 1 Mini #1850,466,2242,490,7.1
IT-Udstyr Type 1 XL #1851,540,3406,587,4.3
IT-Udstyr Type 1 S #1852,316,1470,386,5.3
IT-Udstyr Type 1 M #1853,470,607,381,5.2
IT-Udstyr Type 1 L #1854,500,1647,433,7.4
IT-Udstyr Type 1 XL #1855,561,3400,763,4.1
IT-Udstyr Type 1 XXL #1856,620,3187,699,7.0
IT-Udstyr Type 1 V1 #1857,269,3181,655,4.6
IT-Udstyr Type 1 V2 #1858,713,2520,529,6.3
IT-Udstyr Type 1 V3 #1859,653,1739,437,5.2
IT-Udstyr Type 1 MK2 #1860,495,1088,380,6.4
IT-Udstyr Type 1 MK3 #1861,701,3057,592,4.6
IT-Udstyr Type 1 Gen2 #1862,139,3519,782,7.0
IT-Udstyr Type 1 Gen3 #1863,746,3272,544,5.4
IT-Udstyr Type 1 Sort #1864,132,1469,335,3.7
IT-Udstyr Type 1 Hvid #1865,333,1098,229,5.5
IT-Udstyr Type 1 Blå #1866,231,1181,447,5.5
IT-Udstyr Type 1 Rød #1867,322,1303,329,7.0
IT-Udstyr Type 1 Grøn #1868,747,1596,301,4.7
IT-Udstyr Type 1 Grå #1869,486,1484,325,4.2
IT-Udstyr Type 2 Pro #1870,199,3425,698,7.5
IT-Udstyr Type 2 Plus #1871,239,770,174,5.0
IT-Udstyr Type 2 Premium #1872,123,3340,768,6.7
IT-Udstyr Type 2 Standard #1873,179,1769,376,3.9
IT-Udstyr Type 2 Basic #1874,565,824,187,5.0
IT-Udstyr Type 2 Deluxe #1875,718,2513,552,4.9
IT-Udstyr Type 2 Ultra #1876,179,1262,267,4.9
IT-Udstyr Type 2 Max #1877,477,1621,388,6.1
IT-Udstyr Type 2 Compact #1878,692,3256,671,7.1
IT-Udstyr Type 2 Mini #1879,699,742,310,4.2
IT-Udstyr Type 2 XL #1880,741,1797,439,4.1
IT-Udstyr Type 2 S #1881,438,1494,427,3.6
IT-Udstyr Type 2 M #1882,138,3379,684,3.9
IT-Udstyr Type 2 L #1883,350,2874,696,6.4
IT-Udstyr Type 2 XL #1884,388,2827,671,3.7
IT-Udstyr Type 2 XXL #1885,425,695,238,5.4
IT-Udstyr Type 2 V1 #1886,710,1169,333,5.2
IT-Udstyr Type 2 V2 #1887,515,868,365,7.0
IT-Udstyr Type 2 V3 #1888,543,3549,809,6.4
IT-Udstyr Type 2 MK2 #1889,642,3543,582,5.2
IT-Udstyr Type 2 MK3 #1890,331,911,204,4.7
IT-Udstyr Type 2 Gen2 #1891,389,1086,386,4.0
IT-Udstyr Type 2 Gen3 #1892,499,2747,562,6.5
IT-Udstyr Type 2 Sort #1893,431,2604,643,5.4
IT-Udstyr Type 2 Hvid #1894,580,745,187,3.8
IT-Udstyr Type 2 Blå #1895,285,2352,422,5.8
IT-Udstyr Type 2 Rød #1896,551,1677,484,3.6
IT-Udstyr Type 2 Grøn #1897,597,3118,667,5.0
IT-Udstyr Type 2 Grå #1898,235,3551,677,6.4
IT-Udstyr Serie 100 Pro #1899,612,2471,580,7.0
IT-Udstyr Serie 100 Plus #1900,436,3049,548,6.7
IT-Udstyr Serie 100 Premium #1901,402,2445,447,4.1
IT-Udstyr Serie 100 Standard #1902,697,2920,551,6.6
IT-Udstyr Serie 100 Basic #1903,330,1188,363,6.3
IT-Udstyr Serie 100 Deluxe #1904,110,2198,439,5.9
IT-Udstyr Serie 100 Ultra #1905,443,2099,365,6.6
IT-Udstyr Serie 100 Max #1906,475,1398,347,5.9
IT-Udstyr Serie 100 Compact #1907,563,2289,493,7.4
IT-Udstyr Serie 100 Mini #1908,542,1170,270,4.8
IT-Udstyr Serie 100 XL #1909,458,1157,324,5.0
IT-Udstyr Serie 100 S #1910,729,2546,580,4.6
IT-Udstyr Serie 100 M #1911,508,1170,314,4.7
IT-Udstyr Serie 100 L #1912,357,3129,638,6.6
IT-Udstyr Serie 100 XL #1913,422,3061,759,5.5
IT-Udstyr Serie 100 XXL #1914,524,937,199,5.3
IT-Udstyr Serie 100 V1 #1915,392,1804,359,6.0
IT-Udstyr Serie 100 V2 #1916,305,2760,576,5.3
IT-Udstyr Serie 100 V3 #1917,113,1203,274,4.5
IT-Udstyr Serie 100 MK2 #1918,685,1765,373,3.5
IT-Udstyr Serie 100 MK3 #1919,535,3220,714,5.1
IT-Udstyr Serie 100 Gen2 #1920,672,3560,642,5.9
IT-Udstyr Serie 100 Gen3 #1921,190,2279,410,4.0
IT-Udstyr Serie 100 Sort #1922,134,2654,479,5.6
IT-Udstyr Serie 100 Hvid #1923,474,3275,675,6.7
IT-Udstyr Serie 100 Blå #1924,726,3035,678,4.9
IT-Udstyr Serie 100 Rød #1925,311,2100,384,4.4
IT-Udstyr Serie 100 Grøn #1926,229,3447,711,6.2
IT-Udstyr Serie 100 Grå #1927,707,2200,471,6.3
IT-Udstyr Serie 200 Pro #1928,248,931,237,7.4
IT-Udstyr Serie 200 Plus #1929,626,2229,521,5.8
IT-Udstyr Serie 200 Premium #1930,342,1956,437,5.9
IT-Udstyr Serie 200 Standard #1931,549,2028,591,6.9
IT-Udstyr Serie 200 Basic #1932,424,1621,464,6.4
IT-Udstyr Serie 200 Deluxe #1933,343,2576,615,6.2
IT-Udstyr Serie 200 Ultra #1934,726,665,317,5.6
IT-Udstyr Serie 200 Max #1935,477,2138,489,7.1
IT-Udstyr Serie 200 Compact #1936,147,1065,262,6.7
IT-Udstyr Serie 200 Mini #1937,494,947,209,5.8
IT-Udstyr Serie 200 XL #1938,328,1483,329,3.6
IT-Udstyr Serie 200 S #1939,182,2141,541,6.8
IT-Udstyr Serie 200 M #1940,590,1417,365,4.3
IT-Udstyr Serie 200 L #1941,390,996,199,5.2
IT-Udstyr Serie 200 XL #1942,250,2371,636,6.4
IT-Udstyr Serie 200 XXL #1943,642,3183,594,4.5
IT-Udstyr Serie 200 V1 #1944,156,2377,483,6.3
IT-Udstyr Serie 200 V2 #1945,328,997,240,7.5
IT-Udstyr Serie 200 V3 #1946,95,3044,575,4.8
IT-Udstyr Serie 200 MK2 #1947,413,952,220,5.4
IT-Udstyr Serie 200 MK3 #1948,520,752,332,4.6
IT-Udstyr Serie 200 Gen2 #1949,613,935,313,5.6
IT-Udstyr Serie 200 Gen3 #1950,160,2850,502,3.6
IT-Udstyr Serie 200 Sort #1951,744,833,264,5.4
IT-Udstyr Serie 200 Hvid #1952,580,935,419,4.1
IT-Udstyr Serie 200 Blå #1953,153,1343,279,5.5
IT-Udstyr Serie 200 Rød #1954,726,3208,718,4.1
IT-Udstyr Serie 200 Grøn #1955,210,1748,491,4.8
IT-Udstyr Serie 200 Grå #1956,512,2769,674,4.7
IT-Udstyr Edition Pro #1957,604,1835,453,4.7
IT-Udstyr Edition Plus #1958,404,1091,377,7.3
IT-Udstyr Edition Premium #1959,453,1054,326,4.7
IT-Udstyr Edition Standard #1960,280,3365,615,4.6
IT-Udstyr Edition Basic #1961,237,1626,351,3.7
IT-Udstyr Edition Deluxe #1962,230,644,299,3.8
IT-Udstyr Edition Ultra #1963,466,1236,462,6.0
IT-Udstyr Edition Max #1964,744,2797,539,4.7
IT-Udstyr Edition Compact #1965,465,1283,451,4.6
IT-Udstyr Edition Mini #1966,612,1287,410,7.0
IT-Udstyr Edition XL #1967,550,2051,568,3.7
IT-Udstyr Edition S #1968,663,1703,409,4.9
IT-Udstyr Edition M #1969,257,615,208,5.3
IT-Udstyr Edition L #1970,480,1779,354,5.3
IT-Udstyr Edition XL #1971,556,2236,571,6.0
IT-Udstyr Edition XXL #1972,571,3403,690,6.7
IT-Udstyr Edition V1 #1973,450,2573,501,6.8
IT-Udstyr Edition V2 #1974,492,2482,613,4.4
IT-Udstyr Edition V3 #1975,692,1342,403,4.4
IT-Udstyr Edition MK2 #1976,591,921,324,3.9
IT-Udstyr Edition MK3 #1977,686,2726,503,5.7
IT-Udstyr Edition Gen2 #1978,608,2580,653,5.8
IT-Udstyr Edition Gen3 #1979,408,2900,599,5.6
IT-Udstyr Edition Sort #1980,519,2824,579,7.0
IT-Udstyr Edition Hvid #1981,287,1625,496,4.7
IT-Udstyr Edition Blå #1982,138,1363,383,4.2
IT-Udstyr Edition Rød #1983,407,2945,539,3.6
IT-Udstyr Edition Grøn #1984,588,2792,544,5.7
IT-Udstyr Edition Grå #1985,433,3496,713,7.2
IT-Udstyr Classic Pro #1986,340,1554,339,4.3
IT-Udstyr Classic Plus #1987,419,1648,526,6.1
IT-Udstyr Classic Premium #1988,668,1423,390,4.4
IT-Udstyr Classic Standard #1989,174,2218,461,4.7
IT-Udstyr Classic Basic #1990,538,1770,378,5.1
IT-Udstyr Classic Deluxe #1991,468,1230,364,3.9
IT-Udstyr Classic Ultra #1992,695,3563,820,6.7
IT-Udstyr Classic Max #1993,521,3503,785,5.7
IT-Udstyr Classic Compact #1994,167,1887,377,6.0
IT-Udstyr Classic Mini #1995,234,3140,683,7.2
IT-Udstyr Classic XL #1996,359,2188,610,5.5
IT-Udstyr Classic S #1997,512,3434,746,5.7
IT-Udstyr Classic M #1998,447,1797,515,4.6
IT-Udstyr Classic L #1999,306,3250,590,6.4
IT-Udstyr Classic XL #2000,530,1109,274,3.7
IT-Udstyr Classic XXL #2001,364,972,343,7.2
IT-Udstyr Classic V1 #2002,122,1632,320,7.5
IT-Udstyr Classic V2 #2003,355,614,162,5.3
IT-Udstyr Classic V3 #2004,319,794,223,6.5
IT-Udstyr Classic MK2 #2005,427,2521,587,5.1
IT-Udstyr Classic MK3 #2006,439,2830,684,3.6
IT-Udstyr Classic Gen2 #2007,296,859,361,6.2
IT-Udstyr Classic Gen3 #2008,462,2728,607,7.5
IT-Udstyr Classic Sort #2009,722,1623,387,4.8
IT-Udstyr Classic Hvid #2010,448,2504,568,5.3
IT-Udstyr Classic Blå #2011,631,3308,643,5.7
IT-Udstyr Classic Rød #2012,464,3417,758,6.0
IT-Udstyr Classic Grøn #2013,250,933,311,7.4
IT-Udstyr Classic Grå #2014,98,3165,593,6.2
IT-Udstyr Modern Pro #2015,346,1838,456,6.6
IT-Udstyr Modern Plus #2016,690,3524,703,5.8
IT-Udstyr Modern Premium #2017,313,819,421,6.9
IT-Udstyr Modern Standard #2018,461,1569,341,5.0
IT-Udstyr Modern Basic #2019,224,1362,264,7.4
IT-Udstyr Modern Deluxe #2020,620,1254,369,4.5
IT-Udstyr Modern Ultra #2021,575,2394,527,5.1
IT-Udstyr Modern Max #2022,658,3175,538,4.5
IT-Udstyr Modern Compact #2023,385,2721,688,6.0
IT-Udstyr Modern Mini #2024,122,1069,252,4.7
IT-Udstyr Modern XL #2025,702,2972,618,4.5
IT-Udstyr Modern S #2026,112,1350,442,3.7
IT-Udstyr Modern M #2027,345,1574,429,5.7
IT-Udstyr Modern L #2028,676,1611,300,6.6
IT-Udstyr Modern XL #2029,485,3542,633,5.0
IT-Udstyr Modern XXL #2030,263,1874,344,6.3
IT-Udstyr Modern V1 #2031,122,2318,401,6.6
IT-Udstyr Modern V2 #2032,389,1892,544,5.3
IT-Udstyr Modern V3 #2033,590,1340,501,5.0
IT-Udstyr Modern MK2 #2034,218,1659,386,3.7
IT-Udstyr Modern MK3 #2035,375,2894,646,7.5
IT-Udstyr Modern Gen2 #2036,727,2066,560,5.1
IT-Udstyr Modern Gen3 #2037,488,2922,619,7.4
IT-Udstyr Modern Sort #2038,341,2440,648,6.5
IT-Udstyr Modern Hvid #2039,561,3056,559,7.1
IT-Udstyr Modern Blå #2040,325,1116,244,6.8
IT-Udstyr Modern Rød #2041,363,2216,511,5.1
IT-Udstyr Modern Grøn #2042,589,1375,469,4.0
IT-Udstyr Modern Grå #2043,546,756,310,4.6
IT-Udstyr Industri Pro #2044,681,721,398,4.2
IT-Udstyr Industri Plus #2045,259,2593,516,3.7
IT-Udstyr Industri Premium #2046,419,1766,450,4.0
IT-Udstyr Industri Standard #2047,332,1933,448,4.2
IT-Udstyr Industri Basic #2048,454,1752,553,6.1
IT-Udstyr Industri Deluxe #2049,606,1984,562,6.2
IT-Udstyr Industri Ultra #2050,264,2399,486,6.7
IT-Udstyr Industri Max #2051,127,1864,510,7.1
IT-Udstyr Industri Compact #2052,170,1055,342,6.7
IT-Udstyr Industri Mini #2053,454,1379,503,7.5
IT-Udstyr Industri XL #2054,118,3121,687,5.2
IT-Udstyr Industri S #2055,719,2449,454,4.4
IT-Udstyr Industri M #2056,625,2059,566,6.7
IT-Udstyr Industri L #2057,606,2563,482,7.3
IT-Udstyr Industri XL #2058,741,1392,273,3.5
IT-Udstyr Industri XXL #2059,500,1267,270,7.4
IT-Udstyr Industri V1 #2060,583,3234,674,5.7
IT-Udstyr Industri V2 #2061,411,1762,496,7.4
IT-Udstyr Industri V3 #2062,432,1116,349,3.5
IT-Udstyr Industri MK2 #2063,394,1498,483,3.6
IT-Udstyr Industri MK3 #2064,652,1860,462,6.8
IT-Udstyr Industri Gen2 #2065,126,606,160,4.9
IT-Udstyr Industri Gen3 #2066,566,2519,664,6.1
IT-Udstyr Industri Sort #2067,578,735,359,3.8
IT-Udstyr Industri Hvid #2068,96,1994,479,5.4
IT-Udstyr Industri Blå #2069,430,3565,746,7.3
IT-Udstyr Industri Rød #2070,611,1917,585,5.3
IT-Udstyr Industri Grøn #2071,603,2491,566,5.7
IT-Udstyr Industri Grå #2072,303,3148,565,6.4
IT-Udstyr Professionel Pro #2073,191,1808,518,4.3
IT-Udstyr Professionel Plus #2074,530,3032,632,6.0
IT-Udstyr Professionel Premium #2075,335,3247,619,7.2
IT-Udstyr Professionel Standard #2076,625,2779,711,5.7
IT-Udstyr Professionel Basic #2077,566,1083,307,5.8
IT-Udstyr Professionel Deluxe #2078,280,1253,249,7.4
IT-Udstyr Professionel Ultra #2079,500,3519,578,7.5
IT-Udstyr Professionel Max #2080,260,1334,336,6.1
IT-Udstyr Professionel Compact #2081,105,730,372,3.6
IT-Udstyr Professionel Mini #2082,663,3535,595,7.0
IT-Udstyr Professionel XL #2083,616,3380,635,5.4
IT-Udstyr Professionel S #2084,693,1033,261,7.2
IT-Udstyr Professionel M #2085,465,2866,493,4.8
IT-Udstyr Professionel L #2086,732,1694,531,6.3
IT-Udstyr Professionel XL #2087,139,3477,602,6.4
IT-Udstyr Professionel XXL #2088,551,2665,599,5.0
IT-Udstyr Professionel V1 #2089,191,3583,738,4.0
IT-Udstyr Professionel V2 #2090,667,1210,388,6.4
IT-Udstyr Professionel V3 #2091,335,2476,617,6.8
IT-Udstyr Professionel MK2 #2092,325,704,221,4.1
IT-Udstyr Professionel MK3 #2093,563,1054,310,5.5
IT-Udstyr Professionel Gen2 #2094,614,3203,706,6.7
IT-Udstyr Professionel Gen3 #2095,217,2536,493,3.7
IT-Udstyr Professionel Sort #2096,670,1500,444,7.2
IT-Udstyr Professionel Hvid #2097,687,2204,587,3.6
IT-Udstyr Professionel Blå #2098,691,2456,658,3.6
IT-Udstyr Professionel Rød #2099,428,1078,354,7.2
IT-Udstyr Professionel Grøn #2100,544,3060,702,5.5
IT-Udstyr Professionel Grå #2101,289,1720,309,7.3
IT-Udstyr Commercial Pro #2102,437,3519,664,6.3
IT-Udstyr Commercial Plus #2103,605,2555,558,4.3
IT-Udstyr Commercial Premium #2104,213,2641,459,5.8
IT-Udstyr Commercial Standard #2105,293,3158,629,4.0
IT-Udstyr Commercial Basic #2106,362,2722,513,5.2
IT-Udstyr Commercial Deluxe #2107,377,1643,495,7.3
IT-Udstyr Commercial Ultra #2108,438,1132,253,7.3
IT-Udstyr Commercial Max #2109,313,3597,743,6.0
IT-Udstyr Commercial Compact #2110,633,3281,754,6.4
IT-Udstyr Commercial Mini #2111,316,1109,256,5.0
IT-Udstyr Commercial XL #2112,142,1160,371,6.5
IT-Udstyr Commercial S #2113,280,3042,590,6.1
IT-Udstyr Commercial M #2114,246,2698,578,5.1
IT-Udstyr Commercial L #2115,575,2888,596,6.7
IT-Udstyr Commercial XL #2116,235,1664,435,5.6
IT-Udstyr Commercial XXL #2117,286,1168,266,7.4
IT-Udstyr Commercial V1 #2118,631,2559,476,6.1
IT-Udstyr Commercial V2 #2119,421,1680,498,4.9
IT-Udstyr Commercial V3 #2120,280,1787,337,6.8
IT-Udstyr Commercial MK2 #2121,599,941,227,7.0
IT-Udstyr Commercial MK3 #2122,702,3213,584,5.6
IT-Udstyr Commercial Gen2 #2123,184,1406,475,3.8
IT-Udstyr Commercial Gen3 #2124,635,1368,448,5.1
IT-Udstyr Commercial Sort #2125,410,1103,241,5.2
IT-Udstyr Commercial Hvid #2126,657,2309,636,7.1
IT-Udstyr Commercial Blå #2127,313,3162,744,5.0
IT-Udstyr Commercial Rød #2128,432,1740,506,4.3
IT-Udstyr Commercial Grøn #2129,640,1499,509,6.4
IT-Udstyr Commercial Grå #2130,733,3151,669,6.4
IT-Udstyr Model A Pro #2131,517,3265,732,5.1
IT-Udstyr Model A Plus #2132,316,2242,398,4.6
IT-Udstyr Model A Premium #2133,152,2927,739,4.6
IT-Udstyr Model A Standard #2134,482,2728,671,5.4
IT-Udstyr Model A Basic #2135,425,1958,550,6.4
IT-Udstyr Model A Deluxe #2136,557,2234,441,5.8
IT-Udstyr Model A Ultra #2137,541,3427,683,6.5
IT-Udstyr Model A Max #2138,688,2532,466,4.3
IT-Udstyr Model A Compact #2139,558,2204,603,7.0
IT-Udstyr Model A Mini #2140,587,2375,513,5.8
IT-Udstyr Model A XL #2141,222,3529,652,4.5
IT-Udstyr Model A S #2142,278,1357,488,5.8
IT-Udstyr Model A M #2143,307,3037,669,4.1
IT-Udstyr Model A L #2144,382,1868,500,3.8
IT-Udstyr Model A XL #2145,478,1899,399,3.6
IT-Udstyr Model A XXL #2146,643,3199,579,6.8
IT-Udstyr Model A V1 #2147,261,2436,655,5.0
IT-Udstyr Model A V2 #2148,293,2234,441,4.4
IT-Udstyr Model A V3 #2149,230,2796,715,6.4
IT-Udstyr Model A MK2 #2150,183,2142,402,6.9
IT-Udstyr Model A MK3 #2151,182,2834,650,4.7
IT-Udstyr Model A Gen2 #2152,320,1906,560,7.4
IT-Udstyr Model A Gen3 #2153,329,810,418,6.9
IT-Udstyr Model A Sort #2154,333,2006,367,6.4
IT-Udstyr Model A Hvid #2155,408,2255,427,5.2
IT-Udstyr Model A Blå #2156,444,1160,296,5.7
IT-Udstyr Model A Rød #2157,138,2900,730,4.2
IT-Udstyr Model A Grøn #2158,505,1304,406,6.4
IT-Udstyr Model A Grå #2159,538,1818,548,5.6
IT-Udstyr Model B Pro #2160,727,3428,573,4.7
IT-Udstyr Model B Plus #2161,316,3173,649,7.4
IT-Udstyr Model B Premium #2162,672,3052,633,7.3
IT-Udstyr Model B Standard #2163,612,1314,477,6.8
IT-Udstyr Model B Basic #2164,634,2942,734,4.8
IT-Udstyr Model B Deluxe #2165,349,1240,238,4.0
IT-Udstyr Model B Ultra #2166,576,3590,710,6.0
IT-Udstyr Model B Max #2167,648,1416,506,6.4
IT-Udstyr Model B Compact #2168,422,2121,374,3.6
IT-Udstyr Model B Mini #2169,177,3121,551,5.6
IT-Udstyr Model B XL #2170,98,1751,517,7.4
IT-Udstyr Model B S #2171,662,1244,451,4.2
IT-Udstyr Model B M #2172,276,1325,359,7.0
IT-Udstyr Model B L #2173,475,3034,600,4.3
IT-Udstyr Model B XL #2174,102,734,183,6.0
IT-Udstyr Model B XXL #2175,276,1682,439,6.0
IT-Udstyr Model B V1 #2176,151,1460,428,5.6
IT-Udstyr Model B V2 #2177,324,1037,408,6.0
IT-Udstyr Model B V3 #2178,257,2534,461,6.1
IT-Udstyr Model B MK2 #2179,138,801,337,4.8
IT-Udstyr Model B MK3 #2180,229,1381,295,3.9
IT-Udstyr Model B Gen2 #2181,211,1860,351,4.7
IT-Udstyr Model B Gen3 #2182,598,3286,619,6.9
IT-Udstyr Model B Sort #2183,287,1690,420,5.7
IT-Udstyr Model B Hvid #2184,736,3272,658,5.2
IT-Udstyr Model B Blå #2185,377,2882,486,5.3
IT-Udstyr Model B Rød #2186,714,1506,444,5.5
IT-Udstyr Model B Grøn #2187,497,3211,537,5.2
IT-Udstyr Model B Grå #2188,127,3333,550,6.9
IT-Udstyr Model C Pro #2189,428,618,190,6.5
IT-Udstyr Model C Plus #2190,650,1871,577,6.0
IT-Udstyr Model C Premium #2191,626,3359,597,4.5
IT-Udstyr Model C Standard #2192,622,1391,483,4.1
IT-Udstyr Model C Basic #2193,468,2785,565,6.3
IT-Udstyr Model C Deluxe #2194,369,2844,608,4.7
IT-Udstyr Model C Ultra #2195,454,2291,586,6.1
IT-Udstyr Model C Max #2196,375,3198,771,6.6
IT-Udstyr Model C Compact #2197,499,897,418,5.0
IT-Udstyr Model C Mini #2198,308,3145,592,7.4
IT-Udstyr Model C XL #2199,735,895,388,5.6
IT-Udstyr Model C S #2200,100,2807,511,5.4
IT-Udstyr Model C M #2201,367,1712,469,5.1
IT-Udstyr Model C L #2202,197,2629,623,4.8
IT-Udstyr Model C XL #2203,361,1181,351,4.4
IT-Udstyr Model C XXL #2204,325,867,307,6.5
IT-Udstyr Model C V1 #2205,133,3333,552,7.2
IT-Udstyr Model C V2 #2206,138,1865,578,7.2
IT-Udstyr Model C V3 #2207,414,670,348,4.5
IT-Udstyr Model C MK2 #2208,466,3020,698,3.9
IT-Udstyr Model C MK3 #2209,205,2790,480,4.4
IT-Udstyr Model C Gen2 #2210,651,2901,500,5.4
IT-Udstyr Model C Gen3 #2211,202,3093,673,4.1
IT-Udstyr Model C Sort #2212,171,2196,628,6.5
IT-Udstyr Model C Hvid #2213,339,1039,378,3.7
IT-Udstyr Model C Blå #2214,214,3377,651,4.6
IT-Udstyr Model C Rød #2215,439,2013,389,4.5
IT-Udstyr Model C Grøn #2216,419,3436,569,6.1
IT-Udstyr Model C Grå #2217,150,3251,613,5.2
IT-Udstyr Type 1 Pro #2218,609,3000,742,7.2
IT-Udstyr Type 1 Plus #2219,268,1577,299,5.1
IT-Udstyr Type 1 Premium #2220,703,3193,778,4.6
IT-Udstyr Type 1 Standard #2221,698,2834,632,4.6
IT-Udstyr Type 1 Basic #2222,524,2844,667,4.2
IT-Udstyr Type 1 Deluxe #2223,543,1329,421,3.9
IT-Udstyr Type 1 Ultra #2224,544,2705,648,4.6
IT-Udstyr Type 1 Max #2225,370,1377,441,6.9
IT-Udstyr Type 1 Compact #2226,392,3099,705,5.0
IT-Udstyr Type 1 Mini #2227,450,2986,607,4.4
IT-Udstyr Type 1 XL #2228,553,2498,546,7.3
IT-Udstyr Type 1 S #2229,417,1827,404,5.3
IT-Udstyr Type 1 M #2230,519,3053,546,5.7
IT-Udstyr Type 1 L #2231,301,1906,358,7.0
IT-Udstyr Type 1 XL #2232,479,1018,232,7.1
IT-Udstyr Type 1 XXL #2233,420,2971,583,5.0
IT-Udstyr Type 1 V1 #2234,435,3238,665,7.0
IT-Udstyr Type 1 V2 #2235,343,3338,702,5.5
IT-Udstyr Type 1 V3 #2236,597,3597,732,7.4
IT-Udstyr Type 1 MK2 #2237,441,1102,232,3.6
IT-Udstyr Type 1 MK3 #2238,547,955,309,5.2
IT-Udstyr Type 1 Gen2 #2239,600,2249,427,4.4
IT-Udstyr Type 1 Gen3 #2240,650,3269,642,7.5
IT-Udstyr Type 1 Sort #2241,296,1770,468,5.7
IT-Udstyr Type 1 Hvid #2242,634,2452,451,4.8
IT-Udstyr Type 1 Blå #2243,672,1797,552,6.5
IT-Udstyr Type 1 Rød #2244,116,1663,354,4.0
IT-Udstyr Type 1 Grøn #2245,413,3508,784,5.3
IT-Udstyr Type 1 Grå #2246,518,3429,597,7.0
IT-Udstyr Type 2 Pro #2247,111,2396,592,7.2
IT-Udstyr Type 2 Plus #2248,582,1286,356,5.0
IT-Udstyr Type 2 Premium #2249,360,1088,415,3.7
IT-Udstyr Type 2 Standard #2250,377,1209,292,4.7
IT-Udstyr Type 2 Basic #2251,554,1821,325,7.3
IT-Udstyr Type 2 Deluxe #2252,578,773,237,5.5
IT-Udstyr Type 2 Ultra #2253,490,3256,624,5.3
IT-Udstyr Type 2 Max #2254,536,2045,589,3.5
IT-Udstyr Type 2 Compact #2255,557,2829,709,6.6
IT-Udstyr Type 2 Mini #2256,496,2990,548,6.1
IT-Udstyr Type 2 XL #2257,312,734,365,7.0
IT-Udstyr Type 2 S #2258,689,3211,556,5.0
IT-Udstyr Type 2 M #2259,120,3556,714,4.0
IT-Udstyr Type 2 L #2260,730,3015,738,4.1
IT-Udstyr Type 2 XL #2261,214,714,204,4.9
IT-Udstyr Type 2 XXL #2262,395,1506,459,5.1
IT-Udstyr Type 2 V1 #2263,123,2981,600,5.0
IT-Udstyr Type 2 V2 #2264,168,983,318,4.4
IT-Udstyr Type 2 V3 #2265,143,778,263,7.1
IT-Udstyr Type 2 MK2 #2266,361,3187,669,6.9
IT-Udstyr Type 2 MK3 #2267,121,2581,498,4.4
IT-Udstyr Type 2 Gen2 #2268,584,2991,580,4.5
IT-Udstyr Type 2 Gen3 #2269,334,1857,382,6.1
IT-Udstyr Type 2 Sort #2270,538,2258,604,6.1
IT-Udstyr Type 2 Hvid #2271,164,928,384,4.9
IT-Udstyr Type 2 Blå #2272,504,1198,458,4.3
IT-Udstyr Type 2 Rød #2273,637,3131,764,3.7
IT-Udstyr Type 2 Grøn #2274,399,3082,574,6.4
IT-Udstyr Type 2 Grå #2275,742,942,431,4.0
IT-Udstyr Serie 100 Pro #2276,98,720,303,6.1
IT-Udstyr Serie 100 Plus #2277,701,962,338,6.3
IT-Udstyr Serie 100 Premium #2278,273,1341,296,5.1
IT-Udstyr Serie 100 Standard #2279,362,3170,662,6.3
IT-Udstyr Serie 100 Basic #2280,612,1131,226,4.6
IT-Udstyr Serie 100 Deluxe #2281,261,3021,615,7.5
IT-Udstyr Serie 100 Ultra #2282,377,3419,624,4.0
IT-Udstyr Serie 100 Max #2283,547,608,330,7.2
IT-Udstyr Serie 100 Compact #2284,603,1418,339,5.5
IT-Udstyr Serie 100 Mini #2285,680,1379,487,6.5
IT-Udstyr Serie 100 XL #2286,706,1020,336,4.9
IT-Udstyr Serie 100 S #2287,106,1007,431,5.9
IT-Udstyr Serie 100 M #2288,355,2529,589,6.8
IT-Udstyr Serie 100 L #2289,572,2653,491,3.8
IT-Udstyr Serie 100 XL #2290,563,3339,642,3.6
IT-Udstyr Serie 100 XXL #2291,549,676,354,4.1
IT-Udstyr Serie 100 V1 #2292,201,659,211,7.5
IT-Udstyr Serie 100 V2 #2293,190,2362,628,6.1
IT-Udstyr Serie 100 V3 #2294,617,2711,664,6.0
IT-Udstyr Serie 100 MK2 #2295,614,2425,458,5.0
IT-Udstyr Serie 100 MK3 #2296,575,1956,475,7.2
IT-Udstyr Serie 100 Gen2 #2297,656,3592,678,6.8
IT-Udstyr Serie 100 Gen3 #2298,215,1921,404,5.2
IT-Udstyr Serie 100 Sort #2299,320,672,319,7.5
IT-Udstyr Serie 100 Hvid #2300,211,1019,264,7.0
IT-Udstyr Serie 100 Blå #2301,280,1883,457,3.5
IT-Udstyr Serie 100 Rød #2302,239,1999,531,5.0
IT-Udstyr Serie 100 Grøn #2303,593,1365,292,6.0
IT-Udstyr Serie 100 Grå #2304,270,3160,683,6.1
IT-Udstyr Serie 200 Pro #2305,679,3047,731,6.1
IT-Udstyr Serie 200 Plus #2306,701,3497,725,5.2
IT-Udstyr Serie 200 Premium #2307,237,2572,591,6.2
IT-Udstyr Serie 200 Standard #2308,681,2786,511,6.0
IT-Udstyr Serie 200 Basic #2309,435,1426,407,5.9
IT-Udstyr Serie 200 Deluxe #2310,644,1460,283,6.1
IT-Udstyr Serie 200 Ultra #2311,197,2160,397,3.7
IT-Udstyr Serie 200 Max #2312,245,1634,455,3.9
IT-Udstyr Serie 200 Compact #2313,308,3294,680,5.2
IT-Udstyr Serie 200 Mini #2314,150,754,410,7.0
IT-Udstyr Serie 200 XL #2315,595,1034,327,6.4
IT-Udstyr Serie 200 S #2316,612,2037,602,4.8
IT-Udstyr Serie 200 M #2317,259,1249,481,6.8
IT-Udstyr Serie 200 L #2318,544,2746,647,6.9
IT-Udstyr Serie 200 XL #2319,336,1568,335,7.3
IT-Udstyr Serie 200 XXL #2320,527,3271,737,6.7
IT-Udstyr Serie 200 V1 #2321,152,793,227,7.0
IT-Udstyr Serie 200 V2 #2322,333,2973,611,7.2
IT-Udstyr Serie 200 V3 #2323,505,2872,631,6.6
IT-Udstyr Serie 200 MK2 #2324,217,1934,402,7.0
IT-Udstyr Serie 200 MK3 #2325,581,2419,576,4.9
IT-Udstyr Serie 200 Gen2 #2326,316,1223,259,5.6
IT-Udstyr Serie 200 Gen3 #2327,264,2912,550,7.4
IT-Udstyr Serie 200 Sort #2328,391,2248,587,4.6
IT-Udstyr Serie 200 Hvid #2329,553,3021,537,7.1
IT-Udstyr Serie 200 Blå #2330,320,910,278,3.7
IT-Udstyr Serie 200 Rød #2331,209,2472,626,5.6
IT-Udstyr Serie 200 Grøn #2332,719,2166,401,7.5
IT-Udstyr Serie 200 Grå #2333,402,3480,677,6.6
IT-Udstyr Edition Pro #2334,153,2303,508,5.6
IT-Udstyr Edition Plus #2335,493,2789,472,6.8
IT-Udstyr Edition Premium #2336,154,3559,752,6.8
IT-Udstyr Edition Standard #2337,536,1083,222,4.8
IT-Udstyr Edition Basic #2338,472,1644,381,6.5
IT-Udstyr Edition Deluxe #2339,130,3103,529,7.2
IT-Udstyr Edition Ultra #2340,595,1866,500,4.1
IT-Udstyr Edition Max #2341,483,1207,393,7.1
IT-Udstyr Edition Compact #2342,266,1472,456,7.1
IT-Udstyr Edition Mini #2343,506,3284,793,4.2
IT-Udstyr Edition XL #2344,332,2188,559,4.6
IT-Udstyr Edition S #2345,637,715,361,5.0
IT-Udstyr Edition M #2346,711,1672,407,4.4
IT-Udstyr Edition L #2347,714,3571,769,4.7
IT-Udstyr Edition XL #2348,318,2024,465,6.0
IT-Udstyr Edition XXL #2349,144,2619,446,5.8
IT-Udstyr Edition V1 #2350,336,1371,337,7.2
IT-Udstyr Edition V2 #2351,194,3516,753,5.8
IT-Udstyr Edition V3 #2352,118,2054,470,5.3
IT-Udstyr Edition MK2 #2353,721,2630,602,4.9
IT-Udstyr Edition MK3 #2354,746,2471,609,4.1
IT-Udstyr Edition Gen2 #2355,655,2934,637,5.5
IT-Udstyr Edition Gen3 #2356,124,1333,361,5.5
IT-Udstyr Edition Sort #2357,138,789,345,5.8
IT-Udstyr Edition Hvid #2358,654,685,300,7.0
IT-Udstyr Edition Blå #2359,581,1900,567,3.6
IT-Udstyr Edition Rød #2360,297,2976,604,4.0
IT-Udstyr Edition Grøn #2361,375,2658,557,4.6
IT-Udstyr Edition Grå #2362,103,3523,718,5.5
IT-Udstyr Classic Pro #2363,225,1878,337,4.0
IT-Udstyr Classic Plus #2364,728,1814,498,5.1
IT-Udstyr Classic Premium #2365,582,1069,440,4.4
IT-Udstyr Classic Standard #2366,286,1586,462,6.2
IT-Udstyr Classic Basic #2367,688,3442,604,6.0
IT-Udstyr Classic Deluxe #2368,451,3250,562,3.8
IT-Udstyr Classic Ultra #2369,414,3453,615,4.1
IT-Udstyr Classic Max #2370,108,3461,712,6.8
IT-Udstyr Classic Compact #2371,627,3406,652,6.6
IT-Udstyr Classic Mini #2372,667,961,357,4.5
IT-Udstyr Classic XL #2373,95,777,184,5.4
IT-Udstyr Classic S #2374,425,3403,793,7.0
IT-Udstyr Classic M #2375,383,2096,558,5.0
IT-Udstyr Classic L #2376,236,2771,701,4.1
IT-Udstyr Classic XL #2377,366,3004,584,4.1
IT-Udstyr Classic XXL #2378,627,1869,490,5.8
IT-Udstyr Classic V1 #2379,599,1560,455,4.8
IT-Udstyr Classic V2 #2380,260,2720,521,6.5
IT-Udstyr Classic V3 #2381,600,2112,521,4.5
IT-Udstyr Classic MK2 #2382,349,1473,366,5.8
IT-Udstyr Classic MK3 #2383,647,3566,685,7.0
IT-Udstyr Classic Gen2 #2384,512,2228,575,4.1
IT-Udstyr Classic Gen3 #2385,624,1366,412,5.5
IT-Udstyr Classic Sort #2386,711,1211,309,7.1
IT-Udstyr Classic Hvid #2387,238,1581,460,5.9
IT-Udstyr Classic Blå #2388,274,3069,604,5.9
IT-Udstyr Classic Rød #2389,682,2566,529,7.0
IT-Udstyr Classic Grøn #2390,268,1921,442,6.5
IT-Udstyr Classic Grå #2391,721,2073,405,4.3
IT-Udstyr Modern Pro #2392,745,2903,648,5.2
IT-Udstyr Modern Plus #2393,272,3183,549,5.0
IT-Udstyr Modern Premium #2394,322,1127,407,3.9
IT-Udstyr Modern Standard #2395,488,3256,678,5.2
IT-Udstyr Modern Basic #2396,391,3408,674,4.9
IT-Udstyr Modern Deluxe #2397,464,1482,472,6.0
IT-Udstyr Modern Ultra #2398,184,2372,428,5.1
IT-Udstyr Modern Max #2399,228,1433,486,5.6
IT-Udstyr Modern Compact #2400,637,2060,444,6.6
IT-Udstyr Modern Mini #2401,138,2316,486,4.0
IT-Udstyr Modern XL #2402,654,3384,616,4.1
IT-Udstyr Modern S #2403,460,853,186,6.0
IT-Udstyr Modern M #2404,401,1846,391,5.0
IT-Udstyr Modern L #2405,458,2150,450,5.6
IT-Udstyr Modern XL #2406,616,3232,535,5.0
IT-Udstyr Modern XXL #2407,624,2215,574,5.6
IT-Udstyr Modern V1 #2408,366,3361,667,6.9
IT-Udstyr Modern V2 #2409,374,2753,507,7.2
IT-Udstyr Modern V3 #2410,533,3066,735,4.2
IT-Udstyr Modern MK2 #2411,241,2971,649,3.8
IT-Udstyr Modern MK3 #2412,563,1234,285,3.5
IT-Udstyr Modern Gen2 #2413,470,2298,436,4.9
IT-Udstyr Modern Gen3 #2414,188,2822,674,3.8
IT-Udstyr Modern Sort #2415,584,2125,592,5.9
IT-Udstyr Modern Hvid #2416,689,3095,673,6.2
IT-Udstyr Modern Blå #2417,139,3541,816,4.9
IT-Udstyr Modern Rød #2418,673,3089,518,3.6
IT-Udstyr Modern Grøn #2419,302,631,268,7.2
IT-Udstyr Modern Grå #2420,521,3016,714,5.9
IT-Udstyr Industri Pro #2421,694,2257,426,4.5
IT-Udstyr Industri Plus #2422,270,3450,756,6.8
IT-Udstyr Industri Premium #2423,353,1569,520,3.9
IT-Udstyr Industri Standard #2424,206,2681,475,5.1
IT-Udstyr Industri Basic #2425,704,909,216,4.5
IT-Udstyr Industri Deluxe #2426,145,1208,246,4.4
IT-Udstyr Industri Ultra #2427,191,1103,372,7.1
IT-Udstyr Industri Max #2428,421,783,364,4.2
IT-Udstyr Industri Compact #2429,637,667,314,5.5
IT-Udstyr Industri Mini #2430,355,1562,513,3.9
IT-Udstyr Industri XL #2431,740,1573,303,5.5
IT-Udstyr Industri S #2432,236,2538,587,7.2
IT-Udstyr Industri M #2433,637,1328,251,6.0
IT-Udstyr Industri L #2434,223,1437,308,6.8
IT-Udstyr Industri XL #2435,553,2615,550,7.2
IT-Udstyr Industri XXL #2436,519,2086,597,7.3
IT-Udstyr Industri V1 #2437,468,1768,457,5.2
IT-Udstyr Industri V2 #2438,368,3531,775,7.1
IT-Udstyr Industri V3 #2439,611,3085,719,4.0
IT-Udstyr Industri MK2 #2440,293,857,216,5.1
IT-Udstyr Industri MK3 #2441,292,1060,395,6.9
IT-Udstyr Industri Gen2 #2442,264,2121,400,7.2
IT-Udstyr Industri Gen3 #2443,337,1445,303,7.1
IT-Udstyr Industri Sort #2444,317,2475,543,6.4
IT-Udstyr Industri Hvid #2445,194,823,335,3.8
IT-Udstyr Industri Blå #2446,164,3039,738,5.0
IT-Udstyr Industri Rød #2447,565,1719,338,4.1
IT-Udstyr Industri Grøn #2448,597,3495,729,5.5
IT-Udstyr Industri Grå #2449,293,1152,281,6.0
IT-Udstyr Professionel Pro #2450,112,1104,355,4.9
IT-Udstyr Professionel Plus #2451,263,1749,435,6.2
IT-Udstyr Professionel Premium #2452,498,2352,553,5.6
IT-Udstyr Professionel Standard #2453,138,2191,573,4.3
IT-Udstyr Professionel Basic #2454,342,1960,476,6.4
IT-Udstyr Professionel Deluxe #2455,547,2173,598,6.9
IT-Udstyr Professionel Ultra #2456,561,1731,497,4.2
IT-Udstyr Professionel Max #2457,694,1539,527,5.5
IT-Udstyr Professionel Compact #2458,109,1917,500,4.4
IT-Udstyr Professionel Mini #2459,633,1771,518,4.7
IT-Udstyr Professionel XL #2460,676,3026,720,6.0
IT-Udstyr Professionel S #2461,460,2266,402,5.8
IT-Udstyr Professionel M #2462,671,2450,426,7.1
IT-Udstyr Professionel L #2463,543,1858,550,5.3
IT-Udstyr Professionel XL #2464,628,1018,307,6.0
IT-Udstyr Professionel XXL #2465,334,1103,444,6.4
IT-Udstyr Professionel V1 #2466,271,3240,624,6.5
IT-Udstyr Professionel V2 #2467,499,3218,690,6.6
IT-Udstyr Professionel V3 #2468,377,2071,416,6.1
IT-Udstyr Professionel MK2 #2469,525,1365,372,5.8
IT-Udstyr Professionel MK3 #2470,666,3015,556,5.1
IT-Udstyr Professionel Gen2 #2471,128,3147,752,4.6
IT-Udstyr Professionel Gen3 #2472,515,906,321,6.9
IT-Udstyr Professionel Sort #2473,164,3589,821,5.5
IT-Udstyr Professionel Hvid #2474,657,3396,687,4.2
IT-Udstyr Professionel Blå #2475,717,1742,517,7.3
IT-Udstyr Professionel Rød #2476,256,1734,373,4.8
IT-Udstyr Professionel Grøn #2477,542,1455,429,3.7
IT-Udstyr Professionel Grå #2478,260,3469,691,3.8
IT-Udstyr Commercial Pro #2479,551,3360,712,6.5
IT-Udstyr Commercial Plus #2480,723,1778,343,5.7
IT-Udstyr Commercial Premium #2481,384,1257,355,5.9
IT-Udstyr Commercial Standard #2482,196,782,407,4.0
IT-Udstyr Commercial Basic #2483,457,2439,426,5.9
IT-Udstyr Commercial Deluxe #2484,517,1987,506,5.5
IT-Udstyr Commercial Ultra #2485,648,1721,345,7.2
IT-Udstyr Commercial Max #2486,742,1554,456,3.5
IT-Udstyr Commercial Compact #2487,593,3583,804,5.3
IT-Udstyr Commercial Mini #2488,489,893,282,4.9
IT-Udstyr Commercial XL #2489,557,2777,511,6.9
IT-Udstyr Commercial S #2490,412,1114,339,6.0
IT-Udstyr Commercial M #2491,654,2779,661,3.7
IT-Udstyr Commercial L #2492,533,3123,588,4.7
IT-Udstyr Commercial XL #2493,356,763,241,6.2
IT-Udstyr Commercial XXL #2494,593,2623,679,5.8
IT-Udstyr Commercial V1 #2495,746,1630,406,3.5
IT-Udstyr Commercial V2 #2496,439,1358,423,3.9
IT-Udstyr Commercial V3 #2497,635,700,265,5.5
IT-Udstyr Commercial MK2 #2498,501,3020,664,6.1
IT-Udstyr Commercial MK3 #2499,139,1538,372,5.6
Emballage Model A Pro #1000,8806,51,204,5.4
Emballage Model A Plus #1001,12401,37,134,5.8
Emballage Model A Premium #1002,10827,24,129,6.8
Emballage Model A Standard #1003,10281,43,196,3.8
Emballage Model A Basic #1004,2726,11,272,5.0
Emballage Model A Deluxe #1005,5688,59,308,6.5
Emballage Model A Ultra #1006,7037,15,160,4.3
Emballage Model A Max #1007,2219,25,247,4.5
Emballage Model A Compact #1008,12209,27,141,6.3
Emballage Model A Mini #1009,7385,12,116,5.2
Emballage Model A XL #1010,6198,13,95,4.7
Emballage Model A S #1011,6452,24,180,4.9
Emballage Model A M #1012,4068,49,203,4.5
Emballage Model A L #1013,9960,31,167,7.4
Emballage Model A XL #1014,7908,27,197,4.7
Emballage Model A XXL #1015,1682,57,261,4.4
Emballage Model A V1 #1016,9840,58,99,4.8
Emballage Model A V2 #1017,5488,26,149,7.1
Emballage Model A V3 #1018,3728,28,248,3.7
Emballage Model A MK2 #1019,3858,33,131,7.4
Emballage Model A MK3 #1020,7169,37,86,6.8
Emballage Model A Gen2 #1021,11562,51,278,7.1
Emballage Model A Gen3 #1022,10031,12,281,3.9
Emballage Model A Sort #1023,11661,20,58,6.3
Emballage Model A Hvid #1024,3521,34,262,6.6
Emballage Model A Blå #1025,12083,38,82,4.7
Emballage Model A Rød #1026,11022,50,74,5.7
Emballage Model A Grøn #1027,4336,16,255,6.7
Emballage Model A Grå #1028,1814,18,80,6.9
Emballage Model B Pro #1029,8932,23,145,6.9
Emballage Model B Plus #1030,10324,38,92,6.2
Emballage Model B Premium #1031,4461,42,153,7.0
Emballage Model B Standard #1032,9733,11,185,6.0
Emballage Model B Basic #1033,9071,42,73,6.0
Emballage Model B Deluxe #1034,5821,31,251,4.8
Emballage Model B Ultra #1035,4628,30,138,5.3
Emballage Model B Max #1036,3948,19,174,4.6
Emballage Model B Compact #1037,9731,14,220,6.7
Emballage Model B Mini #1038,10849,27,218,7.3
Emballage Model B XL #1039,8114,23,211,5.8
Emballage Model B S #1040,6836,49,289,4.3
Emballage Model B M #1041,5943,40,212,4.6
Emballage Model B L #1042,1984,18,203,7.5
Emballage Model B XL #1043,3430,31,157,5.3
Emballage Model B XXL #1044,12441,49,275,5.1
Emballage Model B V1 #1045,6003,58,241,5.5
Emballage Model B V2 #1046,12331,14,82,4.7
Emballage Model B V3 #1047,8029,49,299,5.0
Emballage Model B MK2 #1048,6338,20,141,6.3
Emballage Model B MK3 #1049,7861,17,191,4.8
Emballage Model B Gen2 #1050,4820,59,198,5.4
Emballage Model B Gen3 #1051,3480,37,231,6.9
Emballage Model B Sort #1052,3551,36,234,3.8
Emballage Model B Hvid #1053,3143,55,202,4.3
Emballage Model B Blå #1054,2154,38,84,6.1
Emballage Model B Rød #1055,6021,24,214,6.9
Emballage Model B Grøn #1056,9725,35,298,5.4
Emballage Model B Grå #1057,12155,56,181,5.0
Emballage Model C Pro #1058,3025,25,55,4.9
Emballage Model C Plus #1059,2358,33,305,6.4
Emballage Model C Premium #1060,5696,15,71,6.4
Emballage Model C Standard #1061,7161,59,162,5.2
Emballage Model C Basic #1062,9550,44,241,6.8
Emballage Model C Deluxe #1063,2064,41,221,7.3
Emballage Model C Ultra #1064,7718,20,109,4.0
Emballage Model C Max #1065,6578,24,104,5.7
Emballage Model C Compact #1066,12252,49,127,5.1
Emballage Model C Mini #1067,7423,29,168,5.6
Emballage Model C XL #1068,6170,31,266,5.3
Emballage Model C S #1069,3135,35,106,5.2
Emballage Model C M #1070,3054,35,186,4.2
Emballage Model C L #1071,8945,23,254,3.8
Emballage Model C XL #1072,2102,30,146,4.3
Emballage Model C XXL #1073,6210,11,168,7.2
Emballage Model C V1 #1074,10878,47,172,4.8
Emballage Model C V2 #1075,10318,20,166,5.1
Emballage Model C V3 #1076,10116,56,124,6.3
Emballage Model C MK2 #1077,9227,28,168,4.1
Emballage Model C MK3 #1078,5537,10,116,4.9
Emballage Model C Gen2 #1079,4049,38,294,4.5
Emballage Model C Gen3 #1080,1612,44,246,4.5
Emballage Model C Sort #1081,7575,21,108,6.7
Emballage Model C Hvid #1082,8628,34,56,6.8
Emballage Model C Blå #1083,9488,26,295,7.0
Emballage Model C Rød #1084,4995,49,67,5.0
Emballage Model C Grøn #1085,10921,50,198,5.0
Emballage Model C Grå #1086,11238,45,129,4.4
Emballage Type 1 Pro #1087,11161,19,272,6.0
Emballage Type 1 Plus #1088,4354,10,112,7.2
Emballage Type 1 Premium #1089,10097,27,279,4.7
Emballage Type 1 Standard #1090,5388,30,160,7.2
Emballage Type 1 Basic #1091,9266,53,119,6.5
Emballage Type 1 Deluxe #1092,3900,31,112,5.4
Emballage Type 1 Ultra #1093,9565,31,289,6.0
Emballage Type 1 Max #1094,3482,17,254,6.9
Emballage Type 1 Compact #1095,3961,13,120,4.9
Emballage Type 1 Mini #1096,8355,38,216,4.3
Emballage Type 1 XL #1097,6153,58,135,7.1
Emballage Type 1 S #1098,9546,46,199,5.8
Emballage Type 1 M #1099,3178,46,293,6.8
Emballage Type 1 L #1100,8046,47,77,5.5
Emballage Type 1 XL #1101,11432,51,65,5.7
Emballage Type 1 XXL #1102,11607,27,164,5.0
Emballage Type 1 V1 #1103,5851,13,292,6.1
Emballage Type 1 V2 #1104,10914,33,103,4.4
Emballage Type 1 V3 #1105,3756,54,66,6.9
Emballage Type 1 MK2 #1106,8823,15,224,4.4
Emballage Type 1 MK3 #1107,3421,49,243,6.2
Emballage Type 1 Gen2 #1108,4899,36,162,7.0
Emballage Type 1 Gen3 #1109,9511,49,151,6.1
Emballage Type 1 Sort #1110,7793,57,245,3.7
Emballage Type 1 Hvid #1111,10711,24,104,5.4
Emballage Type 1 Blå #1112,3320,57,72,4.0
Emballage Type 1 Rød #1113,1526,20,59,4.9
Emballage Type 1 Grøn #1114,6457,32,135,5.0
Emballage Type 1 Grå #1115,8533,56,72,4.8
Emballage Type 2 Pro #1116,5064,42,101,7.3
Emballage Type 2 Plus #1117,3954,60,73,4.6
Emballage Type 2 Premium #1118,5947,41,244,7.3
Emballage Type 2 Standard #1119,8250,47,246,6.7
Emballage Type 2 Basic #1120,10061,20,97,4.3
Emballage Type 2 Deluxe #1121,4522,50,128,7.0
Emballage Type 2 Ultra #1122,9509,16,130,5.8
Emballage Type 2 Max #1123,3376,22,95,6.7
Emballage Type 2 Compact #1124,3586,18,192,5.2
Emballage Type 2 Mini #1125,7956,38,150,4.0
Emballage Type 2 XL #1126,5865,36,273,4.7
Emballage Type 2 S #1127,3559,10,88,7.2
Emballage Type 2 M #1128,5631,11,94,5.1
Emballage Type 2 L #1129,7166,33,297,5.0
Emballage Type 2 XL #1130,9777,19,201,5.4
Emballage Type 2 XXL #1131,2596,59,190,5.9
Emballage Type 2 V1 #1132,5264,45,224,4.6
Emballage Type 2 V2 #1133,1612,45,225,5.7
Emballage Type 2 V3 #1134,2976,18,191,5.0
Emballage Type 2 MK2 #1135,12189,43,284,4.7
Emballage Type 2 MK3 #1136,9101,54,98,5.1
Emballage Type 2 Gen2 #1137,8577,29,90,4.8
Emballage Type 2 Gen3 #1138,10402,41,188,3.9
Emballage Type 2 Sort #1139,6349,10,240,3.5
Emballage Type 2 Hvid #1140,4937,17,265,5.9
Emballage Type 2 Blå #1141,11001,26,145,4.6
Emballage Type 2 Rød #1142,3175,27,118,3.9
Emballage Type 2 Grøn #1143,3820,37,109,7.3
Emballage Type 2 Grå #1144,10836,35,189,5.4
Emballage Serie 100 Pro #1145,10155,25,257,7.4
Emballage Serie 100 Plus #1146,10063,20,111,5.2
Emballage Serie 100 Premium #1147,2005,56,296,6.1
Emballage Serie 100 Standard #1148,3317,53,162,7.3
Emballage Serie 100 Basic #1149,7534,44,173,6.7
Emballage Serie 100 Deluxe #1150,6182,11,190,6.9
Emballage Serie 100 Ultra #1151,1755,22,133,3.9
Emballage Serie 100 Max #1152,8246,55,139,4.1
Emballage Serie 100 Compact #1153,11292,28,90,5.0
Emballage Serie 100 Mini #1154,5555,36,203,7.1
Emballage Serie 100 XL #1155,5467,50,174,6.0
Emballage Serie 100 S #1156,7086,44,145,3.5
Emballage Serie 100 M #1157,8757,59,243,3.9
Emballage Serie 100 L #1158,2235,35,84,3.9
Emballage Serie 100 XL #1159,9480,51,81,3.7
Emballage Serie 100 XXL #1160,3967,50,220,6.8
Emballage Serie 100 V1 #1161,5496,36,72,7.1
Emballage Serie 100 V2 #1162,4108,49,204,4.8
Emballage Serie 100 V3 #1163,7341,54,93,4.7
Emballage Serie 100 MK2 #1164,2636,45,176,7.1
Emballage Serie 100 MK3 #1165,11877,46,216,4.5
Emballage Serie 100 Gen2 #1166,2631,42,306,6.5
Emballage Serie 100 Gen3 #1167,9309,18,54,3.7
Emballage Serie 100 Sort #1168,7317,59,166,4.5
Emballage Serie 100 Hvid #1169,7958,53,276,4.4
Emballage Serie 100 Blå #1170,4510,27,299,5.7
Emballage Serie 100 Rød #1171,10785,46,186,4.2
Emballage Serie 100 Grøn #1172,4999,51,164,6.1
Emballage Serie 100 Grå #1173,11364,56,116,4.0
Emballage Serie 200 Pro #1174,7849,15,98,7.2
Emballage Serie 200 Plus #1175,3535,60,149,5.9
Emballage Serie 200 Premium #1176,7651,31,92,6.0
Emballage Serie 200 Standard #1177,7465,48,161,6.2
Emballage Serie 200 Basic #1178,3048,30,246,6.3
Emballage Serie 200 Deluxe #1179,7637,28,274,5.9
Emballage Serie 200 Ultra #1180,10525,48,126,7.1
Emballage Serie 200 Max #1181,11197,10,200,6.3
Emballage Serie 200 Compact #1182,12250,14,255,4.3
Emballage Serie 200 Mini #1183,5810,38,90,7.5
Emballage Serie 200 XL #1184,11427,14,282,4.7
Emballage Serie 200 S #1185,7398,23,105,4.2
Emballage Serie 200 M #1186,11007,29,83,5.1
Emballage Serie 200 L #1187,10794,42,131,6.3
Emballage Serie 200 XL #1188,8322,45,179,3.7
Emballage Serie 200 XXL #1189,7680,21,191,4.3
Emballage Serie 200 V1 #1190,1774,23,212,5.9
Emballage Serie 200 V2 #1191,2784,52,140,4.4
Emballage Serie 200 V3 #1192,4248,29,227,4.9
Emballage Serie 200 MK2 #1193,3230,26,166,3.7
Emballage Serie 200 MK3 #1194,2492,13,236,3.8
Emballage Serie 200 Gen2 #1195,8655,53,256,5.8
Emballage Serie 200 Gen3 #1196,5901,30,222,6.6
Emballage Serie 200 Sort #1197,5452,11,288,3.5
Emballage Serie 200 Hvid #1198,8500,41,113,4.8
Emballage Serie 200 Blå #1199,1759,15,97,3.6
Emballage Serie 200 Rød #1200,8299,41,151,6.0
Emballage Serie 200 Grøn #1201,6327,27,288,5.0
Emballage Serie 200 Grå #1202,6482,38,274,4.9
Emballage Edition Pro #1203,3087,23,245,5.0
Emballage Edition Plus #1204,5185,56,113,6.8
Emballage Edition Premium #1205,5176,23,295,7.0
Emballage Edition Standard #1206,11344,47,118,7.0
Emballage Edition Basic #1207,6106,46,300,6.4
Emballage Edition Deluxe #1208,4686,21,198,4.6
Emballage Edition Ultra #1209,2170,14,275,5.8
Emballage Edition Max #1210,12424,42,228,4.8
Emballage Edition Compact #1211,3538,27,239,5.3
Emballage Edition Mini #1212,11629,14,156,3.9
Emballage Edition XL #1213,4508,27,57,4.1
Emballage Edition S #1214,8118,51,144,4.1
Emballage Edition M #1215,8238,38,217,7.0
Emballage Edition L #1216,8023,11,214,7.4
Emballage Edition XL #1217,9759,39,181,5.4
Emballage Edition XXL #1218,10653,17,190,6.3
Emballage Edition V1 #1219,4841,52,162,6.8
Emballage Edition V2 #1220,9641,26,254,5.9
Emballage Edition V3 #1221,4308,27,167,4.8
Emballage Edition MK2 #1222,4717,33,89,5.7
Emballage Edition MK3 #1223,3115,16,185,3.7
Emballage Edition Gen2 #1224,6518,52,147,6.4
Emballage Edition Gen3 #1225,6304,38,108,4.7
Emballage Edition Sort #1226,6416,40,191,4.7
Emballage Edition Hvid #1227,11218,31,145,5.3
Emballage Edition Blå #1228,9351,14,200,7.0
Emballage Edition Rød #1229,6914,16,178,5.9
Emballage Edition Grøn #1230,3464,11,302,5.5
Emballage Edition Grå #1231,7520,29,75,6.5
Emballage Classic Pro #1232,4376,55,292,6.3
Emballage Classic Plus #1233,5894,44,224,6.0
Emballage Classic Premium #1234,11932,40,195,7.5
Emballage Classic Standard #1235,3663,49,282,4.5
Emballage Classic Basic #1236,6533,50,104,4.6
Emballage Classic Deluxe #1237,1542,38,156,3.9
Emballage Classic Ultra #1238,12263,31,136,5.7
Emballage Classic Max #1239,2333,14,82,7.4
Emballage Classic Compact #1240,5656,53,294,5.2
Emballage Classic Mini #1241,4288,41,266,6.0
Emballage Classic XL #1242,7544,40,161,6.7
Emballage Classic S #1243,8146,24,289,6.1
Emballage Classic M #1244,3317,24,257,4.6
Emballage Classic L #1245,4149,57,87,6.2
Emballage Classic XL #1246,11353,34,206,6.6
Emballage Classic XXL #1247,11588,41,201,7.0
Emballage Classic V1 #1248,2298,22,169,4.0
Emballage Classic V2 #1249,7350,26,182,6.5
Emballage Classic V3 #1250,7447,28,263,6.0
Emballage Classic MK2 #1251,2713,59,98,4.1
Emballage Classic MK3 #1252,1649,56,93,6.6
Emballage Classic Gen2 #1253,6405,18,249,4.9
Emballage Classic Gen3 #1254,7205,52,240,4.6
Emballage Classic Sort #1255,5690,19,242,4.6
Emballage Classic Hvid #1256,9362,41,206,7.5
Emballage Classic Blå #1257,8799,38,173,6.5
Emballage Classic Rød #1258,2466,16,203,4.8
Emballage Classic Grøn #1259,3702,27,75,5.8
Emballage Classic Grå #1260,10190,18,297,4.4
Emballage Modern Pro #1261,3104,17,245,7.0
Emballage Modern Plus #1262,6184,12,229,4.3
Emballage Modern Premium #1263,6242,39,191,6.0
Emballage Modern Standard #1264,5236,21,93,6.4
Emballage Modern Basic #1265,11123,27,276,4.3
Emballage Modern Deluxe #1266,5869,43,267,4.8
Emballage Modern Ultra #1267,7317,51,80,7.0
Emballage Modern Max #1268,3709,13,276,6.7
Emballage Modern Compact #1269,7625,43,64,6.7
Emballage Modern Mini #1270,4471,40,112,6.1
Emballage Modern XL #1271,3653,44,237,5.9
Emballage Modern S #1272,7378,31,304,6.8
Emballage Modern M #1273,2651,21,164,6.2
Emballage Modern L #1274,9617,51,294,5.5
Emballage Modern XL #1275,3452,41,231,5.3
Emballage Modern XXL #1276,9998,56,307,3.9
Emballage Modern V1 #1277,3983,24,83,4.5
Emballage Modern V2 #1278,6125,27,231,4.0
Emballage Modern V3 #1279,10575,54,168,4.6
Emballage Modern MK2 #1280,3591,45,136,5.5
Emballage Modern MK3 #1281,5809,20,190,5.7
Emballage Modern Gen2 #1282,7806,55,176,3.9
Emballage Modern Gen3 #1283,7685,43,258,4.3
Emballage Modern Sort #1284,1922,11,272,6.1
Emballage Modern Hvid #1285,3541,31,216,5.8
Emballage Modern Blå #1286,10170,32,122,6.7
Emballage Modern Rød #1287,10186,40,281,6.5
Emballage Modern Grøn #1288,1827,45,89,5.1
Emballage Modern Grå #1289,11206,32,125,4.5
Emballage Industri Pro #1290,1973,14,270,4.9
Emballage Industri Plus #1291,3214,28,220,6.5
Emballage Industri Premium #1292,12417,13,275,6.9
Emballage Industri Standard #1293,1765,59,279,6.3
Emballage Industri Basic #1294,2139,25,215,6.9
Emballage Industri Deluxe #1295,3365,57,255,3.9
Emballage Industri Ultra #1296,10468,53,257,5.4
Emballage Industri Max #1297,3918,35,128,5.7
Emballage Industri Compact #1298,9636,59,307,5.9
Emballage Industri Mini #1299,8779,34,107,5.0
Emballage Industri XL #1300,6415,58,266,7.4
Emballage Industri S #1301,2650,35,222,5.2
Emballage Industri M #1302,3733,24,283,7.5
Emballage Industri L #1303,10019,56,108,5.1
Emballage Industri XL #1304,6092,37,176,5.7
Emballage Industri XXL #1305,1681,14,230,4.1
Emballage Industri V1 #1306,6448,43,277,4.9
Emballage Industri V2 #1307,2052,56,193,6.6
Emballage Industri V3 #1308,4224,12,81,6.7
Emballage Industri MK2 #1309,4712,31,114,5.8
Emballage Industri MK3 #1310,4608,27,267,6.3
Emballage Industri Gen2 #1311,7439,25,74,5.8
Emballage Industri Gen3 #1312,4559,48,305,4.1
Emballage Industri Sort #1313,4113,49,304,3.8
Emballage Industri Hvid #1314,5653,54,192,7.3
Emballage Industri Blå #1315,5124,39,127,5.1
Emballage Industri Rød #1316,10449,16,87,5.4
Emballage Industri Grøn #1317,9322,16,150,3.6
Emballage Industri Grå #1318,8707,46,297,7.4
Emballage Professionel Pro #1319,6372,33,277,4.1
Emballage Professionel Plus #1320,7705,58,157,3.9
Emballage Professionel Premium #1321,2165,14,89,6.2
Emballage Professionel Standard #1322,10217,36,192,4.0
Emballage Professionel Basic #1323,8400,23,210,5.7
Emballage Professionel Deluxe #1324,6079,24,256,4.4
Emballage Professionel Ultra #1325,1624,59,139,5.0
Emballage Professionel Max #1326,6375,52,233,5.1
Emballage Professionel Compact #1327,8614,44,112,5.5
Emballage Professionel Mini #1328,9089,60,139,7.4
Emballage Professionel XL #1329,3504,26,285,5.0
Emballage Professionel S #1330,6891,40,272,6.3
Emballage Professionel M #1331,6592,34,105,4.1
Emballage Professionel L #1332,4926,45,231,6.6
Emballage Professionel XL #1333,4284,52,171,4.0
Emballage Professionel XXL #1334,6319,27,241,6.4
Emballage Professionel V1 #1335,2388,30,166,4.6
Emballage Professionel V2 #1336,7181,56,70,4.2
Emballage Professionel V3 #1337,5123,52,173,5.6
Emballage Professionel MK2 #1338,4719,23,235,3.8
Emballage Professionel MK3 #1339,7489,18,180,4.8
Emballage Professionel Gen2 #1340,11966,38,179,4.4
Emballage Professionel Gen3 #1341,8326,30,206,5.4
Emballage Professionel Sort #1342,6046,32,173,5.9
Emballage Professionel Hvid #1343,10022,53,63,4.3
Emballage Professionel Blå #1344,11384,43,165,4.1
Emballage Professionel Rød #1345,11616,16,240,3.9
Emballage Professionel Grøn #1346,8793,60,203,5.6
Emballage Professionel Grå #1347,11431,11,179,4.8
Emballage Commercial Pro #1348,6784,16,218,6.9
Emballage Commercial Plus #1349,5927,34,284,7.3
Emballage Commercial Premium #1350,3626,31,194,4.3
Emballage Commercial Standard #1351,3687,24,223,6.9
Emballage Commercial Basic #1352,6260,54,246,7.0
Emballage Commercial Deluxe #1353,10263,38,58,5.9
Emballage Commercial Ultra #1354,12187,56,68,6.1
Emballage Commercial Max #1355,5150,12,262,6.7
Emballage Commercial Compact #1356,2814,59,293,6.7
Emballage Commercial Mini #1357,3103,20,266,5.2
Emballage Commercial XL #1358,1583,56,101,5.8
Emballage Commercial S #1359,2679,58,191,5.6
Emballage Commercial M #1360,10425,37,242,7.2
Emballage Commercial L #1361,4282,43,248,4.6
Emballage Commercial XL #1362,1715,59,284,4.4
Emballage Commercial XXL #1363,6785,30,124,4.2
Emballage Commercial V1 #1364,3629,30,220,6.7
Emballage Commercial V2 #1365,4470,42,108,6.2
Emballage Commercial V3 #1366,8217,28,58,5.8
Emballage Commercial MK2 #1367,7620,33,72,4.6
Emballage Commercial MK3 #1368,4603,31,63,4.8
Emballage Commercial Gen2 #1369,3242,60,94,5.6
Emballage Commercial Gen3 #1370,7868,43,138,5.7
Emballage Commercial Sort #1371,9648,36,91,5.0
Emballage Commercial Hvid #1372,4586,21,107,7.3
Emballage Commercial Blå #1373,1553,39,160,5.0
Emballage Commercial Rød #1374,4906,26,244,6.8
Emballage Commercial Grøn #1375,5257,25,68,7.5
Emballage Commercial Grå #1376,5389,54,186,5.1
Emballage Model A Pro #1377,7911,51,272,3.8
Emballage Model A Plus #1378,6039,53,124,4.8
Emballage Model A Premium #1379,11256,18,162,7.5
Emballage Model A Standard #1380,11809,25,277,5.9
Emballage Model A Basic #1381,10471,47,105,6.0
Emballage Model A Deluxe #1382,5150,36,61,5.7
Emballage Model A Ultra #1383,2275,47,89,5.8
Emballage Model A Max #1384,3025,43,156,7.3
Emballage Model A Compact #1385,8143,17,167,7.2
Emballage Model A Mini #1386,12078,54,63,5.6
Emballage Model A XL #1387,10203,48,101,7.4
Emballage Model A S #1388,4843,39,160,4.7
Emballage Model A M #1389,4243,46,260,4.8
Emballage Model A L #1390,11928,18,98,6.8
Emballage Model A XL #1391,2890,40,192,3.9
Emballage Model A XXL #1392,6729,31,194,5.6
Emballage Model A V1 #1393,9747,35,112,7.4
Emballage Model A V2 #1394,3790,55,115,7.0
Emballage Model A V3 #1395,6494,31,266,6.5
Emballage Model A MK2 #1396,2117,50,82,4.8
Emballage Model A MK3 #1397,3372,47,62,4.5
Emballage Model A Gen2 #1398,5956,18,76,5.3
Emballage Model A Gen3 #1399,9412,29,288,5.4
Emballage Model A Sort #1400,8464,47,168,4.7
Emballage Model A Hvid #1401,11290,52,90,5.8
Emballage Model A Blå #1402,5948,12,267,6.8
Emballage Model A Rød #1403,5714,14,247,5.8
Emballage Model A Grøn #1404,6026,34,280,4.6
Emballage Model A Grå #1405,10759,30,152,6.0
Emballage Model B Pro #1406,9186,50,286,7.0
Emballage Model B Plus #1407,3671,39,56,3.5
Emballage Model B Premium #1408,2114,51,147,6.3
Emballage Model B Standard #1409,6350,49,164,5.0
Emballage Model B Basic #1410,3036,15,134,6.7
Emballage Model B Deluxe #1411,10261,15,264,4.1
Emballage Model B Ultra #1412,4822,13,84,3.9
Emballage Model B Max #1413,9406,27,206,6.8
Emballage Model B Compact #1414,11233,58,285,4.1
Emballage Model B Mini #1415,4689,14,253,5.4
Emballage Model B XL #1416,8145,55,239,3.9
Emballage Model B S #1417,5194,19,74,4.3
Emballage Model B M #1418,4725,21,249,6.3
Emballage Model B L #1419,5190,32,298,5.8
Emballage Model B XL #1420,6862,30,138,7.0
Emballage Model B XXL #1421,5862,59,265,6.8
Emballage Model B V1 #1422,2180,50,116,4.6
Emballage Model B V2 #1423,9009,50,124,6.1
Emballage Model B V3 #1424,6444,55,102,7.0
Emballage Model B MK2 #1425,10924,44,57,6.0
Emballage Model B MK3 #1426,4493,29,283,6.4
Emballage Model B Gen2 #1427,6148,24,197,7.4
Emballage Model B Gen3 #1428,9386,33,63,4.6
Emballage Model B Sort #1429,10157,50,150,6.0
Emballage Model B Hvid #1430,3598,36,179,5.1
Emballage Model B Blå #1431,7506,35,161,4.0
Emballage Model B Rød #1432,2615,54,64,4.3
Emballage Model B Grøn #1433,6478,55,87,3.7
Emballage Model B Grå #1434,3210,14,145,3.6
Emballage Model C Pro #1435,10298,46,195,7.2
Emballage Model C Plus #1436,3207,25,224,7.0
Emballage Model C Premium #1437,11721,54,68,3.8
Emballage Model C Standard #1438,7119,34,274,6.8
Emballage Model C Basic #1439,12342,42,198,5.0
Emballage Model C Deluxe #1440,10886,32,161,4.5
Emballage Model C Ultra #1441,7815,56,277,5.9
Emballage Model C Max #1442,3273,44,159,4.6
Emballage Model C Compact #1443,1672,31,149,6.0
Emballage Model C Mini #1444,4586,28,237,5.2
Emballage Model C XL #1445,5670,20,160,5.2
Emballage Model C S #1446,10527,38,266,6.4
Emballage Model C M #1447,10773,49,204,5.2
Emballage Model C L #1448,1967,42,231,7.5
Emballage Model C XL #1449,3630,44,250,6.5
Emballage Model C XXL #1450,3638,33,233,4.7
Emballage Model C V1 #1451,10311,15,264,7.2
Emballage Model C V2 #1452,11982,39,92,6.0
Emballage Model C V3 #1453,7221,14,123,3.6
Emballage Model C MK2 #1454,10740,36,55,6.3
Emballage Model C MK3 #1455,7331,41,184,5.4
Emballage Model C Gen2 #1456,10092,32,193,7.2
Emballage Model C Gen3 #1457,11318,17,91,7.4
Emballage Model C Sort #1458,9437,59,90,5.2
Emballage Model C Hvid #1459,6990,33,204,6.5
Emballage Model C Blå #1460,3991,37,252,4.2
Emballage Model C Rød #1461,2147,51,97,3.9
Emballage Model C Grøn #1462,7714,23,195,5.4
Emballage Model C Grå #1463,10174,32,290,5.3
Emballage Type 1 Pro #1464,3608,36,145,5.5
Emballage Type 1 Plus #1465,10084,18,260,7.2
Emballage Type 1 Premium #1466,7157,57,163,5.6
Emballage Type 1 Standard #1467,9624,24,291,6.8
Emballage Type 1 Basic #1468,2543,18,175,5.4
Emballage Type 1 Deluxe #1469,7648,52,241,6.8
Emballage Type 1 Ultra #1470,6856,47,291,6.0
Emballage Type 1 Max #1471,5899,51,293,5.5
Emballage Type 1 Compact #1472,2701,38,199,4.2
Emballage Type 1 Mini #1473,5584,49,248,7.1
Emballage Type 1 XL #1474,8747,25,215,6.5
Emballage Type 1 S #1475,11897,23,237,3.9
Emballage Type 1 M #1476,8455,20,248,4.3
Emballage Type 1 L #1477,11155,45,105,6.5
Emballage Type 1 XL #1478,10017,14,97,6.5
Emballage Type 1 XXL #1479,6883,52,78,6.8
Emballage Type 1 V1 #1480,3649,51,119,5.0
Emballage Type 1 V2 #1481,8195,28,271,5.3
Emballage Type 1 V3 #1482,6689,50,62,5.1
Emballage Type 1 MK2 #1483,10654,43,141,7.1
Emballage Type 1 MK3 #1484,5390,33,253,4.2
Emballage Type 1 Gen2 #1485,10469,37,216,3.7
Emballage Type 1 Gen3 #1486,5484,43,107,6.1
Emballage Type 1 Sort #1487,10838,39,187,6.3
Emballage Type 1 Hvid #1488,4501,35,216,5.7
Emballage Type 1 Blå #1489,8482,12,132,7.5
Emballage Type 1 Rød #1490,8783,20,260,6.2
Emballage Type 1 Grøn #1491,2069,58,147,5.1
Emballage Type 1 Grå #1492,10395,38,238,5.6
Emballage Type 2 Pro #1493,6112,33,267,5.7
Emballage Type 2 Plus #1494,2949,22,100,7.1
Emballage Type 2 Premium #1495,8019,26,239,3.7
Emballage Type 2 Standard #1496,10706,51,147,7.1
Emballage Type 2 Basic #1497,6472,22,232,3.6
Emballage Type 2 Deluxe #1498,10850,50,154,6.9
Emballage Type 2 Ultra #1499,2537,15,262,5.5
Emballage Type 2 Max #1500,5947,43,280,3.7
Emballage Type 2 Compact #1501,2856,33,68,4.3
Emballage Type 2 Mini #1502,3244,27,173,4.5
Emballage Type 2 XL #1503,5353,52,195,5.9
Emballage Type 2 S #1504,6040,31,284,3.6
Emballage Type 2 M #1505,6332,31,159,4.7
Emballage Type 2 L #1506,10544,39,87,6.6
Emballage Type 2 XL #1507,11250,28,188,5.4
Emballage Type 2 XXL #1508,6929,45,173,3.7
Emballage Type 2 V1 #1509,5813,13,52,7.1
Emballage Type 2 V2 #1510,9269,13,264,5.6
Emballage Type 2 V3 #1511,2149,28,76,5.7
Emballage Type 2 MK2 #1512,4288,47,302,5.8
Emballage Type 2 MK3 #1513,7228,52,204,3.8
Emballage Type 2 Gen2 #1514,8135,27,229,5.0
Emballage Type 2 Gen3 #1515,7649,58,172,4.6
Emballage Type 2 Sort #1516,10034,58,134,4.3
Emballage Type 2 Hvid #1517,5927,44,92,7.0
Emballage Type 2 Blå #1518,12423,27,150,5.4
Emballage Type 2 Rød #1519,3249,52,141,6.5
Emballage Type 2 Grøn #1520,4573,40,68,5.5
Emballage Type 2 Grå #1521,3041,27,137,7.1
Emballage Serie 100 Pro #1522,6625,29,267,5.5
Emballage Serie 100 Plus #1523,8408,38,174,5.1
Emballage Serie 100 Premium #1524,10430,59,78,4.3
Emballage Serie 100 Standard #1525,9747,48,103,7.1
Emballage Serie 100 Basic #1526,7290,37,102,4.9
Emballage Serie 100 Deluxe #1527,5020,23,125,7.2
Emballage Serie 100 Ultra #1528,7830,38,73,5.8
Emballage Serie 100 Max #1529,1640,42,70,4.9
Emballage Serie 100 Compact #1530,4992,48,292,5.7
Emballage Serie 100 Mini #1531,8314,25,283,5.5
Emballage Serie 100 XL #1532,3407,43,136,6.6
Emballage Serie 100 S #1533,7030,42,155,3.9
Emballage Serie 100 M #1534,11523,55,218,4.0
Emballage Serie 100 L #1535,8067,45,63,5.3
Emballage Serie 100 XL #1536,6548,45,305,6.0
Emballage Serie 100 XXL #1537,9368,48,263,6.2
Emballage Serie 100 V1 #1538,1786,17,263,6.9
Emballage Serie 100 V2 #1539,6698,28,204,6.8
Emballage Serie 100 V3 #1540,8849,19,70,7.0
Emballage Serie 100 MK2 #1541,8242,25,255,5.7
Emballage Serie 100 MK3 #1542,6859,22,219,6.5
Emballage Serie 100 Gen2 #1543,12456,52,183,6.6
Emballage Serie 100 Gen3 #1544,4084,48,108,7.2
Emballage Serie 100 Sort #1545,7896,34,248,6.1
Emballage Serie 100 Hvid #1546,3352,38,196,5.2
Emballage Serie 100 Blå #1547,12398,38,138,7.4
Emballage Serie 100 Rød #1548,4031,47,171,7.1
Emballage Serie 100 Grøn #1549,1848,36,258,7.3
Emballage Serie 100 Grå #1550,12218,58,132,7.0
Emballage Serie 200 Pro #1551,4949,48,58,4.8
Emballage Serie 200 Plus #1552,7214,19,133,5.1
Emballage Serie 200 Premium #1553,8258,13,153,7.4
Emballage Serie 200 Standard #1554,1849,32,274,6.7
Emballage Serie 200 Basic #1555,3451,42,213,4.9
Emballage Serie 200 Deluxe #1556,3289,24,176,6.5
Emballage Serie 200 Ultra #1557,5809,12,218,5.2
Emballage Serie 200 Max #1558,7164,32,205,4.7
Emballage Serie 200 Compact #1559,4804,10,68,3.6
Emballage Serie 200 Mini #1560,8526,43,125,6.8
Emballage Serie 200 XL #1561,9147,20,255,4.3
Emballage Serie 200 S #1562,1660,42,188,5.7
Emballage Serie 200 M #1563,2210,30,114,7.3
Emballage Serie 200 L #1564,10772,45,85,3.6
Emballage Serie 200 XL #1565,2027,26,146,5.7
Emballage Serie 200 XXL #1566,4716,14,175,4.2
Emballage Serie 200 V1 #1567,6498,32,104,6.5
Emballage Serie 200 V2 #1568,8085,45,228,7.4
Emballage Serie 200 V3 #1569,9525,49,130,6.4
Emballage Serie 200 MK2 #1570,7255,25,138,6.8
Emballage Serie 200 MK3 #1571,3505,46,132,3.6
Emballage Serie 200 Gen2 #1572,8605,22,126,3.9
Emballage Serie 200 Gen3 #1573,6705,16,191,6.9
Emballage Serie 200 Sort #1574,8000,39,112,6.5
Emballage Serie 200 Hvid #1575,10382,43,158,4.0
Emballage Serie 200 Blå #1576,4041,30,186,3.8
Emballage Serie 200 Rød #1577,11489,34,287,4.6
Emballage Serie 200 Grøn #1578,7490,30,90,4.0
Emballage Serie 200 Grå #1579,10424,45,158,7.1
Emballage Edition Pro #1580,3245,31,229,7.5
Emballage Edition Plus #1581,10578,42,60,4.1
Emballage Edition Premium #1582,8344,13,118,5.2
Emballage Edition Standard #1583,3609,52,81,3.6
Emballage Edition Basic #1584,1580,55,227,6.7
Emballage Edition Deluxe #1585,10191,14,288,5.2
Emballage Edition Ultra #1586,11915,49,253,5.9
Emballage Edition Max #1587,10455,34,232,6.4
Emballage Edition Compact #1588,4615,57,282,5.9
Emballage Edition Mini #1589,9301,53,157,6.2
Emballage Edition XL #1590,10788,33,262,5.8
Emballage Edition S #1591,2150,31,99,4.7
Emballage Edition M #1592,4121,17,207,6.1
Emballage Edition L #1593,9936,45,139,5.9
Emballage Edition XL #1594,6005,48,74,7.0
Emballage Edition XXL #1595,12102,28,100,5.2
Emballage Edition V1 #1596,10704,38,78,5.3
Emballage Edition V2 #1597,11469,19,75,4.2
Emballage Edition V3 #1598,3924,15,66,7.0
Emballage Edition MK2 #1599,10745,36,214,5.2
Emballage Edition MK3 #1600,5555,52,220,5.8
Emballage Edition Gen2 #1601,1863,54,189,6.8
Emballage Edition Gen3 #1602,7406,10,230,6.1
Emballage Edition Sort #1603,10204,27,242,5.6
Emballage Edition Hvid #1604,12457,51,157,6.9
Emballage Edition Blå #1605,12281,21,113,6.4
Emballage Edition Rød #1606,6224,20,58,6.6
Emballage Edition Grøn #1607,2455,15,183,3.7
Emballage Edition Grå #1608,2129,21,202,5.1
Emballage Classic Pro #1609,4906,52,106,5.6
Emballage Classic Plus #1610,8125,25,80,7.1
Emballage Classic Premium #1611,10583,38,56,5.9
Emballage Classic Standard #1612,9809,24,127,5.6
Emballage Classic Basic #1613,3313,22,57,6.5
Emballage Classic Deluxe #1614,6452,60,249,3.7
Emballage Classic Ultra #1615,6727,46,74,7.2
Emballage Classic Max #1616,3767,54,149,4.3
Emballage Classic Compact #1617,5776,14,215,4.8
Emballage Classic Mini #1618,10698,17,122,6.5
Emballage Classic XL #1619,3398,14,240,4.5
Emballage Classic S #1620,4658,23,210,5.8
Emballage Classic M #1621,2645,42,207,3.9
Emballage Classic L #1622,12219,11,250,6.1
Emballage Classic XL #1623,8650,33,239,3.9
Emballage Classic XXL #1624,2048,28,184,5.2
Emballage Classic V1 #1625,6144,54,216,6.2
Emballage Classic V2 #1626,3185,43,273,5.5
Emballage Classic V3 #1627,6809,50,160,6.9
Emballage Classic MK2 #1628,2407,35,280,5.3
Emballage Classic MK3 #1629,7127,42,216,6.5
Emballage Classic Gen2 #1630,2328,30,88,5.3
Emballage Classic Gen3 #1631,9093,24,283,4.3
Emballage Classic Sort #1632,6589,13,283,7.2
Emballage Classic Hvid #1633,10866,46,293,7.0
Emballage Classic Blå #1634,5692,37,253,4.2
Emballage Classic Rød #1635,1605,14,297,5.2
Emballage Classic Grøn #1636,11410,37,232,4.0
Emballage Classic Grå #1637,3593,18,119,7.1
Emballage Modern Pro #1638,4361,25,210,5.6
Emballage Modern Plus #1639,5176,18,270,4.8
Emballage Modern Premium #1640,4556,21,244,7.1
Emballage Modern Standard #1641,6640,50,176,3.6
Emballage Modern Basic #1642,5098,54,201,4.2
Emballage Modern Deluxe #1643,4114,15,148,4.6
Emballage Modern Ultra #1644,3352,39,243,6.9
Emballage Modern Max #1645,9789,11,154,4.2
Emballage Modern Compact #1646,11313,20,177,5.2
Emballage Modern Mini #1647,1724,59,75,4.1
Emballage Modern XL #1648,3465,43,140,4.0
Emballage Modern S #1649,4443,23,139,6.9
Emballage Modern M #1650,4178,43,133,6.8
Emballage Modern L #1651,5110,36,163,7.4
Emballage Modern XL #1652,11349,45,177,7.3
Emballage Modern XXL #1653,7441,14,290,7.3
Emballage Modern V1 #1654,9139,56,304,5.4
Emballage Modern V2 #1655,8572,50,218,4.3
Emballage Modern V3 #1656,7964,46,107,6.5
Emballage Modern MK2 #1657,10978,37,75,4.5
Emballage Modern MK3 #1658,2061,24,262,6.6
Emballage Modern Gen2 #1659,12408,43,190,6.3
Emballage Modern Gen3 #1660,4510,26,190,7.2
Emballage Modern Sort #1661,6249,32,151,4.9
Emballage Modern Hvid #1662,10698,25,86,4.4
Emballage Modern Blå #1663,5500,36,194,5.0
Emballage Modern Rød #1664,1886,34,251,4.3
Emballage Modern Grøn #1665,10886,27,204,6.1
Emballage Modern Grå #1666,3111,28,167,6.2
Emballage Industri Pro #1667,12106,19,213,4.9
Emballage Industri Plus #1668,6184,46,147,7.3
Emballage Industri Premium #1669,5492,48,58,4.0
Emballage Industri Standard #1670,7633,47,202,4.0
Emballage Industri Basic #1671,9755,33,179,7.2
Emballage Industri Deluxe #1672,9082,23,215,5.1
Emballage Industri Ultra #1673,7231,59,293,5.9
Emballage Industri Max #1674,7982,60,291,3.6
Emballage Industri Compact #1675,6832,37,222,5.6
Emballage Industri Mini #1676,11240,40,151,5.9
Emballage Industri XL #1677,4719,23,191,5.8
Emballage Industri S #1678,6265,32,296,3.8
Emballage Industri M #1679,9929,12,82,5.9
Emballage Industri L #1680,9231,29,174,7.1
Emballage Industri XL #1681,4824,33,98,5.9
Emballage Industri XXL #1682,9377,46,108,3.5
Emballage Industri V1 #1683,2043,50,70,6.3
Emballage Industri V2 #1684,3620,31,226,7.2
Emballage Industri V3 #1685,6011,11,114,7.2
Emballage Industri MK2 #1686,5839,46,238,7.1
Emballage Industri MK3 #1687,9064,28,93,6.2
Emballage Industri Gen2 #1688,8077,28,295,7.0
Emballage Industri Gen3 #1689,7940,48,146,5.3
Emballage Industri Sort #1690,8901,58,108,7.3
Emballage Industri Hvid #1691,9984,42,109,5.1
Emballage Industri Blå #1692,10320,53,281,3.8
Emballage Industri Rød #1693,2107,59,232,5.3
Emballage Industri Grøn #1694,2697,41,257,7.4
Emballage Industri Grå #1695,5862,52,149,4.7
Emballage Professionel Pro #1696,8470,37,76,7.4
Emballage Professionel Plus #1697,1841,53,122,5.9
Emballage Professionel Premium #1698,6174,49,94,6.4
Emballage Professionel Standard #1699,4953,47,223,4.7
Emballage Professionel Basic #1700,3475,45,93,4.4
Emballage Professionel Deluxe #1701,8801,51,66,6.9
Emballage Professionel Ultra #1702,7284,55,143,5.4
Emballage Professionel Max #1703,1645,31,190,3.8
Emballage Professionel Compact #1704,7761,49,211,7.5
Emballage Professionel Mini #1705,8275,29,175,7.3
Emballage Professionel XL #1706,6936,39,269,4.1
Emballage Professionel S #1707,6789,34,114,4.7
Emballage Professionel M #1708,4449,44,282,6.0
Emballage Professionel L #1709,3244,22,146,4.8
Emballage Professionel XL #1710,3753,33,298,6.0
Emballage Professionel XXL #1711,11758,30,216,3.8
Emballage Professionel V1 #1712,8833,28,265,5.0
Emballage Professionel V2 #1713,3950,55,136,4.0
Emballage Professionel V3 #1714,4208,42,262,7.1
Emballage Professionel MK2 #1715,12142,36,305,3.8
Emballage Professionel MK3 #1716,6541,48,124,5.9
Emballage Professionel Gen2 #1717,7136,54,207,5.8
Emballage Professionel Gen3 #1718,10573,29,263,5.6
Emballage Professionel Sort #1719,4180,25,116,7.5
Emballage Professionel Hvid #1720,3112,13,277,3.9
Emballage Professionel Blå #1721,4875,19,70,6.0
Emballage Professionel Rød #1722,2101,24,91,3.5
Emballage Professionel Grøn #1723,9145,28,266,6.8
Emballage Professionel Grå #1724,10523,48,68,6.0
Emballage Commercial Pro #1725,5780,11,296,6.3
Emballage Commercial Plus #1726,5528,48,224,6.8
Emballage Commercial Premium #1727,3617,16,120,3.9
Emballage Commercial Standard #1728,4810,13,217,5.7
Emballage Commercial Basic #1729,3506,44,304,7.3
Emballage Commercial Deluxe #1730,11758,57,183,7.2
Emballage Commercial Ultra #1731,3393,50,134,5.1
Emballage Commercial Max #1732,8650,35,86,6.7
Emballage Commercial Compact #1733,4323,12,150,5.6
Emballage Commercial Mini #1734,12423,58,158,4.8
Emballage Commercial XL #1735,5203,13,76,6.1
Emballage Commercial S #1736,7241,37,206,4.0
Emballage Commercial M #1737,1561,10,172,3.7
Emballage Commercial L #1738,12197,30,92,7.3
Emballage Commercial XL #1739,11207,52,94,6.8
Emballage Commercial XXL #1740,10106,42,208,6.2
Emballage Commercial V1 #1741,4575,53,72,6.0
Emballage Commercial V2 #1742,2881,51,103,6.7
Emballage Commercial V3 #1743,2318,32,189,3.6
Emballage Commercial MK2 #1744,1943,57,107,3.6
Emballage Commercial MK3 #1745,3917,30,304,4.8
Emballage Commercial Gen2 #1746,7233,33,186,5.7
Emballage Commercial Gen3 #1747,3692,32,173,6.6
Emballage Commercial Sort #1748,3351,49,85,5.1
Emballage Commercial Hvid #1749,9675,30,116,7.3
Emballage Commercial Blå #1750,5435,38,184,3.6
Emballage Commercial Rød #1751,5445,55,225,6.3
Emballage Commercial Grøn #1752,4505,44,302,3.5
Emballage Commercial Grå #1753,4342,28,120,3.8
Emballage Model A Pro #1754,6361,12,216,3.8
Emballage Model A Plus #1755,5690,60,80,3.7
Emballage Model A Premium #1756,2409,29,195,4.8
Emballage Model A Standard #1757,6246,26,268,4.9
Emballage Model A Basic #1758,1594,14,236,6.3
Emballage Model A Deluxe #1759,5244,48,76,5.8
Emballage Model A Ultra #1760,11056,22,132,4.3
Emballage Model A Max #1761,2919,32,162,4.8
Emballage Model A Compact #1762,8384,23,146,4.5
Emballage Model A Mini #1763,6466,35,79,4.1
Emballage Model A XL #1764,12444,59,61,7.2
Emballage Model A S #1765,1760,14,76,4.3
Emballage Model A M #1766,5849,24,272,6.7
Emballage Model A L #1767,6315,45,80,4.1
Emballage Model A XL #1768,10608,59,211,5.3
Emballage Model A XXL #1769,9731,15,162,4.4
Emballage Model A V1 #1770,6307,25,250,7.2
Emballage Model A V2 #1771,9072,56,142,4.4
Emballage Model A V3 #1772,2908,45,264,6.1
Emballage Model A MK2 #1773,6950,33,192,3.6
Emballage Model A MK3 #1774,4946,30,54,6.5
Emballage Model A Gen2 #1775,1843,38,270,7.1
Emballage Model A Gen3 #1776,5291,16,184,7.5
Emballage Model A Sort #1777,4156,37,246,6.3
Emballage Model A Hvid #1778,10549,46,135,6.9
Emballage Model A Blå #1779,5113,50,292,4.4
Emballage Model A Rød #1780,4766,30,196,6.9
Emballage Model A Grøn #1781,11780,11,126,4.2
Emballage Model A Grå #1782,3958,58,217,6.4
Emballage Model B Pro #1783,12498,25,265,6.1
Emballage Model B Plus #1784,11099,32,215,7.2
Emballage Model B Premium #1785,6057,59,298,4.8
Emballage Model B Standard #1786,8961,56,261,3.6
Emballage Model B Basic #1787,1959,48,166,6.6
Emballage Model B Deluxe #1788,2254,41,191,5.1
Emballage Model B Ultra #1789,4537,15,85,4.7
Emballage Model B Max #1790,3420,26,63,5.7
Emballage Model B Compact #1791,7652,24,173,3.6
Emballage Model B Mini #1792,3886,39,263,7.1
Emballage Model B XL #1793,9799,43,297,4.0
Emballage Model B S #1794,7711,27,165,3.7
Emballage Model B M #1795,11751,42,198,7.0
Emballage Model B L #1796,4210,48,302,6.4
Emballage Model B XL #1797,11187,21,206,5.9
Emballage Model B XXL #1798,3077,53,206,6.6
Emballage Model B V1 #1799,2714,54,177,3.5
Emballage Model B V2 #1800,4001,60,210,4.3
Emballage Model B V3 #1801,4447,30,202,7.1
Emballage Model B MK2 #1802,2169,35,262,5.0
Emballage Model B MK3 #1803,11928,56,157,7.0
Emballage Model B Gen2 #1804,4905,54,111,4.3
Emballage Model B Gen3 #1805,10784,35,275,4.1
Emballage Model B Sort #1806,1918,12,221,4.4
Emballage Model B Hvid #1807,7473,58,155,4.7
Emballage Model B Blå #1808,2993,23,121,3.6
Emballage Model B Rød #1809,11902,53,186,6.3
Emballage Model B Grøn #1810,3841,47,259,5.1
Emballage Model B Grå #1811,5113,57,160,7.3
Emballage Model C Pro #1812,3107,50,290,6.4
Emballage Model C Plus #1813,11787,10,168,5.9
Emballage Model C Premium #1814,8415,11,73,7.0
Emballage Model C Standard #1815,4400,31,225,6.1
Emballage Model C Basic #1816,7870,19,111,6.2
Emballage Model C Deluxe #1817,10211,27,160,6.4
Emballage Model C Ultra #1818,8927,26,295,4.6
Emballage Model C Max #1819,5792,12,286,3.9
Emballage Model C Compact #1820,1669,44,192,5.5
Emballage Model C Mini #1821,9813,41,284,6.7
Emballage Model C XL #1822,2883,26,140,5.2
Emballage Model C S #1823,1511,12,193,4.5
Emballage Model C M #1824,4278,47,273,4.7
Emballage Model C L #1825,6470,52,291,7.3
Emballage Model C XL #1826,10752,31,130,4.6
Emballage Model C XXL #1827,9996,13,223,6.1
Emballage Model C V1 #1828,9247,18,205,4.0
Emballage Model C V2 #1829,3511,33,224,4.7
Emballage Model C V3 #1830,2463,12,127,6.8
Emballage Model C MK2 #1831,8131,60,162,7.1
Emballage Model C MK3 #1832,9078,50,208,5.9
Emballage Model C Gen2 #1833,4266,32,174,6.7
Emballage Model C Gen3 #1834,4332,47,58,5.5
Emballage Model C Sort #1835,8127,53,98,4.1
Emballage Model C Hvid #1836,11302,37,219,4.4
Emballage Model C Blå #1837,1875,40,225,5.2
Emballage Model C Rød #1838,3948,46,298,4.5
Emballage Model C Grøn #1839,7194,36,210,5.9
Emballage Model C Grå #1840,7550,38,225,3.7
Emballage Type 1 Pro #1841,7449,38,194,5.4
Emballage Type 1 Plus #1842,9867,40,81,3.7
Emballage Type 1 Premium #1843,11998,47,144,5.0
Emballage Type 1 Standard #1844,8593,31,170,4.6
Emballage Type 1 Basic #1845,12109,43,306,4.6
Emballage Type 1 Deluxe #1846,6784,35,205,4.5
Emballage Type 1 Ultra #1847,11929,22,299,3.8
Emballage Type 1 Max #1848,9179,50,300,5.7
Emballage Type 1 Compact #1849,7150,58,170,4.6
Emballage Type 1 Mini #1850,10183,14,162,5.2
Emballage Type 1 XL #1851,8109,29,157,5.7
Emballage Type 1 S #1852,11391,47,291,4.6
Emballage Type 1 M #1853,11255,50,246,6.1
Emballage Type 1 L #1854,4701,52,277,3.8
Emballage Type 1 XL #1855,4322,31,154,5.9
Emballage Type 1 XXL #1856,1519,48,286,3.7
Emballage Type 1 V1 #1857,11820,24,263,4.4
Emballage Type 1 V2 #1858,1560,56,128,7.4
Emballage Type 1 V3 #1859,3341,19,220,7.1
Emballage Type 1 MK2 #1860,11561,41,123,7.3
Emballage Type 1 MK3 #1861,11630,11,178,4.7
Emballage Type 1 Gen2 #1862,10676,54,115,5.6
Emballage Type 1 Gen3 #1863,3333,16,179,5.1
Emballage Type 1 Sort #1864,3530,11,115,3.6
Emballage Type 1 Hvid #1865,10994,36,302,3.8
Emballage Type 1 Blå #1866,2552,16,186,5.0
Emballage Type 1 Rød #1867,7303,55,296,6.7
Emballage Type 1 Grøn #1868,1893,36,223,7.5
Emballage Type 1 Grå #1869,1939,11,224,6.1
Emballage Type 2 Pro #1870,11279,44,253,3.7
Emballage Type 2 Plus #1871,6251,39,66,6.9
Emballage Type 2 Premium #1872,10001,54,297,6.6
Emballage Type 2 Standard #1873,8869,57,244,3.7
Emballage Type 2 Basic #1874,5042,30,240,6.3
Emballage Type 2 Deluxe #1875,2320,29,288,5.0
Emballage Type 2 Ultra #1876,4071,53,272,3.9
Emballage Type 2 Max #1877,10303,52,190,5.8
Emballage Type 2 Compact #1878,12068,40,288,6.5
Emballage Type 2 Mini #1879,1523,51,247,6.2
Emballage Type 2 XL #1880,3506,32,223,6.9
Emballage Type 2 S #1881,3812,13,159,5.3
Emballage Type 2 M #1882,1946,49,119,4.9
Emballage Type 2 L #1883,8095,45,275,4.1
Emballage Type 2 XL #1884,10035,44,192,4.0
Emballage Type 2 XXL #1885,5333,19,73,4.1
Emballage Type 2 V1 #1886,6800,18,271,7.3
Emballage Type 2 V2 #1887,6189,24,242,6.3
Emballage Type 2 V3 #1888,2465,16,166,4.0
Emballage Type 2 MK2 #1889,10760,53,67,4.1
Emballage Type 2 MK3 #1890,6512,15,240,7.1
Emballage Type 2 Gen2 #1891,8480,42,128,4.8
Emballage Type 2 Gen3 #1892,8849,32,140,7.4
Emballage Type 2 Sort #1893,5763,49,127,3.8
Emballage Type 2 Hvid #1894,4511,49,265,6.8
Emballage Type 2 Blå #1895,3385,40,201,5.5
Emballage Type 2 Rød #1896,9398,46,176,4.9
Emballage Type 2 Grøn #1897,4121,52,308,5.8
Emballage Type 2 Grå #1898,9434,30,280,6.8
Emballage Serie 100 Pro #1899,7717,28,291,6.6
Emballage Serie 100 Plus #1900,10130,15,194,4.6
Emballage Serie 100 Premium #1901,5175,60,78,3.7
Emballage Serie 100 Standard #1902,3478,40,255,4.3
Emballage Serie 100 Basic #1903,8446,16,107,6.8
Emballage Serie 100 Deluxe #1904,6297,12,298,4.9
Emballage Serie 100 Ultra #1905,6542,40,183,3.8
Emballage Serie 100 Max #1906,4220,20,164,7.2
Emballage Serie 100 Compact #1907,8423,43,277,4.7
Emballage Serie 100 Mini #1908,7806,16,179,7.1
Emballage Serie 100 XL #1909,6892,24,161,5.3
Emballage Serie 100 S #1910,4691,24,62,4.5
Emballage Serie 100 M #1911,11556,55,279,4.7
Emballage Serie 100 L #1912,10967,27,226,4.5
Emballage Serie 100 XL #1913,2386,55,307,5.4
Emballage Serie 100 XXL #1914,9574,38,161,7.3
Emballage Serie 100 V1 #1915,6452,22,158,7.4
Emballage Serie 100 V2 #1916,1601,49,284,6.6
Emballage Serie 100 V3 #1917,12418,48,221,5.9
Emballage Serie 100 MK2 #1918,8430,52,86,3.7
Emballage Serie 100 MK3 #1919,7385,11,177,3.9
Emballage Serie 100 Gen2 #1920,2876,50,210,4.2
Emballage Serie 100 Gen3 #1921,8951,32,172,4.9
Emballage Serie 100 Sort #1922,2632,25,274,4.4
Emballage Serie 100 Hvid #1923,8038,58,216,4.4
Emballage Serie 100 Blå #1924,2430,14,241,4.6
Emballage Serie 100 Rød #1925,5234,34,169,3.6
Emballage Serie 100 Grøn #1926,8346,11,218,3.7
Emballage Serie 100 Grå #1927,6530,55,70,5.3
Emballage Serie 200 Pro #1928,11668,24,156,4.1
Emballage Serie 200 Plus #1929,12495,37,284,6.1
Emballage Serie 200 Premium #1930,8282,52,72,6.8
Emballage Serie 200 Standard #1931,5357,54,91,4.1
Emballage Serie 200 Basic #1932,7161,33,207,3.9
Emballage Serie 200 Deluxe #1933,7145,13,132,5.0
Emballage Serie 200 Ultra #1934,3821,33,89,5.3
Emballage Serie 200 Max #1935,9956,59,153,6.7
Emballage Serie 200 Compact #1936,2801,44,71,6.7
Emballage Serie 200 Mini #1937,8042,33,89,5.6
Emballage Serie 200 XL #1938,2256,20,238,4.5
Emballage Serie 200 S #1939,2297,23,201,6.9
Emballage Serie 200 M #1940,12318,28,195,4.1
Emballage Serie 200 L #1941,5454,30,192,6.2
Emballage Serie 200 XL #1942,9520,59,150,5.5
Emballage Serie 200 XXL #1943,5791,56,83,6.9
Emballage Serie 200 V1 #1944,12048,18,260,6.1
Emballage Serie 200 V2 #1945,4168,11,102,4.0
Emballage Serie 200 V3 #1946,7071,14,152,5.0
Emballage Serie 200 MK2 #1947,8114,34,175,5.4
Emballage Serie 200 MK3 #1948,8545,33,103,6.9
Emballage Serie 200 Gen2 #1949,7637,17,104,5.7
Emballage Serie 200 Gen3 #1950,10664,52,227,7.0
Emballage Serie 200 Sort #1951,11508,44,248,3.8
Emballage Serie 200 Hvid #1952,3139,58,123,6.5
Emballage Serie 200 Blå #1953,4760,39,263,4.6
Emballage Serie 200 Rød #1954,4080,47,253,5.9
Emballage Serie 200 Grøn #1955,6788,18,154,7.0
Emballage Serie 200 Grå #1956,4236,42,280,3.8
Emballage Edition Pro #1957,6636,20,149,6.8
Emballage Edition Plus #1958,4267,49,130,3.6
Emballage Edition Premium #1959,10134,56,266,3.7
Emballage Edition Standard #1960,8302,24,269,6.5
Emballage Edition Basic #1961,3978,30,270,3.8
Emballage Edition Deluxe #1962,8530,31,175,5.8
Emballage Edition Ultra #1963,10883,46,188,4.1
Emballage Edition Max #1964,7722,12,145,7.0
Emballage Edition Compact #1965,12283,29,256,5.3
Emballage Edition Mini #1966,9840,53,94,6.1
Emballage Edition XL #1967,5582,33,166,4.1
Emballage Edition S #1968,10424,11,264,4.0
Emballage Edition M #1969,12324,43,191,7.5
Emballage Edition L #1970,7741,11,222,5.6
Emballage Edition XL #1971,1502,29,207,6.0
Emballage Edition XXL #1972,4700,37,174,6.3
Emballage Edition V1 #1973,10523,13,99,7.4
Emballage Edition V2 #1974,7694,41,229,6.0
Emballage Edition V3 #1975,7016,32,218,4.9
Emballage Edition MK2 #1976,8533,26,194,6.4
Emballage Edition MK3 #1977,8505,54,190,4.6
Emballage Edition Gen2 #1978,6133,24,105,7.1
Emballage Edition Gen3 #1979,6315,14,123,6.5
Emballage Edition Sort #1980,5897,23,138,4.5
Emballage Edition Hvid #1981,11519,57,153,4.2
Emballage Edition Blå #1982,4949,52,297,7.2
Emballage Edition Rød #1983,12403,27,193,6.8
Emballage Edition Grøn #1984,6549,24,83,4.2
Emballage Edition Grå #1985,8716,43,160,7.5
Emballage Classic Pro #1986,8340,51,65,3.6
Emballage Classic Plus #1987,8253,16,179,4.9
Emballage Classic Premium #1988,9020,41,61,6.7
Emballage Classic Standard #1989,5987,13,84,6.6
Emballage Classic Basic #1990,4519,11,236,6.9
Emballage Classic Deluxe #1991,2585,14,240,4.4
Emballage Classic Ultra #1992,4326,37,57,4.8
Emballage Classic Max #1993,7528,18,226,7.5
Emballage Classic Compact #1994,5757,23,217,6.0
Emballage Classic Mini #1995,10371,27,273,7.1
Emballage Classic XL #1996,4566,28,126,5.6
Emballage Classic S #1997,3895,14,66,5.4
Emballage Classic M #1998,2407,10,72,5.7
Emballage Classic L #1999,2781,39,100,4.0
Emballage Classic XL #2000,3740,35,88,7.3
Emballage Classic XXL #2001,3367,29,169,7.4
Emballage Classic V1 #2002,12290,58,243,5.8
Emballage Classic V2 #2003,8160,58,242,6.5
Emballage Classic V3 #2004,10592,59,211,7.4
Emballage Classic MK2 #2005,3167,35,109,3.8
Emballage Classic MK3 #2006,2206,24,293,5.9
Emballage Classic Gen2 #2007,3648,34,96,3.5
Emballage Classic Gen3 #2008,9446,40,210,5.1
Emballage Classic Sort #2009,10505,28,168,6.6
Emballage Classic Hvid #2010,10290,41,200,4.9
Emballage Classic Blå #2011,6953,12,52,6.4
Emballage Classic Rød #2012,9484,46,119,4.5
Emballage Classic Grøn #2013,10995,25,267,4.0
Emballage Classic Grå #2014,2350,50,212,4.4
Emballage Modern Pro #2015,3122,28,277,4.4
Emballage Modern Plus #2016,3688,13,176,5.9
Emballage Modern Premium #2017,7307,29,210,5.4
Emballage Modern Standard #2018,4259,45,158,5.1
Emballage Modern Basic #2019,8346,12,254,4.3
Emballage Modern Deluxe #2020,4435,53,225,7.4
Emballage Modern Ultra #2021,3076,50,222,7.5
Emballage Modern Max #2022,11449,54,262,4.2
Emballage Modern Compact #2023,2255,29,110,6.4
Emballage Modern Mini #2024,10328,53,308,5.4
Emballage Modern XL #2025,3280,12,167,6.8
Emballage Modern S #2026,10638,14,142,4.2
Emballage Modern M #2027,3900,54,137,7.4
Emballage Modern L #2028,3650,46,303,7.4
Emballage Modern XL #2029,4919,56,93,4.2
Emballage Modern XXL #2030,8668,17,278,7.4
Emballage Modern V1 #2031,5220,27,231,4.6
Emballage Modern V2 #2032,11388,59,141,6.0
Emballage Modern V3 #2033,8774,30,182,4.5
Emballage Modern MK2 #2034,11355,15,288,6.5
Emballage Modern MK3 #2035,2314,54,144,5.2
Emballage Modern Gen2 #2036,4684,14,274,7.4
Emballage Modern Gen3 #2037,4146,22,142,6.2
Emballage Modern Sort #2038,3537,32,290,6.7
Emballage Modern Hvid #2039,7543,55,279,6.3
Emballage Modern Blå #2040,7700,26,222,5.5
Emballage Modern Rød #2041,4784,50,218,7.4
Emballage Modern Grøn #2042,4556,52,196,3.9
Emballage Modern Grå #2043,5978,10,52,7.0
Emballage Industri Pro #2044,9349,50,182,4.5
Emballage Industri Plus #2045,2086,17,134,7.1
Emballage Industri Premium #2046,10315,17,67,6.4
Emballage Industri Standard #2047,10542,41,153,6.7
Emballage Industri Basic #2048,8188,48,305,5.2
Emballage Industri Deluxe #2049,2493,16,188,7.1
Emballage Industri Ultra #2050,2451,37,264,3.9
Emballage Industri Max #2051,6991,31,194,4.2
Emballage Industri Compact #2052,2900,21,287,4.2
Emballage Industri Mini #2053,9351,16,271,4.4
Emballage Industri XL #2054,12284,53,63,6.2
Emballage Industri S #2055,5480,47,301,3.7
Emballage Industri M #2056,11993,58,178,5.8
Emballage Industri L #2057,11878,33,141,4.4
Emballage Industri XL #2058,9257,29,174,3.9
Emballage Industri XXL #2059,3244,49,217,5.8
Emballage Industri V1 #2060,11929,41,229,4.5
Emballage Industri V2 #2061,7266,15,294,5.1
Emballage Industri V3 #2062,10754,19,90,3.6
Emballage Industri MK2 #2063,8281,42,177,3.7
Emballage Industri MK3 #2064,12402,13,166,5.4
Emballage Industri Gen2 #2065,9055,41,57,5.0
Emballage Industri Gen3 #2066,6623,60,80,5.6
Emballage Industri Sort #2067,4554,10,182,5.9
Emballage Industri Hvid #2068,6668,12,279,4.8
Emballage Industri Blå #2069,10434,22,100,5.7
Emballage Industri Rød #2070,5816,11,261,4.0
Emballage Industri Grøn #2071,1849,19,203,5.0
Emballage Industri Grå #2072,4267,22,303,3.7
Emballage Professionel Pro #2073,5265,47,69,5.4
Emballage Professionel Plus #2074,1923,12,123,4.6
Emballage Professionel Premium #2075,7474,38,257,4.8
Emballage Professionel Standard #2076,8563,48,205,7.2
Emballage Professionel Basic #2077,4288,51,121,5.7
Emballage Professionel Deluxe #2078,10768,11,74,6.8
Emballage Professionel Ultra #2079,8670,37,88,5.0
Emballage Professionel Max #2080,6417,49,160,3.5
Emballage Professionel Compact #2081,10118,39,200,5.4
Emballage Professionel Mini #2082,5801,19,245,6.6
Emballage Professionel XL #2083,7876,13,137,5.9
Emballage Professionel S #2084,6439,28,85,4.7
Emballage Professionel M #2085,1959,16,94,3.8
Emballage Professionel L #2086,3593,60,258,7.2
Emballage Professionel XL #2087,11416,28,215,6.1
Emballage Professionel XXL #2088,11979,21,157,5.7
Emballage Professionel V1 #2089,9687,23,69,4.5
Emballage Professionel V2 #2090,3174,49,79,3.8
Emballage Professionel V3 #2091,7711,13,71,7.0
Emballage Professionel MK2 #2092,11505,17,199,7.3
Emballage Professionel MK3 #2093,7006,38,119,4.9
Emballage Professionel Gen2 #2094,8406,30,128,5.6
Emballage Professionel Gen3 #2095,8385,52,63,5.9
Emballage Professionel Sort #2096,11183,59,236,4.5
Emballage Professionel Hvid #2097,4351,52,176,5.5
Emballage Professionel Blå #2098,10919,17,293,5.3
Emballage Professionel Rød #2099,10743,42,112,6.0
Emballage Professionel Grøn #2100,2866,47,171,6.9
Emballage Professionel Grå #2101,2797,31,59,6.3
Emballage Commercial Pro #2102,4911,39,182,3.7
Emballage Commercial Plus #2103,6027,55,110,7.1
Emballage Commercial Premium #2104,2821,36,243,5.8
Emballage Commercial Standard #2105,1920,29,67,4.9
Emballage Commercial Basic #2106,7758,18,149,3.9
Emballage Commercial Deluxe #2107,10750,57,106,6.3
Emballage Commercial Ultra #2108,11820,36,275,3.6
Emballage Commercial Max #2109,11580,32,204,5.0
Emballage Commercial Compact #2110,10798,29,269,3.6
Emballage Commercial Mini #2111,8053,28,176,7.3
Emballage Commercial XL #2112,5142,57,61,7.3
Emballage Commercial S #2113,10136,44,281,6.8
Emballage Commercial M #2114,7693,59,205,5.2
Emballage Commercial L #2115,7704,39,284,7.2
Emballage Commercial XL #2116,4308,52,218,4.2
Emballage Commercial XXL #2117,6945,23,141,5.5
Emballage Commercial V1 #2118,12007,44,187,5.9
Emballage Commercial V2 #2119,9126,35,289,5.4
Emballage Commercial V3 #2120,6943,20,217,5.1
Emballage Commercial MK2 #2121,7274,14,261,4.1
Emballage Commercial MK3 #2122,3562,16,202,4.9
Emballage Commercial Gen2 #2123,9759,51,134,4.4
Emballage Commercial Gen3 #2124,10749,21,171,4.6
Emballage Commercial Sort #2125,7489,34,262,6.1
Emballage Commercial Hvid #2126,5171,30,144,7.0
Emballage Commercial Blå #2127,12016,27,232,4.3
Emballage Commercial Rød #2128,1838,14,279,4.5
Emballage Commercial Grøn #2129,8872,53,259,4.4
Emballage Commercial Grå #2130,11500,28,303,5.3
Emballage Model A Pro #2131,2806,16,200,4.4
Emballage Model A Plus #2132,2829,46,87,6.8
Emballage Model A Premium #2133,12379,40,119,6.2
Emballage Model A Standard #2134,11874,27,137,5.4
Emballage Model A Basic #2135,3153,38,223,3.7
Emballage Model A Deluxe #2136,6886,35,185,6.6
Emballage Model A Ultra #2137,10764,41,60,6.2
Emballage Model A Max #2138,8089,59,293,5.1
Emballage Model A Compact #2139,6390,19,155,4.8
Emballage Model A Mini #2140,5729,28,174,4.8
Emballage Model A XL #2141,4288,24,72,4.6
Emballage Model A S #2142,9913,27,190,6.0
Emballage Model A M #2143,4463,47,203,5.8
Emballage Model A L #2144,7442,22,287,7.3
Emballage Model A XL #2145,9598,36,278,3.7
Emballage Model A XXL #2146,4955,54,114,5.6
Emballage Model A V1 #2147,11767,30,78,5.6
Emballage Model A V2 #2148,9859,16,97,4.6
Emballage Model A V3 #2149,3493,44,164,7.0
Emballage Model A MK2 #2150,1642,44,156,6.0
Emballage Model A MK3 #2151,4831,46,264,5.8
Emballage Model A Gen2 #2152,5065,16,220,6.1
Emballage Model A Gen3 #2153,4163,43,172,5.9
Emballage Model A Sort #2154,5890,38,215,5.5
Emballage Model A Hvid #2155,2258,57,163,5.4
Emballage Model A Blå #2156,7652,55,171,5.0
Emballage Model A Rød #2157,10105,36,174,7.3
Emballage Model A Grøn #2158,1871,26,95,7.4
Emballage Model A Grå #2159,9596,34,168,4.4
Emballage Model B Pro #2160,9385,41,262,3.7
Emballage Model B Plus #2161,8192,11,202,6.6
Emballage Model B Premium #2162,8090,37,262,5.3
Emballage Model B Standard #2163,5475,39,139,3.7
Emballage Model B Basic #2164,12199,11,262,6.5
Emballage Model B Deluxe #2165,9832,54,259,7.5
Emballage Model B Ultra #2166,9386,27,151,7.4
Emballage Model B Max #2167,5362,53,265,5.6
Emballage Model B Compact #2168,10437,27,215,6.0
Emballage Model B Mini #2169,7779,27,92,6.1
Emballage Model B XL #2170,2873,42,183,5.1
Emballage Model B S #2171,3056,59,284,5.7
Emballage Model B M #2172,3890,19,64,3.6
Emballage Model B L #2173,6613,43,99,7.0
Emballage Model B XL #2174,7312,55,154,4.2
Emballage Model B XXL #2175,3583,21,93,3.8
Emballage Model B V1 #2176,1954,26,98,6.9
Emballage Model B V2 #2177,4900,39,160,5.1
Emballage Model B V3 #2178,10648,17,186,4.2
Emballage Model B MK2 #2179,10615,29,222,5.3
Emballage Model B MK3 #2180,2927,56,155,6.6
Emballage Model B Gen2 #2181,9745,29,296,3.5
Emballage Model B Gen3 #2182,10048,37,225,3.6
Emballage Model B Sort #2183,2094,44,207,5.9
Emballage Model B Hvid #2184,6697,36,156,4.4
Emballage Model B Blå #2185,9706,59,182,6.3
Emballage Model B Rød #2186,11184,38,229,6.6
Emballage Model B Grøn #2187,11208,43,232,3.6
Emballage Model B Grå #2188,3373,21,299,6.2
Emballage Model C Pro #2189,7115,60,307,4.3
Emballage Model C Plus #2190,5806,49,122,6.5
Emballage Model C Premium #2191,5165,32,224,5.3
Emballage Model C Standard #2192,7815,44,299,5.9
Emballage Model C Basic #2193,10351,16,72,4.8
Emballage Model C Deluxe #2194,9122,40,69,3.7
Emballage Model C Ultra #2195,8711,27,238,3.7
Emballage Model C Max #2196,6331,13,294,4.7
Emballage Model C Compact #2197,8041,42,235,5.3
Emballage Model C Mini #2198,9873,44,180,4.4
Emballage Model C XL #2199,7417,35,141,5.2
Emballage Model C S #2200,10698,31,169,6.6
Emballage Model C M #2201,5771,13,192,4.0
Emballage Model C L #2202,10191,16,297,6.1
Emballage Model C XL #2203,6903,58,253,4.8
Emballage Model C XXL #2204,10936,45,296,3.7
Emballage Model C V1 #2205,12244,24,70,5.0
Emballage Model C V2 #2206,6663,44,245,3.5
Emballage Model C V3 #2207,5096,53,290,4.3
Emballage Model C MK2 #2208,4258,31,141,5.5
Emballage Model C MK3 #2209,2204,34,211,3.8
Emballage Model C Gen2 #2210,4438,29,115,3.6
Emballage Model C Gen3 #2211,8982,55,221,4.4
Emballage Model C Sort #2212,6911,44,103,6.4
Emballage Model C Hvid #2213,4937,30,210,7.3
Emballage Model C Blå #2214,9248,52,93,4.7
Emballage Model C Rød #2215,12414,13,216,5.5
Emballage Model C Grøn #2216,7815,53,101,3.9
Emballage Model C Grå #2217,4722,25,280,4.7
Emballage Type 1 Pro #2218,1642,41,249,6.6
Emballage Type 1 Plus #2219,2418,57,137,6.9
Emballage Type 1 Premium #2220,2847,20,203,6.0
Emballage Type 1 Standard #2221,4744,30,198,4.6
Emballage Type 1 Basic #2222,2360,20,164,5.7
Emballage Type 1 Deluxe #2223,9241,31,286,7.3
Emballage Type 1 Ultra #2224,8749,34,291,4.9
Emballage Type 1 Max #2225,7499,15,156,3.7
Emballage Type 1 Compact #2226,11480,50,84,5.4
Emballage Type 1 Mini #2227,6247,56,127,6.6
Emballage Type 1 XL #2228,6824,45,160,7.2
Emballage Type 1 S #2229,7279,46,218,5.6
Emballage Type 1 M #2230,1951,58,63,4.1
Emballage Type 1 L #2231,6005,40,70,5.3
Emballage Type 1 XL #2232,8575,25,171,4.8
Emballage Type 1 XXL #2233,9049,33,187,5.0
Emballage Type 1 V1 #2234,1793,52,71,5.0
Emballage Type 1 V2 #2235,5346,11,297,4.8
Emballage Type 1 V3 #2236,7304,34,84,4.6
Emballage Type 1 MK2 #2237,2508,20,238,5.0
Emballage Type 1 MK3 #2238,6242,31,58,5.2
Emballage Type 1 Gen2 #2239,11358,28,254,5.1
Emballage Type 1 Gen3 #2240,8659,51,194,5.5
Emballage Type 1 Sort #2241,9596,36,77,5.7
Emballage Type 1 Hvid #2242,9674,25,133,5.0
Emballage Type 1 Blå #2243,11560,52,88,4.0
Emballage Type 1 Rød #2244,6848,49,156,7.5
Emballage Type 1 Grøn #2245,7868,59,159,3.6
Emballage Type 1 Grå #2246,7911,45,130,5.1
Emballage Type 2 Pro #2247,7639,41,75,3.7
Emballage Type 2 Plus #2248,8550,18,154,6.0
Emballage Type 2 Premium #2249,6387,45,287,5.9
Emballage Type 2 Standard #2250,6161,55,209,5.6
Emballage Type 2 Basic #2251,9467,58,289,5.8
Emballage Type 2 Deluxe #2252,3873,38,212,6.9
Emballage Type 2 Ultra #2253,9070,20,220,5.1
Emballage Type 2 Max #2254,1811,13,99,7.1
Emballage Type 2 Compact #2255,10894,45,246,6.5
Emballage Type 2 Mini #2256,7587,22,207,6.9
Emballage Type 2 XL #2257,7482,54,78,5.7
Emballage Type 2 S #2258,7575,20,206,3.6
Emballage Type 2 M #2259,8616,35,290,6.2
Emballage Type 2 L #2260,9728,57,257,6.0
Emballage Type 2 XL #2261,6852,57,225,5.1
Emballage Type 2 XXL #2262,7335,53,123,6.0
Emballage Type 2 V1 #2263,9152,51,270,5.4
Emballage Type 2 V2 #2264,8005,42,210,5.4
Emballage Type 2 V3 #2265,9566,41,302,4.2
Emballage Type 2 MK2 #2266,5480,57,109,4.7
Emballage Type 2 MK3 #2267,4220,47,106,5.4
Emballage Type 2 Gen2 #2268,9310,58,169,7.4
Emballage Type 2 Gen3 #2269,9283,52,265,5.3
Emballage Type 2 Sort #2270,1910,45,175,6.0
Emballage Type 2 Hvid #2271,11927,38,294,6.0
Emballage Type 2 Blå #2272,1577,43,222,6.6
Emballage Type 2 Rød #2273,10410,24,180,5.0
Emballage Type 2 Grøn #2274,11786,45,221,5.5
Emballage Type 2 Grå #2275,7877,35,217,4.3
Emballage Serie 100 Pro #2276,9574,45,145,7.5
Emballage Serie 100 Plus #2277,8371,25,301,6.7
Emballage Serie 100 Premium #2278,3260,13,82,3.6
Emballage Serie 100 Standard #2279,7330,37,129,5.9
Emballage Serie 100 Basic #2280,4933,22,110,5.0
Emballage Serie 100 Deluxe #2281,11118,56,162,4.8
Emballage Serie 100 Ultra #2282,11399,34,225,7.2
Emballage Serie 100 Max #2283,10674,15,220,6.0
Emballage Serie 100 Compact #2284,3998,59,197,3.7
Emballage Serie 100 Mini #2285,5843,33,85,4.4
Emballage Serie 100 XL #2286,8554,32,152,5.0
Emballage Serie 100 S #2287,3696,31,89,6.0
Emballage Serie 100 M #2288,8524,56,256,7.0
Emballage Serie 100 L #2289,2286,42,155,6.7
Emballage Serie 100 XL #2290,2655,17,248,6.5
Emballage Serie 100 XXL #2291,5174,32,102,3.9
Emballage Serie 100 V1 #2292,7860,47,307,5.5
Emballage Serie 100 V2 #2293,5265,32,174,6.3
Emballage Serie 100 V3 #2294,11646,50,250,7.2
Emballage Serie 100 MK2 #2295,10948,43,160,6.0
Emballage Serie 100 MK3 #2296,3268,14,163,5.6
Emballage Serie 100 Gen2 #2297,6272,22,55,6.8
Emballage Serie 100 Gen3 #2298,7831,55,212,4.0
Emballage Serie 100 Sort #2299,6121,12,270,5.2
Emballage Serie 100 Hvid #2300,3478,17,139,3.8
Emballage Serie 100 Blå #2301,1778,16,74,5.7
Emballage Serie 100 Rød #2302,3536,28,285,4.9
Emballage Serie 100 Grøn #2303,6704,20,239,4.9
Emballage Serie 100 Grå #2304,7112,20,208,5.7
Emballage Serie 200 Pro #2305,8973,58,265,5.8
Emballage Serie 200 Plus #2306,2496,36,72,5.4
Emballage Serie 200 Premium #2307,7996,25,77,6.4
Emballage Serie 200 Standard #2308,9482,54,82,6.6
Emballage Serie 200 Basic #2309,3465,51,238,4.9
Emballage Serie 200 Deluxe #2310,4999,37,83,7.4
Emballage Serie 200 Ultra #2311,11115,25,290,4.3
Emballage Serie 200 Max #2312,11949,16,247,5.5
Emballage Serie 200 Compact #2313,12149,20,196,3.6
Emballage Serie 200 Mini #2314,1571,16,52,7.2
Emballage Serie 200 XL #2315,11296,42,95,4.5
Emballage Serie 200 S #2316,5162,26,128,5.2
Emballage Serie 200 M #2317,10274,58,260,4.7
Emballage Serie 200 L #2318,2829,46,222,3.5
Emballage Serie 200 XL #2319,4383,20,285,6.1
Emballage Serie 200 XXL #2320,3937,43,91,4.4
Emballage Serie 200 V1 #2321,6121,28,179,3.5
Emballage Serie 200 V2 #2322,5593,43,151,3.6
Emballage Serie 200 V3 #2323,12478,39,223,6.9
Emballage Serie 200 MK2 #2324,10965,18,77,5.5
Emballage Serie 200 MK3 #2325,4012,50,272,3.8
Emballage Serie 200 Gen2 #2326,9922,59,207,6.8
Emballage Serie 200 Gen3 #2327,8866,51,288,4.6
Emballage Serie 200 Sort #2328,8195,36,235,6.0
Emballage Serie 200 Hvid #2329,3647,24,61,5.4
Emballage Serie 200 Blå #2330,4980,23,127,5.6
Emballage Serie 200 Rød #2331,7914,13,156,4.1
Emballage Serie 200 Grøn #2332,3380,39,81,5.8
Emballage Serie 200 Grå #2333,6447,44,106,4.1
Emballage Edition Pro #2334,11083,45,185,7.1
Emballage Edition Plus #2335,2749,34,262,6.2
Emballage Edition Premium #2336,12058,49,62,7.3
Emballage Edition Standard #2337,2845,46,61,4.4
Emballage Edition Basic #2338,11106,41,63,6.4
Emballage Edition Deluxe #2339,4034,12,112,4.8
Emballage Edition Ultra #2340,8147,34,256,7.1
Emballage Edition Max #2341,6448,25,211,7.0
Emballage Edition Compact #2342,2134,47,283,4.0
Emballage Edition Mini #2343,1915,59,101,4.5
Emballage Edition XL #2344,2682,20,193,5.2
Emballage Edition S #2345,1862,26,231,4.3
Emballage Edition M #2346,2509,39,96,4.1
Emballage Edition L #2347,9918,46,188,4.2
Emballage Edition XL #2348,12350,14,281,6.8
Emballage Edition XXL #2349,9104,43,291,6.0
Emballage Edition V1 #2350,4384,45,180,4.3
Emballage Edition V2 #2351,9634,52,263,4.5
Emballage Edition V3 #2352,1981,14,68,7.4
Emballage Edition MK2 #2353,7243,14,141,6.3
Emballage Edition MK3 #2354,1708,42,69,3.6
Emballage Edition Gen2 #2355,8819,39,154,6.6
Emballage Edition Gen3 #2356,11406,15,80,4.5
Emballage Edition Sort #2357,9055,41,289,5.0
Emballage Edition Hvid #2358,1864,21,81,5.4
Emballage Edition Blå #2359,6968,49,127,7.5
Emballage Edition Rød #2360,8021,25,103,3.8
Emballage Edition Grøn #2361,8847,60,89,6.5
Emballage Edition Grå #2362,8317,47,191,7.1
Emballage Classic Pro #2363,3781,57,260,4.1
Emballage Classic Plus #2364,3626,54,170,5.8
Emballage Classic Premium #2365,9690,37,83,3.8
Emballage Classic Standard #2366,9148,32,81,5.6
Emballage Classic Basic #2367,5022,53,294,7.5
Emballage Classic Deluxe #2368,9715,26,130,4.6
Emballage Classic Ultra #2369,2455,16,114,7.3
Emballage Classic Max #2370,5779,28,120,7.2
Emballage Classic Compact #2371,2785,10,74,6.7
Emballage Classic Mini #2372,4818,35,135,5.0
Emballage Classic XL #2373,3267,55,97,3.9
Emballage Classic S #2374,5643,13,196,4.4
Emballage Classic M #2375,11321,27,86,6.5
Emballage Classic L #2376,11588,55,219,5.8
Emballage Classic XL #2377,7064,16,228,6.2
Emballage Classic XXL #2378,10302,44,233,6.8
Emballage Classic V1 #2379,4775,34,115,6.8
Emballage Classic V2 #2380,2308,14,221,5.9
Emballage Classic V3 #2381,4380,37,74,5.7
Emballage Classic MK2 #2382,8101,52,206,6.4
Emballage Classic MK3 #2383,1922,31,183,7.0
Emballage Classic Gen2 #2384,2377,54,156,4.0
Emballage Classic Gen3 #2385,8081,50,168,6.1
Emballage Classic Sort #2386,6363,32,276,3.9
Emballage Classic Hvid #2387,10291,42,198,5.6
Emballage Classic Blå #2388,9833,12,84,5.6
Emballage Classic Rød #2389,8928,20,66,6.3
Emballage Classic Grøn #2390,7020,23,271,5.4
Emballage Classic Grå #2391,7633,54,171,4.1
Emballage Modern Pro #2392,8440,33,209,3.8
Emballage Modern Plus #2393,9116,45,233,7.0
Emballage Modern Premium #2394,6605,38,152,7.2
Emballage Modern Standard #2395,3122,21,199,5.6
Emballage Modern Basic #2396,7628,13,130,5.9
Emballage Modern Deluxe #2397,4410,54,308,6.8
Emballage Modern Ultra #2398,10068,27,228,5.5
Emballage Modern Max #2399,9463,20,245,5.1
Emballage Modern Compact #2400,6535,28,117,6.7
Emballage Modern Mini #2401,9783,34,207,4.5
Emballage Modern XL #2402,10037,15,132,6.7
Emballage Modern S #2403,2798,53,90,4.5
Emballage Modern M #2404,4637,17,135,4.2
Emballage Modern L #2405,9791,33,104,7.4
Emballage Modern XL #2406,2056,46,80,4.4
Emballage Modern XXL #2407,4105,33,94,6.5
Emballage Modern V1 #2408,9972,51,306,6.3
Emballage Modern V2 #2409,3027,34,300,5.7
Emballage Modern V3 #2410,7221,18,87,6.2
Emballage Modern MK2 #2411,2743,33,75,3.7
Emballage Modern MK3 #2412,2271,11,245,5.9
Emballage Modern Gen2 #2413,11818,48,59,7.4
Emballage Modern Gen3 #2414,5268,23,211,5.5
Emballage Modern Sort #2415,4486,32,70,6.6
Emballage Modern Hvid #2416,3340,38,180,4.2
Emballage Modern Blå #2417,3925,23,162,4.1
Emballage Modern Rød #2418,1660,19,153,6.1
Emballage Modern Grøn #2419,5955,29,181,6.7
Emballage Modern Grå #2420,11388,39,62,6.9
Emballage Industri Pro #2421,1666,40,231,7.3
Emballage Industri Plus #2422,12441,43,102,7.4
Emballage Industri Premium #2423,2344,15,61,6.4
Emballage Industri Standard #2424,6610,17,298,5.4
Emballage Industri Basic #2425,2874,36,100,4.4
Emballage Industri Deluxe #2426,2656,40,264,3.9
Emballage Industri Ultra #2427,7021,22,287,6.5
Emballage Industri Max #2428,2323,58,211,7.1
Emballage Industri Compact #2429,12242,57,96,5.2
Emballage Industri Mini #2430,9326,51,58,4.2
Emballage Industri XL #2431,11101,19,218,5.6
Emballage Industri S #2432,1585,38,77,4.3
Emballage Industri M #2433,12158,55,196,5.8
Emballage Industri L #2434,4639,21,60,5.0
Emballage Industri XL #2435,2227,39,125,4.7
Emballage Industri XXL #2436,5361,16,69,5.1
Emballage Industri V1 #2437,11711,25,184,5.1
Emballage Industri V2 #2438,12005,12,118,7.2
Emballage Industri V3 #2439,11590,37,160,3.8
Emballage Industri MK2 #2440,7635,50,174,4.7
Emballage Industri MK3 #2441,7113,21,125,6.6
Emballage Industri Gen2 #2442,6204,49,72,7.0
Emballage Industri Gen3 #2443,5848,22,174,7.4
Emballage Industri Sort #2444,9767,28,165,5.4
Emballage Industri Hvid #2445,5130,38,103,6.8
Emballage Industri Blå #2446,4529,43,246,7.1
Emballage Industri Rød #2447,10514,27,127,4.3
Emballage Industri Grøn #2448,10216,18,95,5.7
Emballage Industri Grå #2449,6410,49,81,4.1
Emballage Professionel Pro #2450,5042,30,224,6.9
Emballage Professionel Plus #2451,4060,32,99,4.3
Emballage Professionel Premium #2452,5038,16,65,6.5
Emballage Professionel Standard #2453,3674,27,201,4.9
Emballage Professionel Basic #2454,3246,25,151,7.0
Emballage Professionel Deluxe #2455,11364,52,221,5.8
Emballage Professionel Ultra #2456,11237,17,57,4.5
Emballage Professionel Max #2457,3151,39,61,3.8
Emballage Professionel Compact #2458,3317,40,256,6.1
Emballage Professionel Mini #2459,3748,57,166,4.8
Emballage Professionel XL #2460,4035,41,59,3.7
Emballage Professionel S #2461,11939,18,75,5.8
Emballage Professionel M #2462,3618,30,150,6.2
Emballage Professionel L #2463,5155,58,304,4.1
Emballage Professionel XL #2464,3664,11,80,3.8
Emballage Professionel XXL #2465,5241,33,288,5.8
Emballage Professionel V1 #2466,5371,22,228,4.9
Emballage Professionel V2 #2467,12048,60,146,7.4
Emballage Professionel V3 #2468,5238,10,106,7.4
Emballage Professionel MK2 #2469,5458,38,268,6.9
Emballage Professionel MK3 #2470,1873,27,142,6.6
Emballage Professionel Gen2 #2471,2630,44,63,3.9
Emballage Professionel Gen3 #2472,5834,46,174,3.9
Emballage Professionel Sort #2473,9177,28,296,7.5
Emballage Professionel Hvid #2474,5666,37,248,7.1
Emballage Professionel Blå #2475,11362,40,138,4.6
Emballage Professionel Rød #2476,5456,29,94,3.8
Emballage Professionel Grøn #2477,3753,49,178,4.4
Emballage Professionel Grå #2478,5691,21,296,6.0
Emballage Commercial Pro #2479,2982,35,159,7.3
Emballage Commercial Plus #2480,5237,25,252,5.1
Emballage Commercial Premium #2481,12153,42,219,4.6
Emballage Commercial Standard #2482,11468,30,246,5.0
Emballage Commercial Basic #2483,8664,27,148,6.7
Emballage Commercial Deluxe #2484,11681,48,272,5.5
Emballage Commercial Ultra #2485,7243,57,162,6.8
Emballage Commercial Max #2486,2513,43,96,6.2
Emballage Commercial Compact #2487,5602,48,137,4.6
Emballage Commercial Mini #2488,3581,60,206,7.3
Emballage Commercial XL #2489,10351,17,102,6.3
Emballage Commercial S #2490,1541,45,212,6.0
Emballage Commercial M #2491,10403,48,106,6.0
Emballage Commercial L #2492,10443,19,66,6.0
Emballage Commercial XL #2493,1842,37,197,4.5
Emballage Commercial XXL #2494,10124,40,104,3.6
Emballage Commercial V1 #2495,9685,20,128,7.3
Emballage Commercial V2 #2496,9040,36,157,5.7
Emballage Commercial V3 #2497,6377,26,187,6.3
Emballage Commercial MK2 #2498,10072,60,174,5.2
Emballage Commercial MK3 #2499,10802,37,229,6.8
Sikkerhedsudstyr Model A Pro #1000,1320,358,172,4.4
Sikkerhedsudstyr Model A Plus #1001,1221,366,315,6.7
Sikkerhedsudstyr Model A Premium #1002,1200,155,146,7.2
Sikkerhedsudstyr Model A Standard #1003,391,203,277,4.3
Sikkerhedsudstyr Model A Basic #1004,1530,253,245,6.8
Sikkerhedsudstyr Model A Deluxe #1005,246,405,209,6.1
Sikkerhedsudstyr Model A Ultra #1006,1770,390,354,4.4
Sikkerhedsudstyr Model A Max #1007,1728,238,169,6.8
Sikkerhedsudstyr Model A Compact #1008,1934,246,276,4.1
Sikkerhedsudstyr Model A Mini #1009,590,245,153,4.5
Sikkerhedsudstyr Model A XL #1010,1494,344,257,5.3
Sikkerhedsudstyr Model A S #1011,1602,132,250,4.9
Sikkerhedsudstyr Model A M #1012,1710,82,240,5.5
Sikkerhedsudstyr Model A L #1013,1604,354,253,5.2
Sikkerhedsudstyr Model A XL #1014,1372,292,245,7.2
Sikkerhedsudstyr Model A XXL #1015,705,144,160,4.5
Sikkerhedsudstyr Model A V1 #1016,1555,374,271,3.5
Sikkerhedsudstyr Model A V2 #1017,1895,241,134,6.2
Sikkerhedsudstyr Model A V3 #1018,910,230,116,5.7
Sikkerhedsudstyr Model A MK2 #1019,1949,220,207,4.2
Sikkerhedsudstyr Model A MK3 #1020,301,224,236,4.7
Sikkerhedsudstyr Model A Gen2 #1021,1985,147,96,4.0
Sikkerhedsudstyr Model A Gen3 #1022,1124,192,167,5.8
Sikkerhedsudstyr Model A Sort #1023,1288,315,115,4.9
Sikkerhedsudstyr Model A Hvid #1024,1202,210,282,6.4
Sikkerhedsudstyr Model A Blå #1025,492,139,267,7.4
Sikkerhedsudstyr Model A Rød #1026,1120,189,259,4.8
Sikkerhedsudstyr Model A Grøn #1027,1414,130,316,5.9
Sikkerhedsudstyr Model A Grå #1028,480,258,265,5.1
Sikkerhedsudstyr Model B Pro #1029,1037,209,236,3.8
Sikkerhedsudstyr Model B Plus #1030,247,94,94,4.9
Sikkerhedsudstyr Model B Premium #1031,1012,257,241,7.0
Sikkerhedsudstyr Model B Standard #1032,1867,77,169,7.4
Sikkerhedsudstyr Model B Basic #1033,1448,143,165,7.4
Sikkerhedsudstyr Model B Deluxe #1034,644,439,352,4.4
Sikkerhedsudstyr Model B Ultra #1035,809,252,262,3.7
Sikkerhedsudstyr Model B Max #1036,1089,285,229,7.4
Sikkerhedsudstyr Model B Compact #1037,1126,393,207,6.6
Sikkerhedsudstyr Model B Mini #1038,1825,349,246,4.4
Sikkerhedsudstyr Model B XL #1039,630,374,272,7.4
Sikkerhedsudstyr Model B S #1040,525,413,215,4.5
Sikkerhedsudstyr Model B M #1041,943,320,332,4.0
Sikkerhedsudstyr Model B L #1042,1035,197,287,4.9
Sikkerhedsudstyr Model B XL #1043,276,177,206,6.4
Sikkerhedsudstyr Model B XXL #1044,1912,439,346,7.0
Sikkerhedsudstyr Model B V1 #1045,1294,156,152,6.3
Sikkerhedsudstyr Model B V2 #1046,1222,328,132,5.0
Sikkerhedsudstyr Model B V3 #1047,370,216,331,6.0
Sikkerhedsudstyr Model B MK2 #1048,1810,386,140,6.9
Sikkerhedsudstyr Model B MK3 #1049,1648,319,138,7.3
Sikkerhedsudstyr Model B Gen2 #1050,1307,111,148,5.7
Sikkerhedsudstyr Model B Gen3 #1051,292,254,336,5.1
Sikkerhedsudstyr Model B Sort #1052,412,404,227,4.2
Sikkerhedsudstyr Model B Hvid #1053,1716,341,101,4.2
Sikkerhedsudstyr Model B Blå #1054,1487,103,199,6.0
Sikkerhedsudstyr Model B Rød #1055,1305,447,359,3.9
Sikkerhedsudstyr Model B Grøn #1056,818,385,191,3.8
Sikkerhedsudstyr Model B Grå #1057,518,246,227,6.9
Sikkerhedsudstyr Model C Pro #1058,1437,231,126,4.6
Sikkerhedsudstyr Model C Plus #1059,1899,134,206,5.9
Sikkerhedsudstyr Model C Premium #1060,1042,369,127,3.7
Sikkerhedsudstyr Model C Standard #1061,1639,374,327,5.8
Sikkerhedsudstyr Model C Basic #1062,1288,184,324,7.4
Sikkerhedsudstyr Model C Deluxe #1063,640,430,120,3.8
Sikkerhedsudstyr Model C Ultra #1064,811,409,228,5.7
Sikkerhedsudstyr Model C Max #1065,613,419,115,5.5
Sikkerhedsudstyr Model C Compact #1066,633,183,154,7.4
Sikkerhedsudstyr Model C Mini #1067,1173,387,141,6.0
Sikkerhedsudstyr Model C XL #1068,1658,179,301,5.9
Sikkerhedsudstyr Model C S #1069,1431,81,310,7.4
Sikkerhedsudstyr Model C M #1070,628,82,187,5.7
Sikkerhedsudstyr Model C L #1071,994,427,150,3.7
Sikkerhedsudstyr Model C XL #1072,1425,102,236,4.9
Sikkerhedsudstyr Model C XXL #1073,576,219,269,4.1
Sikkerhedsudstyr Model C V1 #1074,962,398,327,3.7
Sikkerhedsudstyr Model C V2 #1075,1633,434,293,6.0
Sikkerhedsudstyr Model C V3 #1076,1909,409,255,6.5
Sikkerhedsudstyr Model C MK2 #1077,491,219,203,4.1
Sikkerhedsudstyr Model C MK3 #1078,1574,396,322,5.1
Sikkerhedsudstyr Model C Gen2 #1079,806,303,284,3.8
Sikkerhedsudstyr Model C Gen3 #1080,598,349,332,4.9
Sikkerhedsudstyr Model C Sort #1081,1771,362,136,5.2
Sikkerhedsudstyr Model C Hvid #1082,579,243,221,7.4
Sikkerhedsudstyr Model C Blå #1083,1769,401,353,7.4
Sikkerhedsudstyr Model C Rød #1084,1836,438,216,5.8
Sikkerhedsudstyr Model C Grøn #1085,532,91,155,4.7
Sikkerhedsudstyr Model C Grå #1086,1917,142,176,7.3
Sikkerhedsudstyr Type 1 Pro #1087,347,385,196,7.0
Sikkerhedsudstyr Type 1 Plus #1088,493,344,149,5.4
Sikkerhedsudstyr Type 1 Premium #1089,428,354,291,4.6
Sikkerhedsudstyr Type 1 Standard #1090,701,173,100,5.3
Sikkerhedsudstyr Type 1 Basic #1091,410,251,273,5.6
Sikkerhedsudstyr Type 1 Deluxe #1092,545,439,279,6.1
Sikkerhedsudstyr Type 1 Ultra #1093,775,375,145,5.1
Sikkerhedsudstyr Type 1 Max #1094,1920,355,234,6.9
Sikkerhedsudstyr Type 1 Compact #1095,1505,142,248,3.8
Sikkerhedsudstyr Type 1 Mini #1096,741,360,291,3.7
Sikkerhedsudstyr Type 1 XL #1097,343,194,216,6.8
Sikkerhedsudstyr Type 1 S #1098,1057,323,179,5.4
Sikkerhedsudstyr Type 1 M #1099,453,173,247,7.4
Sikkerhedsudstyr Type 1 L #1100,313,167,236,5.7
Sikkerhedsudstyr Type 1 XL #1101,1097,367,282,5.7
Sikkerhedsudstyr Type 1 XXL #1102,808,204,201,3.7
Sikkerhedsudstyr Type 1 V1 #1103,1001,265,294,6.1
Sikkerhedsudstyr Type 1 V2 #1104,1966,328,202,7.2
Sikkerhedsudstyr Type 1 V3 #1105,1252,406,294,4.1
Sikkerhedsudstyr Type 1 MK2 #1106,1164,235,130,4.7
Sikkerhedsudstyr Type 1 MK3 #1107,1448,378,267,4.4
Sikkerhedsudstyr Type 1 Gen2 #1108,987,426,147,4.4
Sikkerhedsudstyr Type 1 Gen3 #1109,1805,341,237,3.9
Sikkerhedsudstyr Type 1 Sort #1110,1011,135,310,5.7
Sikkerhedsudstyr Type 1 Hvid #1111,739,152,133,3.5
Sikkerhedsudstyr Type 1 Blå #1112,1814,161,270,4.0
Sikkerhedsudstyr Type 1 Rød #1113,1933,127,100,5.7
Sikkerhedsudstyr Type 1 Grøn #1114,570,208,192,5.0
Sikkerhedsudstyr Type 1 Grå #1115,1562,234,187,3.9
Sikkerhedsudstyr Type 2 Pro #1116,1256,121,304,6.2
Sikkerhedsudstyr Type 2 Plus #1117,943,268,123,7.3
Sikkerhedsudstyr Type 2 Premium #1118,1714,195,167,7.4
Sikkerhedsudstyr Type 2 Standard #1119,1102,287,187,5.4
Sikkerhedsudstyr Type 2 Basic #1120,492,174,276,4.2
Sikkerhedsudstyr Type 2 Deluxe #1121,369,445,162,4.8
Sikkerhedsudstyr Type 2 Ultra #1122,1251,235,107,5.6
Sikkerhedsudstyr Type 2 Max #1123,1334,331,187,4.0
Sikkerhedsudstyr Type 2 Compact #1124,1172,245,151,4.7
Sikkerhedsudstyr Type 2 Mini #1125,808,263,201,6.7
Sikkerhedsudstyr Type 2 XL #1126,634,378,233,6.0
Sikkerhedsudstyr Type 2 S #1127,527,307,287,4.0
Sikkerhedsudstyr Type 2 M #1128,802,230,272,6.1
Sikkerhedsudstyr Type 2 L #1129,1499,449,150,3.8
Sikkerhedsudstyr Type 2 XL #1130,515,293,168,5.2
Sikkerhedsudstyr Type 2 XXL #1131,1377,184,286,7.2
Sikkerhedsudstyr Type 2 V1 #1132,1587,439,200,5.2
Sikkerhedsudstyr Type 2 V2 #1133,1385,227,263,6.3
Sikkerhedsudstyr Type 2 V3 #1134,1563,181,101,4.9
Sikkerhedsudstyr Type 2 MK2 #1135,1745,151,81,5.0
Sikkerhedsudstyr Type 2 MK3 #1136,1659,332,214,3.9
Sikkerhedsudstyr Type 2 Gen2 #1137,893,177,172,4.6
Sikkerhedsudstyr Type 2 Gen3 #1138,409,111,107,4.4
Sikkerhedsudstyr Type 2 Sort #1139,781,251,131,5.9
Sikkerhedsudstyr Type 2 Hvid #1140,252,113,194,6.4
Sikkerhedsudstyr Type 2 Blå #1141,378,369,224,6.4
Sikkerhedsudstyr Type 2 Rød #1142,937,184,257,5.7
Sikkerhedsudstyr Type 2 Grøn #1143,387,261,246,5.6
Sikkerhedsudstyr Type 2 Grå #1144,1726,138,147,4.6
Sikkerhedsudstyr Serie 100 Pro #1145,647,414,351,5.8
Sikkerhedsudstyr Serie 100 Plus #1146,1698,139,149,5.0
Sikkerhedsudstyr Serie 100 Premium #1147,1449,84,307,5.6
Sikkerhedsudstyr Serie 100 Standard #1148,320,138,260,4.6
Sikkerhedsudstyr Serie 100 Basic #1149,706,124,152,6.6
Sikkerhedsudstyr Serie 100 Deluxe #1150,714,311,125,3.6
Sikkerhedsudstyr Serie 100 Ultra #1151,1757,215,87,7.5
Sikkerhedsudstyr Serie 100 Max #1152,1125,240,141,4.4
Sikkerhedsudstyr Serie 100 Compact #1153,1841,400,245,5.0
Sikkerhedsudstyr Serie 100 Mini #1154,1941,253,245,6.8
Sikkerhedsudstyr Serie 100 XL #1155,1425,111,123,5.7
Sikkerhedsudstyr Serie 100 S #1156,424,437,272,7.3
Sikkerhedsudstyr Serie 100 M #1157,1575,235,229,5.2
Sikkerhedsudstyr Serie 100 L #1158,1703,258,235,3.6
Sikkerhedsudstyr Serie 100 XL #1159,887,92,72,7.4
Sikkerhedsudstyr Serie 100 XXL #1160,798,329,201,5.1
Sikkerhedsudstyr Serie 100 V1 #1161,1529,220,153,4.7
Sikkerhedsudstyr Serie 100 V2 #1162,834,191,193,3.8
Sikkerhedsudstyr Serie 100 V3 #1163,1273,185,231,4.9
Sikkerhedsudstyr Serie 100 MK2 #1164,363,114,209,4.7
Sikkerhedsudstyr Serie 100 MK3 #1165,1529,409,230,5.7
Sikkerhedsudstyr Serie 100 Gen2 #1166,685,269,327,5.2
Sikkerhedsudstyr Serie 100 Gen3 #1167,873,334,163,5.3
Sikkerhedsudstyr Serie 100 Sort #1168,1394,282,267,7.5
Sikkerhedsudstyr Serie 100 Hvid #1169,1614,264,234,7.2
Sikkerhedsudstyr Serie 100 Blå #1170,1963,87,99,7.4
Sikkerhedsudstyr Serie 100 Rød #1171,395,287,304,6.1
Sikkerhedsudstyr Serie 100 Grøn #1172,632,215,115,7.4
Sikkerhedsudstyr Serie 100 Grå #1173,1110,397,128,7.1
Sikkerhedsudstyr Serie 200 Pro #1174,1989,378,173,5.7
Sikkerhedsudstyr Serie 200 Plus #1175,948,310,288,5.7
Sikkerhedsudstyr Serie 200 Premium #1176,1916,414,269,7.4
Sikkerhedsudstyr Serie 200 Standard #1177,309,234,114,4.9
Sikkerhedsudstyr Serie 200 Basic #1178,699,195,94,7.2
Sikkerhedsudstyr Serie 200 Deluxe #1179,1938,425,362,5.1
Sikkerhedsudstyr Serie 200 Ultra #1180,570,325,159,4.6
Sikkerhedsudstyr Serie 200 Max #1181,688,125,217,4.5
Sikkerhedsudstyr Serie 200 Compact #1182,1628,418,278,4.3
Sikkerhedsudstyr Serie 200 Mini #1183,1217,413,352,6.8
Sikkerhedsudstyr Serie 200 XL #1184,1871,446,143,5.2
Sikkerhedsudstyr Serie 200 S #1185,521,139,133,3.9
Sikkerhedsudstyr Serie 200 M #1186,978,267,176,6.3
Sikkerhedsudstyr Serie 200 L #1187,356,231,201,5.1
Sikkerhedsudstyr Serie 200 XL #1188,1086,157,126,5.8
Sikkerhedsudstyr Serie 200 XXL #1189,1404,377,112,5.3
Sikkerhedsudstyr Serie 200 V1 #1190,1580,240,290,5.3
Sikkerhedsudstyr Serie 200 V2 #1191,448,257,120,4.0
Sikkerhedsudstyr Serie 200 V3 #1192,1631,88,287,5.9
Sikkerhedsudstyr Serie 200 MK2 #1193,1370,445,141,4.7
Sikkerhedsudstyr Serie 200 MK3 #1194,1581,327,99,6.4
Sikkerhedsudstyr Serie 200 Gen2 #1195,370,177,302,3.5
Sikkerhedsudstyr Serie 200 Gen3 #1196,1484,382,308,6.1
Sikkerhedsudstyr Serie 200 Sort #1197,1834,180,267,4.6
Sikkerhedsudstyr Serie 200 Hvid #1198,1852,172,137,7.3
Sikkerhedsudstyr Serie 200 Blå #1199,1657,174,273,5.4
Sikkerhedsudstyr Serie 200 Rød #1200,366,372,140,7.3
Sikkerhedsudstyr Serie 200 Grøn #1201,944,404,137,4.3
Sikkerhedsudstyr Serie 200 Grå #1202,1280,170,134,6.8
Sikkerhedsudstyr Edition Pro #1203,692,444,236,5.9
Sikkerhedsudstyr Edition Plus #1204,1432,357,281,7.2
Sikkerhedsudstyr Edition Premium #1205,912,206,101,6.3
Sikkerhedsudstyr Edition Standard #1206,310,193,171,3.8
Sikkerhedsudstyr Edition Basic #1207,1829,377,111,4.5
Sikkerhedsudstyr Edition Deluxe #1208,941,167,231,5.4
Sikkerhedsudstyr Edition Ultra #1209,915,425,261,5.2
Sikkerhedsudstyr Edition Max #1210,1394,239,258,4.9
Sikkerhedsudstyr Edition Compact #1211,1014,377,156,5.9
Sikkerhedsudstyr Edition Mini #1212,1868,81,186,4.0
Sikkerhedsudstyr Edition XL #1213,1799,77,245,6.1
Sikkerhedsudstyr Edition S #1214,514,371,281,5.1
Sikkerhedsudstyr Edition M #1215,439,349,338,6.1
Sikkerhedsudstyr Edition L #1216,702,110,314,3.6
Sikkerhedsudstyr Edition XL #1217,380,264,265,5.7
Sikkerhedsudstyr Edition XXL #1218,882,303,144,5.5
Sikkerhedsudstyr Edition V1 #1219,367,357,116,4.7
Sikkerhedsudstyr Edition V2 #1220,773,237,178,5.7
Sikkerhedsudstyr Edition V3 #1221,1503,355,261,6.8
Sikkerhedsudstyr Edition MK2 #1222,788,341,189,4.0
Sikkerhedsudstyr Edition MK3 #1223,1432,126,161,5.5
Sikkerhedsudstyr Edition Gen2 #1224,377,179,206,6.2
Sikkerhedsudstyr Edition Gen3 #1225,1114,286,158,3.9
Sikkerhedsudstyr Edition Sort #1226,663,430,182,6.8
Sikkerhedsudstyr Edition Hvid #1227,1275,232,199,4.9
Sikkerhedsudstyr Edition Blå #1228,1337,376,229,7.3
Sikkerhedsudstyr Edition Rød #1229,1910,378,238,6.6
Sikkerhedsudstyr Edition Grøn #1230,1519,237,297,5.3
Sikkerhedsudstyr Edition Grå #1231,342,265,112,5.6
Sikkerhedsudstyr Classic Pro #1232,357,88,262,4.5
Sikkerhedsudstyr Classic Plus #1233,1431,385,191,7.4
Sikkerhedsudstyr Classic Premium #1234,1008,197,86,5.1
Sikkerhedsudstyr Classic Standard #1235,1968,217,222,5.2
Sikkerhedsudstyr Classic Basic #1236,890,87,186,7.1
Sikkerhedsudstyr Classic Deluxe #1237,247,99,201,6.3
Sikkerhedsudstyr Classic Ultra #1238,1358,426,306,6.8
Sikkerhedsudstyr Classic Max #1239,1134,359,208,5.0
Sikkerhedsudstyr Classic Compact #1240,1723,239,130,3.7
Sikkerhedsudstyr Classic Mini #1241,1228,198,249,7.3
Sikkerhedsudstyr Classic XL #1242,1576,135,158,4.7
Sikkerhedsudstyr Classic S #1243,877,365,169,7.4
Sikkerhedsudstyr Classic M #1244,1378,386,228,7.2
Sikkerhedsudstyr Classic L #1245,1640,391,349,6.5
Sikkerhedsudstyr Classic XL #1246,1749,211,192,6.8
Sikkerhedsudstyr Classic XXL #1247,1182,173,136,6.4
Sikkerhedsudstyr Classic V1 #1248,807,409,230,5.3
Sikkerhedsudstyr Classic V2 #1249,1096,307,195,5.3
Sikkerhedsudstyr Classic V3 #1250,965,408,139,6.1
Sikkerhedsudstyr Classic MK2 #1251,1962,281,339,5.7
Sikkerhedsudstyr Classic MK3 #1252,1269,138,117,7.2
Sikkerhedsudstyr Classic Gen2 #1253,1527,276,243,4.3
Sikkerhedsudstyr Classic Gen3 #1254,1846,272,311,5.6
Sikkerhedsudstyr Classic Sort #1255,1608,327,333,3.5
Sikkerhedsudstyr Classic Hvid #1256,1732,204,234,5.9
Sikkerhedsudstyr Classic Blå #1257,716,117,184,5.9
Sikkerhedsudstyr Classic Rød #1258,704,429,130,7.2
Sikkerhedsudstyr Classic Grøn #1259,1106,122,260,4.3
Sikkerhedsudstyr Classic Grå #1260,542,347,153,5.5
Sikkerhedsudstyr Modern Pro #1261,1282,394,274,5.8
Sikkerhedsudstyr Modern Plus #1262,1786,223,171,3.6
Sikkerhedsudstyr Modern Premium #1263,1109,221,101,6.8
Sikkerhedsudstyr Modern Standard #1264,796,399,190,5.7
Sikkerhedsudstyr Modern Basic #1265,408,279,328,6.2
Sikkerhedsudstyr Modern Deluxe #1266,1300,130,150,4.3
Sikkerhedsudstyr Modern Ultra #1267,549,92,278,5.4
Sikkerhedsudstyr Modern Max #1268,1995,243,118,5.6
Sikkerhedsudstyr Modern Compact #1269,1033,299,319,4.0
Sikkerhedsudstyr Modern Mini #1270,1372,90,120,5.3
Sikkerhedsudstyr Modern XL #1271,331,181,271,7.2
Sikkerhedsudstyr Modern S #1272,1590,350,132,3.9
Sikkerhedsudstyr Modern M #1273,1056,157,297,7.3
Sikkerhedsudstyr Modern L #1274,1875,442,126,4.2
Sikkerhedsudstyr Modern XL #1275,357,347,227,3.7
Sikkerhedsudstyr Modern XXL #1276,1821,112,121,4.6
Sikkerhedsudstyr Modern V1 #1277,786,375,292,4.2
Sikkerhedsudstyr Modern V2 #1278,1358,127,164,6.5
Sikkerhedsudstyr Modern V3 #1279,471,109,283,7.1
Sikkerhedsudstyr Modern MK2 #1280,664,185,300,5.5
Sikkerhedsudstyr Modern MK3 #1281,391,96,158,5.7
Sikkerhedsudstyr Modern Gen2 #1282,1029,352,117,4.5
Sikkerhedsudstyr Modern Gen3 #1283,1491,372,118,5.4
Sikkerhedsudstyr Modern Sort #1284,1333,290,138,6.3
Sikkerhedsudstyr Modern Hvid #1285,1158,371,333,4.0
Sikkerhedsudstyr Modern Blå #1286,450,271,284,5.3
Sikkerhedsudstyr Modern Rød #1287,1359,320,110,6.4
Sikkerhedsudstyr Modern Grøn #1288,466,274,233,4.5
Sikkerhedsudstyr Modern Grå #1289,1161,90,136,5.0
Sikkerhedsudstyr Industri Pro #1290,1227,420,183,7.4
Sikkerhedsudstyr Industri Plus #1291,486,277,158,6.3
Sikkerhedsudstyr Industri Premium #1292,293,307,117,3.8
Sikkerhedsudstyr Industri Standard #1293,1753,200,206,7.3
Sikkerhedsudstyr Industri Basic #1294,407,443,246,5.0
Sikkerhedsudstyr Industri Deluxe #1295,441,337,142,6.0
Sikkerhedsudstyr Industri Ultra #1296,1039,164,284,5.5
Sikkerhedsudstyr Industri Max #1297,864,335,263,4.6
Sikkerhedsudstyr Industri Compact #1298,1857,79,251,7.4
Sikkerhedsudstyr Industri Mini #1299,653,265,93,7.5
Sikkerhedsudstyr Industri XL #1300,804,195,239,7.3
Sikkerhedsudstyr Industri S #1301,1129,328,327,5.4
Sikkerhedsudstyr Industri M #1302,250,187,274,3.8
Sikkerhedsudstyr Industri L #1303,963,352,336,6.6
Sikkerhedsudstyr Industri XL #1304,1057,317,243,6.2
Sikkerhedsudstyr Industri XXL #1305,799,298,233,4.5
Sikkerhedsudstyr Industri V1 #1306,1498,101,288,3.5
Sikkerhedsudstyr Industri V2 #1307,425,286,274,6.8
Sikkerhedsudstyr Industri V3 #1308,978,350,152,4.1
Sikkerhedsudstyr Industri MK2 #1309,448,164,199,6.4
Sikkerhedsudstyr Industri MK3 #1310,1481,120,119,6.2
Sikkerhedsudstyr Industri Gen2 #1311,1260,133,273,6.2
Sikkerhedsudstyr Industri Gen3 #1312,526,171,261,7.4
Sikkerhedsudstyr Industri Sort #1313,1390,154,287,6.6
Sikkerhedsudstyr Industri Hvid #1314,1655,443,264,5.3
Sikkerhedsudstyr Industri Blå #1315,1616,443,192,7.2
Sikkerhedsudstyr Industri Rød #1316,904,376,164,5.8
Sikkerhedsudstyr Industri Grøn #1317,1127,385,115,4.5
Sikkerhedsudstyr Industri Grå #1318,439,441,204,7.2
Sikkerhedsudstyr Professionel Pro #1319,1074,188,143,7.2
Sikkerhedsudstyr Professionel Plus #1320,1302,384,220,5.4
Sikkerhedsudstyr Professionel Premium #1321,996,175,315,4.7
Sikkerhedsudstyr Professionel Standard #1322,934,161,74,4.0
Sikkerhedsudstyr Professionel Basic #1323,1630,126,285,3.8
Sikkerhedsudstyr Professionel Deluxe #1324,287,105,291,5.7
Sikkerhedsudstyr Professionel Ultra #1325,810,200,109,4.3
Sikkerhedsudstyr Professionel Max #1326,1902,261,265,7.5
Sikkerhedsudstyr Professionel Compact #1327,1297,245,227,6.4
Sikkerhedsudstyr Professionel Mini #1328,1193,422,115,4.1
Sikkerhedsudstyr Professionel XL #1329,1090,277,156,5.7
Sikkerhedsudstyr Professionel S #1330,455,187,136,5.6
Sikkerhedsudstyr Professionel M #1331,902,137,248,6.6
Sikkerhedsudstyr Professionel L #1332,1594,367,274,3.7
Sikkerhedsudstyr Professionel XL #1333,315,107,67,4.1
Sikkerhedsudstyr Professionel XXL #1334,1458,165,131,4.9
Sikkerhedsudstyr Professionel V1 #1335,1608,240,104,6.5
Sikkerhedsudstyr Professionel V2 #1336,1537,96,64,6.6
Sikkerhedsudstyr Professionel V3 #1337,676,442,152,4.1
Sikkerhedsudstyr Professionel MK2 #1338,244,97,195,6.3
Sikkerhedsudstyr Professionel MK3 #1339,1987,431,168,6.7
Sikkerhedsudstyr Professionel Gen2 #1340,1874,225,228,6.0
Sikkerhedsudstyr Professionel Gen3 #1341,1993,186,307,4.6
Sikkerhedsudstyr Professionel Sort #1342,1186,305,205,5.5
Sikkerhedsudstyr Professionel Hvid #1343,1858,431,220,6.7
Sikkerhedsudstyr Professionel Blå #1344,1936,309,180,3.7
Sikkerhedsudstyr Professionel Rød #1345,1580,418,189,5.3
Sikkerhedsudstyr Professionel Grøn #1346,1283,327,170,7.1
Sikkerhedsudstyr Professionel Grå #1347,977,362,332,6.5
Sikkerhedsudstyr Commercial Pro #1348,1272,409,206,6.6
Sikkerhedsudstyr Commercial Plus #1349,588,141,83,4.9
Sikkerhedsudstyr Commercial Premium #1350,760,292,224,6.8
Sikkerhedsudstyr Commercial Standard #1351,816,169,134,4.4
Sikkerhedsudstyr Commercial Basic #1352,384,232,94,5.5
Sikkerhedsudstyr Commercial Deluxe #1353,1254,245,104,6.2
Sikkerhedsudstyr Commercial Ultra #1354,307,441,362,4.6
Sikkerhedsudstyr Commercial Max #1355,1624,206,331,6.6
Sikkerhedsudstyr Commercial Compact #1356,875,266,189,6.0
Sikkerhedsudstyr Commercial Mini #1357,1281,354,183,4.1
Sikkerhedsudstyr Commercial XL #1358,381,178,212,4.0
Sikkerhedsudstyr Commercial S #1359,956,185,148,6.1
Sikkerhedsudstyr Commercial M #1360,1416,179,178,5.5
Sikkerhedsudstyr Commercial L #1361,1346,293,266,4.1
Sikkerhedsudstyr Commercial XL #1362,1018,141,182,6.7
Sikkerhedsudstyr Commercial XXL #1363,1944,123,257,3.9
Sikkerhedsudstyr Commercial V1 #1364,688,222,193,4.1
Sikkerhedsudstyr Commercial V2 #1365,267,106,126,3.6
Sikkerhedsudstyr Commercial V3 #1366,414,193,196,4.9
Sikkerhedsudstyr Commercial MK2 #1367,746,269,129,6.9
Sikkerhedsudstyr Commercial MK3 #1368,761,328,310,3.8
Sikkerhedsudstyr Commercial Gen2 #1369,1128,439,162,5.8
Sikkerhedsudstyr Commercial Gen3 #1370,1668,98,122,4.1
Sikkerhedsudstyr Commercial Sort #1371,1780,435,163,6.7
Sikkerhedsudstyr Commercial Hvid #1372,1898,338,341,4.1
Sikkerhedsudstyr Commercial Blå #1373,327,440,256,5.3
Sikkerhedsudstyr Commercial Rød #1374,1714,186,277,5.7
Sikkerhedsudstyr Commercial Grøn #1375,674,320,197,4.5
Sikkerhedsudstyr Commercial Grå #1376,1724,387,144,4.4
Sikkerhedsudstyr Model A Pro #1377,1164,364,113,3.6
Sikkerhedsudstyr Model A Plus #1378,1869,267,325,5.1
Sikkerhedsudstyr Model A Premium #1379,313,376,242,6.2
Sikkerhedsudstyr Model A Standard #1380,1362,358,273,6.9
Sikkerhedsudstyr Model A Basic #1381,1434,388,184,7.0
Sikkerhedsudstyr Model A Deluxe #1382,785,207,328,6.7
Sikkerhedsudstyr Model A Ultra #1383,862,385,149,4.7
Sikkerhedsudstyr Model A Max #1384,1583,198,99,5.7
Sikkerhedsudstyr Model A Compact #1385,1820,152,110,6.5
Sikkerhedsudstyr Model A Mini #1386,632,351,268,6.1
Sikkerhedsudstyr Model A XL #1387,1525,248,240,5.8
Sikkerhedsudstyr Model A S #1388,776,224,276,5.7
Sikkerhedsudstyr Model A M #1389,417,86,69,5.5
Sikkerhedsudstyr Model A L #1390,1850,444,283,7.5
Sikkerhedsudstyr Model A XL #1391,633,306,134,5.6
Sikkerhedsudstyr Model A XXL #1392,587,371,185,5.8
Sikkerhedsudstyr Model A V1 #1393,1669,222,301,4.1
Sikkerhedsudstyr Model A V2 #1394,1622,223,269,5.2
Sikkerhedsudstyr Model A V3 #1395,1430,380,249,6.9
Sikkerhedsudstyr Model A MK2 #1396,440,395,163,4.6
Sikkerhedsudstyr Model A MK3 #1397,1245,232,185,4.9
Sikkerhedsudstyr Model A Gen2 #1398,938,273,325,6.4
Sikkerhedsudstyr Model A Gen3 #1399,720,287,317,6.7
Sikkerhedsudstyr Model A Sort #1400,1103,191,322,4.6
Sikkerhedsudstyr Model A Hvid #1401,1021,145,168,3.8
Sikkerhedsudstyr Model A Blå #1402,1253,359,160,6.4
Sikkerhedsudstyr Model A Rød #1403,975,229,197,4.6
Sikkerhedsudstyr Model A Grøn #1404,1175,401,309,6.7
Sikkerhedsudstyr Model A Grå #1405,574,435,282,5.6
Sikkerhedsudstyr Model B Pro #1406,851,271,306,5.6
Sikkerhedsudstyr Model B Plus #1407,527,255,207,6.6
Sikkerhedsudstyr Model B Premium #1408,282,141,144,5.9
Sikkerhedsudstyr Model B Standard #1409,337,336,102,4.0
Sikkerhedsudstyr Model B Basic #1410,315,259,255,5.7
Sikkerhedsudstyr Model B Deluxe #1411,1015,191,308,4.4
Sikkerhedsudstyr Model B Ultra #1412,1292,326,214,4.1
Sikkerhedsudstyr Model B Max #1413,1155,348,207,7.2
Sikkerhedsudstyr Model B Compact #1414,656,133,294,4.1
Sikkerhedsudstyr Model B Mini #1415,629,145,234,7.5
Sikkerhedsudstyr Model B XL #1416,1359,255,122,6.6
Sikkerhedsudstyr Model B S #1417,1356,122,152,3.9
Sikkerhedsudstyr Model B M #1418,1401,320,134,3.5
Sikkerhedsudstyr Model B L #1419,1675,358,139,5.7
Sikkerhedsudstyr Model B XL #1420,888,262,243,7.0
Sikkerhedsudstyr Model B XXL #1421,1454,87,152,4.1
Sikkerhedsudstyr Model B V1 #1422,1979,325,342,7.3
Sikkerhedsudstyr Model B V2 #1423,811,422,162,5.2
Sikkerhedsudstyr Model B V3 #1424,1508,360,281,4.6
Sikkerhedsudstyr Model B MK2 #1425,1376,300,107,3.8
Sikkerhedsudstyr Model B MK3 #1426,1473,294,333,5.4
Sikkerhedsudstyr Model B Gen2 #1427,384,287,342,7.5
Sikkerhedsudstyr Model B Gen3 #1428,294,134,233,5.9
Sikkerhedsudstyr Model B Sort #1429,1226,98,198,7.4
Sikkerhedsudstyr Model B Hvid #1430,1920,269,98,5.9
Sikkerhedsudstyr Model B Blå #1431,1076,210,266,6.3
Sikkerhedsudstyr Model B Rød #1432,830,151,112,4.5
Sikkerhedsudstyr Model B Grøn #1433,1398,127,140,7.2
Sikkerhedsudstyr Model B Grå #1434,895,228,295,6.5
Sikkerhedsudstyr Model C Pro #1435,1291,352,217,5.9
Sikkerhedsudstyr Model C Plus #1436,1657,94,181,3.6
Sikkerhedsudstyr Model C Premium #1437,438,115,159,6.4
Sikkerhedsudstyr Model C Standard #1438,1262,394,301,4.4
Sikkerhedsudstyr Model C Basic #1439,641,375,316,6.7
Sikkerhedsudstyr Model C Deluxe #1440,1684,220,133,3.6
Sikkerhedsudstyr Model C Ultra #1441,784,314,267,6.2
Sikkerhedsudstyr Model C Max #1442,512,278,226,5.3
Sikkerhedsudstyr Model C Compact #1443,656,243,87,3.7
Sikkerhedsudstyr Model C Mini #1444,497,224,261,6.3
Sikkerhedsudstyr Model C XL #1445,1040,389,315,3.7
Sikkerhedsudstyr Model C S #1446,1291,430,120,6.3
Sikkerhedsudstyr Model C M #1447,1954,306,98,3.6
Sikkerhedsudstyr Model C L #1448,1138,308,244,6.5
Sikkerhedsudstyr Model C XL #1449,1716,111,292,3.6
Sikkerhedsudstyr Model C XXL #1450,559,161,76,4.2
Sikkerhedsudstyr Model C V1 #1451,784,143,294,6.4
Sikkerhedsudstyr Model C V2 #1452,1113,263,330,4.9
Sikkerhedsudstyr Model C V3 #1453,929,253,158,7.4
Sikkerhedsudstyr Model C MK2 #1454,1507,226,165,6.3
Sikkerhedsudstyr Model C MK3 #1455,650,229,267,4.1
Sikkerhedsudstyr Model C Gen2 #1456,1713,174,306,4.2
Sikkerhedsudstyr Model C Gen3 #1457,1302,398,305,5.5
Sikkerhedsudstyr Model C Sort #1458,1866,447,129,5.4
Sikkerhedsudstyr Model C Hvid #1459,642,217,102,4.5
Sikkerhedsudstyr Model C Blå #1460,1971,127,112,3.6
Sikkerhedsudstyr Model C Rød #1461,1369,388,323,7.2
Sikkerhedsudstyr Model C Grøn #1462,1200,372,134,5.7
Sikkerhedsudstyr Model C Grå #1463,873,96,213,7.3
Sikkerhedsudstyr Type 1 Pro #1464,1752,89,294,5.4
Sikkerhedsudstyr Type 1 Plus #1465,341,341,199,6.1
Sikkerhedsudstyr Type 1 Premium #1466,1942,255,131,3.9
Sikkerhedsudstyr Type 1 Standard #1467,955,270,244,6.9
Sikkerhedsudstyr Type 1 Basic #1468,910,288,180,5.7
Sikkerhedsudstyr Type 1 Deluxe #1469,627,196,257,7.2
Sikkerhedsudstyr Type 1 Ultra #1470,493,382,355,5.6
Sikkerhedsudstyr Type 1 Max #1471,993,96,138,5.8
Sikkerhedsudstyr Type 1 Compact #1472,808,156,247,5.6
Sikkerhedsudstyr Type 1 Mini #1473,772,80,157,7.4
Sikkerhedsudstyr Type 1 XL #1474,1042,320,122,3.5
Sikkerhedsudstyr Type 1 S #1475,1473,431,342,7.1
Sikkerhedsudstyr Type 1 M #1476,595,94,312,3.6
Sikkerhedsudstyr Type 1 L #1477,1402,313,294,4.3
Sikkerhedsudstyr Type 1 XL #1478,1101,284,217,5.2
Sikkerhedsudstyr Type 1 XXL #1479,1563,370,218,6.9
Sikkerhedsudstyr Type 1 V1 #1480,1095,186,204,4.0
Sikkerhedsudstyr Type 1 V2 #1481,1221,193,281,7.1
Sikkerhedsudstyr Type 1 V3 #1482,417,133,165,6.4
Sikkerhedsudstyr Type 1 MK2 #1483,1711,229,289,5.1
Sikkerhedsudstyr Type 1 MK3 #1484,1652,143,252,5.7
Sikkerhedsudstyr Type 1 Gen2 #1485,380,79,279,6.6
Sikkerhedsudstyr Type 1 Gen3 #1486,1706,207,92,5.7
Sikkerhedsudstyr Type 1 Sort #1487,455,142,293,5.3
Sikkerhedsudstyr Type 1 Hvid #1488,975,271,254,4.0
Sikkerhedsudstyr Type 1 Blå #1489,989,213,218,7.5
Sikkerhedsudstyr Type 1 Rød #1490,1213,113,291,6.3
Sikkerhedsudstyr Type 1 Grøn #1491,643,308,323,6.5
Sikkerhedsudstyr Type 1 Grå #1492,1272,145,175,6.1
Sikkerhedsudstyr Type 2 Pro #1493,813,155,184,7.2
Sikkerhedsudstyr Type 2 Plus #1494,1083,92,276,4.8
Sikkerhedsudstyr Type 2 Premium #1495,1100,345,119,7.2
Sikkerhedsudstyr Type 2 Standard #1496,284,207,117,6.8
Sikkerhedsudstyr Type 2 Basic #1497,686,414,348,5.4
Sikkerhedsudstyr Type 2 Deluxe #1498,409,411,122,5.4
Sikkerhedsudstyr Type 2 Ultra #1499,599,201,180,4.5
Sikkerhedsudstyr Type 2 Max #1500,561,165,219,3.6
Sikkerhedsudstyr Type 2 Compact #1501,732,405,185,5.2
Sikkerhedsudstyr Type 2 Mini #1502,578,304,249,6.7
Sikkerhedsudstyr Type 2 XL #1503,1576,193,308,6.6
Sikkerhedsudstyr Type 2 S #1504,1773,135,244,3.6
Sikkerhedsudstyr Type 2 M #1505,431,360,337,4.6
Sikkerhedsudstyr Type 2 L #1506,996,79,246,6.8
Sikkerhedsudstyr Type 2 XL #1507,1179,185,95,4.7
Sikkerhedsudstyr Type 2 XXL #1508,782,401,337,6.7
Sikkerhedsudstyr Type 2 V1 #1509,1021,92,261,5.0
Sikkerhedsudstyr Type 2 V2 #1510,347,138,140,5.5
Sikkerhedsudstyr Type 2 V3 #1511,486,421,284,6.3
Sikkerhedsudstyr Type 2 MK2 #1512,598,187,306,5.8
Sikkerhedsudstyr Type 2 MK3 #1513,422,280,240,4.3
Sikkerhedsudstyr Type 2 Gen2 #1514,1760,399,324,3.8
Sikkerhedsudstyr Type 2 Gen3 #1515,472,381,251,3.7
Sikkerhedsudstyr Type 2 Sort #1516,897,357,194,4.0
Sikkerhedsudstyr Type 2 Hvid #1517,1080,109,151,6.1
Sikkerhedsudstyr Type 2 Blå #1518,392,428,322,6.1
Sikkerhedsudstyr Type 2 Rød #1519,1524,408,256,6.2
Sikkerhedsudstyr Type 2 Grøn #1520,1011,271,307,6.8
Sikkerhedsudstyr Type 2 Grå #1521,537,151,122,6.2
Sikkerhedsudstyr Serie 100 Pro #1522,1387,351,153,5.8
Sikkerhedsudstyr Serie 100 Plus #1523,1857,88,203,4.7
Sikkerhedsudstyr Serie 100 Premium #1524,1258,238,298,5.2
Sikkerhedsudstyr Serie 100 Standard #1525,1574,178,274,4.4
Sikkerhedsudstyr Serie 100 Basic #1526,1629,256,221,4.7
Sikkerhedsudstyr Serie 100 Deluxe #1527,277,338,103,6.8
Sikkerhedsudstyr Serie 100 Ultra #1528,609,212,125,5.1
Sikkerhedsudstyr Serie 100 Max #1529,326,77,228,4.6
Sikkerhedsudstyr Serie 100 Compact #1530,871,159,190,5.3
Sikkerhedsudstyr Serie 100 Mini #1531,390,205,127,3.8
Sikkerhedsudstyr Serie 100 XL #1532,1585,193,182,6.9
Sikkerhedsudstyr Serie 100 S #1533,275,118,155,4.8
Sikkerhedsudstyr Serie 100 M #1534,601,348,183,5.6
Sikkerhedsudstyr Serie 100 L #1535,883,138,84,5.4
Sikkerhedsudstyr Serie 100 XL #1536,1412,151,218,3.8
Sikkerhedsudstyr Serie 100 XXL #1537,852,250,148,6.7
Sikkerhedsudstyr Serie 100 V1 #1538,1125,133,103,5.5
Sikkerhedsudstyr Serie 100 V2 #1539,990,240,279,5.1
Sikkerhedsudstyr Serie 100 V3 #1540,1673,237,151,5.3
Sikkerhedsudstyr Serie 100 MK2 #1541,371,411,326,4.1
Sikkerhedsudstyr Serie 100 MK3 #1542,1401,171,284,4.5
Sikkerhedsudstyr Serie 100 Gen2 #1543,1429,177,160,4.1
Sikkerhedsudstyr Serie 100 Gen3 #1544,913,127,236,6.1
Sikkerhedsudstyr Serie 100 Sort #1545,1673,169,267,5.6
Sikkerhedsudstyr Serie 100 Hvid #1546,328,269,135,6.4
Sikkerhedsudstyr Serie 100 Blå #1547,1393,193,274,6.7
Sikkerhedsudstyr Serie 100 Rød #1548,435,217,129,5.2
Sikkerhedsudstyr Serie 100 Grøn #1549,410,298,136,4.1
Sikkerhedsudstyr Serie 100 Grå #1550,1713,142,246,3.6
Sikkerhedsudstyr Serie 200 Pro #1551,1424,305,234,7.1
Sikkerhedsudstyr Serie 200 Plus #1552,666,311,173,6.4
Sikkerhedsudstyr Serie 200 Premium #1553,573,224,324,4.7
Sikkerhedsudstyr Serie 200 Standard #1554,1223,365,195,4.9
Sikkerhedsudstyr Serie 200 Basic #1555,1266,403,359,7.1
Sikkerhedsudstyr Serie 200 Deluxe #1556,537,84,154,5.8
Sikkerhedsudstyr Serie 200 Ultra #1557,1986,391,122,6.5
Sikkerhedsudstyr Serie 200 Max #1558,972,85,202,3.6
Sikkerhedsudstyr Serie 200 Compact #1559,1478,273,131,5.6
Sikkerhedsudstyr Serie 200 Mini #1560,1552,304,98,3.9
Sikkerhedsudstyr Serie 200 XL #1561,670,434,317,4.6
Sikkerhedsudstyr Serie 200 S #1562,1881,419,181,5.7
Sikkerhedsudstyr Serie 200 M #1563,1236,134,183,6.6
Sikkerhedsudstyr Serie 200 L #1564,1386,450,340,7.4
Sikkerhedsudstyr Serie 200 XL #1565,1445,377,177,4.2
Sikkerhedsudstyr Serie 200 XXL #1566,1617,281,181,6.9
Sikkerhedsudstyr Serie 200 V1 #1567,1099,412,242,6.1
Sikkerhedsudstyr Serie 200 V2 #1568,358,303,98,6.1
Sikkerhedsudstyr Serie 200 V3 #1569,1945,233,241,7.4
Sikkerhedsudstyr Serie 200 MK2 #1570,1490,302,331,6.4
Sikkerhedsudstyr Serie 200 MK3 #1571,1671,266,115,4.0
Sikkerhedsudstyr Serie 200 Gen2 #1572,1446,133,81,7.2
Sikkerhedsudstyr Serie 200 Gen3 #1573,1138,152,190,6.7
Sikkerhedsudstyr Serie 200 Sort #1574,386,259,131,6.6
Sikkerhedsudstyr Serie 200 Hvid #1575,1886,366,330,6.6
Sikkerhedsudstyr Serie 200 Blå #1576,323,446,196,6.4
Sikkerhedsudstyr Serie 200 Rød #1577,1413,254,147,4.7
Sikkerhedsudstyr Serie 200 Grøn #1578,356,441,162,6.2
Sikkerhedsudstyr Serie 200 Grå #1579,917,314,316,4.5
Sikkerhedsudstyr Edition Pro #1580,598,240,237,3.8
Sikkerhedsudstyr Edition Plus #1581,627,177,197,4.2
Sikkerhedsudstyr Edition Premium #1582,1228,254,219,5.0
Sikkerhedsudstyr Edition Standard #1583,339,151,103,5.6
Sikkerhedsudstyr Edition Basic #1584,395,379,199,7.4
Sikkerhedsudstyr Edition Deluxe #1585,440,430,318,6.6
Sikkerhedsudstyr Edition Ultra #1586,1236,256,285,3.8
Sikkerhedsudstyr Edition Max #1587,1944,237,233,5.0
Sikkerhedsudstyr Edition Compact #1588,918,425,247,7.2
Sikkerhedsudstyr Edition Mini #1589,575,436,343,5.3
Sikkerhedsudstyr Edition XL #1590,1056,433,121,6.1
Sikkerhedsudstyr Edition S #1591,902,173,181,4.1
Sikkerhedsudstyr Edition M #1592,947,227,239,4.4
Sikkerhedsudstyr Edition L #1593,1011,402,115,4.7
Sikkerhedsudstyr Edition XL #1594,1555,185,163,5.7
Sikkerhedsudstyr Edition XXL #1595,395,250,114,5.0
Sikkerhedsudstyr Edition V1 #1596,1664,413,258,6.0
Sikkerhedsudstyr Edition V2 #1597,1543,145,193,4.9
Sikkerhedsudstyr Edition V3 #1598,651,200,143,6.7
Sikkerhedsudstyr Edition MK2 #1599,413,369,325,7.5
Sikkerhedsudstyr Edition MK3 #1600,871,160,166,4.2
Sikkerhedsudstyr Edition Gen2 #1601,1293,253,236,3.7
Sikkerhedsudstyr Edition Gen3 #1602,1393,261,334,6.4
Sikkerhedsudstyr Edition Sort #1603,1298,118,278,5.4
Sikkerhedsudstyr Edition Hvid #1604,1729,87,158,7.0
Sikkerhedsudstyr Edition Blå #1605,625,380,327,4.0
Sikkerhedsudstyr Edition Rød #1606,1108,326,153,7.4
Sikkerhedsudstyr Edition Grøn #1607,1863,275,134,4.4
Sikkerhedsudstyr Edition Grå #1608,1607,378,256,7.2
Sikkerhedsudstyr Classic Pro #1609,567,96,290,6.3
Sikkerhedsudstyr Classic Plus #1610,1214,343,329,6.4
Sikkerhedsudstyr Classic Premium #1611,752,223,197,6.5
Sikkerhedsudstyr Classic Standard #1612,579,220,181,5.5
Sikkerhedsudstyr Classic Basic #1613,1771,267,126,5.7
Sikkerhedsudstyr Classic Deluxe #1614,1895,444,158,5.2
Sikkerhedsudstyr Classic Ultra #1615,1429,232,97,5.2
Sikkerhedsudstyr Classic Max #1616,1382,417,264,3.6
Sikkerhedsudstyr Classic Compact #1617,1107,305,170,6.3
Sikkerhedsudstyr Classic Mini #1618,1899,221,191,4.4
Sikkerhedsudstyr Classic XL #1619,1230,298,161,5.6
Sikkerhedsudstyr Classic S #1620,333,85,70,5.2
Sikkerhedsudstyr Classic M #1621,1052,284,97,3.5
Sikkerhedsudstyr Classic L #1622,1030,177,94,5.0
Sikkerhedsudstyr Classic XL #1623,1630,137,305,6.3
Sikkerhedsudstyr Classic XXL #1624,1773,156,175,7.5
Sikkerhedsudstyr Classic V1 #1625,353,269,124,6.3
Sikkerhedsudstyr Classic V2 #1626,930,178,77,4.4
Sikkerhedsudstyr Classic V3 #1627,680,195,314,4.0
Sikkerhedsudstyr Classic MK2 #1628,344,296,94,4.4
Sikkerhedsudstyr Classic MK3 #1629,1971,212,327,7.2
Sikkerhedsudstyr Classic Gen2 #1630,925,382,285,4.1
Sikkerhedsudstyr Classic Gen3 #1631,1437,107,302,4.8
Sikkerhedsudstyr Classic Sort #1632,900,143,270,4.3
Sikkerhedsudstyr Classic Hvid #1633,1882,249,99,5.3
Sikkerhedsudstyr Classic Blå #1634,663,334,317,4.6
Sikkerhedsudstyr Classic Rød #1635,1237,194,144,3.8
Sikkerhedsudstyr Classic Grøn #1636,1827,324,270,6.8
Sikkerhedsudstyr Classic Grå #1637,879,386,146,7.5
Sikkerhedsudstyr Modern Pro #1638,967,323,162,4.6
Sikkerhedsudstyr Modern Plus #1639,678,433,338,5.2
Sikkerhedsudstyr Modern Premium #1640,1156,218,118,4.8
Sikkerhedsudstyr Modern Standard #1641,1292,219,327,6.9
Sikkerhedsudstyr Modern Basic #1642,264,435,222,7.4
Sikkerhedsudstyr Modern Deluxe #1643,1969,314,260,4.8
Sikkerhedsudstyr Modern Ultra #1644,376,100,124,6.0
Sikkerhedsudstyr Modern Max #1645,1716,348,190,5.8
Sikkerhedsudstyr Modern Compact #1646,1226,367,209,7.4
Sikkerhedsudstyr Modern Mini #1647,935,142,190,6.6
Sikkerhedsudstyr Modern XL #1648,602,215,246,3.9
Sikkerhedsudstyr Modern S #1649,1920,234,300,5.4
Sikkerhedsudstyr Modern M #1650,690,374,333,6.2
Sikkerhedsudstyr Modern L #1651,905,81,252,5.9
Sikkerhedsudstyr Modern XL #1652,1888,409,158,3.9
Sikkerhedsudstyr Modern XXL #1653,475,116,220,6.6
Sikkerhedsudstyr Modern V1 #1654,614,393,244,6.2
Sikkerhedsudstyr Modern V2 #1655,605,225,195,6.4
Sikkerhedsudstyr Modern V3 #1656,385,258,321,3.9
Sikkerhedsudstyr Modern MK2 #1657,1274,395,126,6.0
Sikkerhedsudstyr Modern MK3 #1658,516,419,215,4.6
Sikkerhedsudstyr Modern Gen2 #1659,586,258,310,7.4
Sikkerhedsudstyr Modern Gen3 #1660,1469,358,124,7.4
Sikkerhedsudstyr Modern Sort #1661,1145,125,143,6.6
Sikkerhedsudstyr Modern Hvid #1662,279,304,256,7.3
Sikkerhedsudstyr Modern Blå #1663,1188,235,204,4.8
Sikkerhedsudstyr Modern Rød #1664,370,224,274,6.4
Sikkerhedsudstyr Modern Grøn #1665,1499,237,260,5.1
Sikkerhedsudstyr Modern Grå #1666,1362,294,205,7.4
Sikkerhedsudstyr Industri Pro #1667,1211,167,175,5.0
Sikkerhedsudstyr Industri Plus #1668,1405,406,326,6.5
Sikkerhedsudstyr Industri Premium #1669,543,174,316,3.5
Sikkerhedsudstyr Industri Standard #1670,243,385,268,4.8
Sikkerhedsudstyr Industri Basic #1671,1503,231,223,6.8
Sikkerhedsudstyr Industri Deluxe #1672,557,137,99,6.6
Sikkerhedsudstyr Industri Ultra #1673,1119,286,140,6.0
Sikkerhedsudstyr Industri Max #1674,463,92,295,6.4
Sikkerhedsudstyr Industri Compact #1675,1454,279,287,7.4
Sikkerhedsudstyr Industri Mini #1676,1549,181,252,7.0
Sikkerhedsudstyr Industri XL #1677,678,165,83,7.0
Sikkerhedsudstyr Industri S #1678,538,78,125,6.9
Sikkerhedsudstyr Industri M #1679,1460,403,350,6.4
Sikkerhedsudstyr Industri L #1680,1299,230,132,5.9
Sikkerhedsudstyr Industri XL #1681,1082,136,256,7.0
Sikkerhedsudstyr Industri XXL #1682,1827,290,206,6.1
Sikkerhedsudstyr Industri V1 #1683,1951,106,306,7.2
Sikkerhedsudstyr Industri V2 #1684,1269,150,282,5.4
Sikkerhedsudstyr Industri V3 #1685,659,361,213,4.5
Sikkerhedsudstyr Industri MK2 #1686,635,437,314,3.5
Sikkerhedsudstyr Industri MK3 #1687,1403,261,311,5.2
Sikkerhedsudstyr Industri Gen2 #1688,1486,89,282,4.6
Sikkerhedsudstyr Industri Gen3 #1689,334,146,130,5.4
Sikkerhedsudstyr Industri Sort #1690,1687,408,194,4.4
Sikkerhedsudstyr Industri Hvid #1691,548,285,160,5.3
Sikkerhedsudstyr Industri Blå #1692,367,246,332,5.9
Sikkerhedsudstyr Industri Rød #1693,1869,297,215,4.6
Sikkerhedsudstyr Industri Grøn #1694,1555,114,252,5.0
Sikkerhedsudstyr Industri Grå #1695,530,363,198,4.5
Sikkerhedsudstyr Professionel Pro #1696,746,396,246,6.7
Sikkerhedsudstyr Professionel Plus #1697,878,88,289,4.2
Sikkerhedsudstyr Professionel Premium #1698,1392,386,162,6.5
Sikkerhedsudstyr Professionel Standard #1699,1411,94,121,4.7
Sikkerhedsudstyr Professionel Basic #1700,601,287,105,5.0
Sikkerhedsudstyr Professionel Deluxe #1701,1986,324,333,4.2
Sikkerhedsudstyr Professionel Ultra #1702,1203,101,165,6.8
Sikkerhedsudstyr Professionel Max #1703,686,184,115,4.4
Sikkerhedsudstyr Professionel Compact #1704,632,373,354,5.7
Sikkerhedsudstyr Professionel Mini #1705,685,305,310,4.0
Sikkerhedsudstyr Professionel XL #1706,1224,266,108,5.6
Sikkerhedsudstyr Professionel S #1707,286,232,118,6.1
Sikkerhedsudstyr Professionel M #1708,350,221,99,6.3
Sikkerhedsudstyr Professionel L #1709,573,94,267,4.9
Sikkerhedsudstyr Professionel XL #1710,1958,223,269,4.5
Sikkerhedsudstyr Professionel XXL #1711,1852,365,155,5.2
Sikkerhedsudstyr Professionel V1 #1712,1648,304,334,3.6
Sikkerhedsudstyr Professionel V2 #1713,829,224,320,4.5
Sikkerhedsudstyr Professionel V3 #1714,1857,370,142,4.5
Sikkerhedsudstyr Professionel MK2 #1715,867,234,225,5.1
Sikkerhedsudstyr Professionel MK3 #1716,1033,152,220,4.3
Sikkerhedsudstyr Professionel Gen2 #1717,1495,438,261,5.9
Sikkerhedsudstyr Professionel Gen3 #1718,428,449,359,6.4
Sikkerhedsudstyr Professionel Sort #1719,1598,269,141,6.1
Sikkerhedsudstyr Professionel Hvid #1720,510,297,234,4.5
Sikkerhedsudstyr Professionel Blå #1721,957,365,249,6.7
Sikkerhedsudstyr Professionel Rød #1722,911,166,194,5.1
Sikkerhedsudstyr Professionel Grøn #1723,408,87,116,5.0
Sikkerhedsudstyr Professionel Grå #1724,844,409,176,6.4
Sikkerhedsudstyr Commercial Pro #1725,816,89,131,7.3
Sikkerhedsudstyr Commercial Plus #1726,1244,153,127,7.4
Sikkerhedsudstyr Commercial Premium #1727,637,418,139,6.5
Sikkerhedsudstyr Commercial Standard #1728,1172,170,170,4.5
Sikkerhedsudstyr Commercial Basic #1729,1861,115,157,7.4
Sikkerhedsudstyr Commercial Deluxe #1730,418,333,314,6.6
Sikkerhedsudstyr Commercial Ultra #1731,724,215,105,6.7
Sikkerhedsudstyr Commercial Max #1732,1431,137,253,5.3
Sikkerhedsudstyr Commercial Compact #1733,1864,379,155,6.2
Sikkerhedsudstyr Commercial Mini #1734,780,418,340,4.0
Sikkerhedsudstyr Commercial XL #1735,745,423,228,6.9
Sikkerhedsudstyr Commercial S #1736,1367,152,83,5.3
Sikkerhedsudstyr Commercial M #1737,1475,288,101,6.9
Sikkerhedsudstyr Commercial L #1738,1501,332,301,6.9
Sikkerhedsudstyr Commercial XL #1739,1273,273,210,5.6
Sikkerhedsudstyr Commercial XXL #1740,1423,146,138,4.7
Sikkerhedsudstyr Commercial V1 #1741,1311,352,304,4.6
Sikkerhedsudstyr Commercial V2 #1742,963,340,339,3.7
Sikkerhedsudstyr Commercial V3 #1743,1558,286,153,4.2
Sikkerhedsudstyr Commercial MK2 #1744,1979,76,241,5.7
Sikkerhedsudstyr Commercial MK3 #1745,1703,413,154,7.4
Sikkerhedsudstyr Commercial Gen2 #1746,480,337,102,5.3
Sikkerhedsudstyr Commercial Gen3 #1747,1135,216,196,7.3
Sikkerhedsudstyr Commercial Sort #1748,501,446,343,6.5
Sikkerhedsudstyr Commercial Hvid #1749,347,83,95,4.8
Sikkerhedsudstyr Commercial Blå #1750,910,162,119,5.9
Sikkerhedsudstyr Commercial Rød #1751,1664,289,242,5.6
Sikkerhedsudstyr Commercial Grøn #1752,1259,446,240,3.9
Sikkerhedsudstyr Commercial Grå #1753,774,124,204,6.5
Sikkerhedsudstyr Model A Pro #1754,825,323,203,7.0
Sikkerhedsudstyr Model A Plus #1755,1826,416,245,5.3
Sikkerhedsudstyr Model A Premium #1756,1675,287,138,5.7
Sikkerhedsudstyr Model A Standard #1757,1491,373,202,5.9
Sikkerhedsudstyr Model A Basic #1758,1959,170,128,5.5
Sikkerhedsudstyr Model A Deluxe #1759,1630,343,347,4.5
Sikkerhedsudstyr Model A Ultra #1760,647,313,196,6.6
Sikkerhedsudstyr Model A Max #1761,1970,237,178,4.8
Sikkerhedsudstyr Model A Compact #1762,507,246,112,5.2
Sikkerhedsudstyr Model A Mini #1763,491,432,362,7.0
Sikkerhedsudstyr Model A XL #1764,1019,153,159,3.8
Sikkerhedsudstyr Model A S #1765,1830,92,122,6.7
Sikkerhedsudstyr Model A M #1766,429,109,181,4.4
Sikkerhedsudstyr Model A L #1767,370,78,255,5.9
Sikkerhedsudstyr Model A XL #1768,1174,121,291,4.6
Sikkerhedsudstyr Model A XXL #1769,550,446,121,7.1
Sikkerhedsudstyr Model A V1 #1770,986,328,283,7.3
Sikkerhedsudstyr Model A V2 #1771,984,111,280,4.5
Sikkerhedsudstyr Model A V3 #1772,804,207,264,6.6
Sikkerhedsudstyr Model A MK2 #1773,1080,254,155,4.8
Sikkerhedsudstyr Model A MK3 #1774,394,177,214,4.9
Sikkerhedsudstyr Model A Gen2 #1775,1316,378,298,7.1
Sikkerhedsudstyr Model A Gen3 #1776,1961,192,301,5.6
Sikkerhedsudstyr Model A Sort #1777,304,144,154,5.6
Sikkerhedsudstyr Model A Hvid #1778,1800,173,302,5.3
Sikkerhedsudstyr Model A Blå #1779,258,80,167,3.9
Sikkerhedsudstyr Model A Rød #1780,765,413,173,4.6
Sikkerhedsudstyr Model A Grøn #1781,1929,424,117,7.1
Sikkerhedsudstyr Model A Grå #1782,1193,377,136,5.6
Sikkerhedsudstyr Model B Pro #1783,1885,407,317,5.2
Sikkerhedsudstyr Model B Plus #1784,859,177,230,6.2
Sikkerhedsudstyr Model B Premium #1785,1028,409,292,6.8
Sikkerhedsudstyr Model B Standard #1786,1124,139,116,5.1
Sikkerhedsudstyr Model B Basic #1787,1949,335,121,5.6
Sikkerhedsudstyr Model B Deluxe #1788,452,181,180,6.3
Sikkerhedsudstyr Model B Ultra #1789,284,394,319,7.4
Sikkerhedsudstyr Model B Max #1790,592,164,109,6.6
Sikkerhedsudstyr Model B Compact #1791,1333,130,236,5.3
Sikkerhedsudstyr Model B Mini #1792,469,318,199,6.9
Sikkerhedsudstyr Model B XL #1793,653,322,247,4.6
Sikkerhedsudstyr Model B S #1794,1192,323,328,3.6
Sikkerhedsudstyr Model B M #1795,476,440,309,3.8
Sikkerhedsudstyr Model B L #1796,1280,294,306,7.1
Sikkerhedsudstyr Model B XL #1797,1477,315,232,6.2
Sikkerhedsudstyr Model B XXL #1798,734,223,146,6.6
Sikkerhedsudstyr Model B V1 #1799,1780,402,286,4.2
Sikkerhedsudstyr Model B V2 #1800,873,269,152,5.8
Sikkerhedsudstyr Model B V3 #1801,818,198,275,5.4
Sikkerhedsudstyr Model B MK2 #1802,757,340,107,3.9
Sikkerhedsudstyr Model B MK3 #1803,1706,356,293,6.8
Sikkerhedsudstyr Model B Gen2 #1804,1594,106,111,4.4
Sikkerhedsudstyr Model B Gen3 #1805,563,105,254,5.9
Sikkerhedsudstyr Model B Sort #1806,708,439,327,5.2
Sikkerhedsudstyr Model B Hvid #1807,1268,111,171,5.9
Sikkerhedsudstyr Model B Blå #1808,1757,281,235,5.1
Sikkerhedsudstyr Model B Rød #1809,1714,369,230,7.3
Sikkerhedsudstyr Model B Grøn #1810,1370,220,125,5.6
Sikkerhedsudstyr Model B Grå #1811,1886,397,194,6.1
Sikkerhedsudstyr Model C Pro #1812,1102,429,226,6.3
Sikkerhedsudstyr Model C Plus #1813,924,338,277,3.6
Sikkerhedsudstyr Model C Premium #1814,1549,230,226,3.9
Sikkerhedsudstyr Model C Standard #1815,1989,220,268,6.5
Sikkerhedsudstyr Model C Basic #1816,1718,143,233,3.5
Sikkerhedsudstyr Model C Deluxe #1817,1974,430,354,5.6
Sikkerhedsudstyr Model C Ultra #1818,1367,151,231,4.0
Sikkerhedsudstyr Model C Max #1819,1641,215,207,4.1
Sikkerhedsudstyr Model C Compact #1820,499,249,169,6.0
Sikkerhedsudstyr Model C Mini #1821,872,206,289,7.0
Sikkerhedsudstyr Model C XL #1822,1039,227,253,6.1
Sikkerhedsudstyr Model C S #1823,1183,88,248,5.6
Sikkerhedsudstyr Model C M #1824,1039,90,260,4.0
Sikkerhedsudstyr Model C L #1825,396,77,215,5.2
Sikkerhedsudstyr Model C XL #1826,632,212,138,6.2
Sikkerhedsudstyr Model C XXL #1827,1640,91,103,7.3
Sikkerhedsudstyr Model C V1 #1828,1558,136,220,3.9
Sikkerhedsudstyr Model C V2 #1829,990,112,134,5.5
Sikkerhedsudstyr Model C V3 #1830,1618,321,134,4.5
Sikkerhedsudstyr Model C MK2 #1831,529,312,134,6.0
Sikkerhedsudstyr Model C MK3 #1832,1219,200,322,3.9
Sikkerhedsudstyr Model C Gen2 #1833,862,378,317,6.3
Sikkerhedsudstyr Model C Gen3 #1834,1006,157,138,6.4
Sikkerhedsudstyr Model C Sort #1835,1116,287,141,6.7
Sikkerhedsudstyr Model C Hvid #1836,1594,301,114,4.4
Sikkerhedsudstyr Model C Blå #1837,1647,290,322,7.2
Sikkerhedsudstyr Model C Rød #1838,1252,362,130,3.5
Sikkerhedsudstyr Model C Grøn #1839,1926,234,306,5.5
Sikkerhedsudstyr Model C Grå #1840,1029,129,126,5.9
Sikkerhedsudstyr Type 1 Pro #1841,1717,330,120,5.1
Sikkerhedsudstyr Type 1 Plus #1842,1284,194,303,6.7
Sikkerhedsudstyr Type 1 Premium #1843,1467,238,143,5.4
Sikkerhedsudstyr Type 1 Standard #1844,371,220,230,3.9
Sikkerhedsudstyr Type 1 Basic #1845,458,165,173,6.6
Sikkerhedsudstyr Type 1 Deluxe #1846,1476,160,214,5.4
Sikkerhedsudstyr Type 1 Ultra #1847,1692,183,151,6.8
Sikkerhedsudstyr Type 1 Max #1848,284,314,232,7.1
Sikkerhedsudstyr Type 1 Compact #1849,1346,82,96,5.7
Sikkerhedsudstyr Type 1 Mini #1850,777,196,158,6.0
Sikkerhedsudstyr Type 1 XL #1851,632,326,194,6.9
Sikkerhedsudstyr Type 1 S #1852,1212,308,105,5.1
Sikkerhedsudstyr Type 1 M #1853,574,204,214,7.5
Sikkerhedsudstyr Type 1 L #1854,1683,160,152,6.3
Sikkerhedsudstyr Type 1 XL #1855,546,346,173,3.8
Sikkerhedsudstyr Type 1 XXL #1856,1651,308,100,4.2
Sikkerhedsudstyr Type 1 V1 #1857,1850,312,301,5.4
Sikkerhedsudstyr Type 1 V2 #1858,1851,193,153,4.8
Sikkerhedsudstyr Type 1 V3 #1859,1980,380,267,6.1
Sikkerhedsudstyr Type 1 MK2 #1860,420,330,274,7.0
Sikkerhedsudstyr Type 1 MK3 #1861,1903,321,341,3.6
Sikkerhedsudstyr Type 1 Gen2 #1862,970,350,114,7.1
Sikkerhedsudstyr Type 1 Gen3 #1863,1974,88,287,7.2
Sikkerhedsudstyr Type 1 Sort #1864,1203,398,167,6.7
Sikkerhedsudstyr Type 1 Hvid #1865,1640,175,93,6.9
Sikkerhedsudstyr Type 1 Blå #1866,1062,244,136,6.6
Sikkerhedsudstyr Type 1 Rød #1867,680,97,132,5.6
Sikkerhedsudstyr Type 1 Grøn #1868,1086,192,152,7.3
Sikkerhedsudstyr Type 1 Grå #1869,334,318,272,3.8
Sikkerhedsudstyr Type 2 Pro #1870,777,261,291,5.7
Sikkerhedsudstyr Type 2 Plus #1871,1375,294,168,6.8
Sikkerhedsudstyr Type 2 Premium #1872,497,432,304,6.6
Sikkerhedsudstyr Type 2 Standard #1873,1372,337,101,5.6
Sikkerhedsudstyr Type 2 Basic #1874,1120,283,318,6.3
Sikkerhedsudstyr Type 2 Deluxe #1875,1173,283,287,5.8
Sikkerhedsudstyr Type 2 Ultra #1876,924,161,199,5.8
Sikkerhedsudstyr Type 2 Max #1877,949,333,143,5.2
Sikkerhedsudstyr Type 2 Compact #1878,1678,110,190,4.1
Sikkerhedsudstyr Type 2 Mini #1879,1263,203,318,5.8
Sikkerhedsudstyr Type 2 XL #1880,714,99,148,6.4
Sikkerhedsudstyr Type 2 S #1881,947,434,252,4.0
Sikkerhedsudstyr Type 2 M #1882,1344,84,198,6.3
Sikkerhedsudstyr Type 2 L #1883,367,229,250,4.3
Sikkerhedsudstyr Type 2 XL #1884,1368,256,280,6.2
Sikkerhedsudstyr Type 2 XXL #1885,794,164,103,6.5
Sikkerhedsudstyr Type 2 V1 #1886,391,183,143,7.2
Sikkerhedsudstyr Type 2 V2 #1887,490,118,140,4.6
Sikkerhedsudstyr Type 2 V3 #1888,1542,422,127,6.1
Sikkerhedsudstyr Type 2 MK2 #1889,1968,237,105,6.6
Sikkerhedsudstyr Type 2 MK3 #1890,418,141,260,7.3
Sikkerhedsudstyr Type 2 Gen2 #1891,491,430,260,7.0
Sikkerhedsudstyr Type 2 Gen3 #1892,780,157,212,5.8
Sikkerhedsudstyr Type 2 Sort #1893,1251,399,264,3.7
Sikkerhedsudstyr Type 2 Hvid #1894,1743,208,88,7.0
Sikkerhedsudstyr Type 2 Blå #1895,460,378,299,4.8
Sikkerhedsudstyr Type 2 Rød #1896,682,336,131,7.2
Sikkerhedsudstyr Type 2 Grøn #1897,1872,139,298,7.1
Sikkerhedsudstyr Type 2 Grå #1898,1212,284,155,5.4
Sikkerhedsudstyr Serie 100 Pro #1899,990,85,98,4.5
Sikkerhedsudstyr Serie 100 Plus #1900,649,98,284,5.1
Sikkerhedsudstyr Serie 100 Premium #1901,1431,393,311,4.0
Sikkerhedsudstyr Serie 100 Standard #1902,256,289,294,3.8
Sikkerhedsudstyr Serie 100 Basic #1903,1657,129,113,3.9
Sikkerhedsudstyr Serie 100 Deluxe #1904,446,223,121,5.8
Sikkerhedsudstyr Serie 100 Ultra #1905,296,350,256,6.7
Sikkerhedsudstyr Serie 100 Max #1906,1188,370,200,7.5
Sikkerhedsudstyr Serie 100 Compact #1907,1989,393,238,5.2
Sikkerhedsudstyr Serie 100 Mini #1908,1745,435,306,4.7
Sikkerhedsudstyr Serie 100 XL #1909,1552,229,309,4.5
Sikkerhedsudstyr Serie 100 S #1910,582,309,193,4.3
Sikkerhedsudstyr Serie 100 M #1911,687,431,151,4.7
Sikkerhedsudstyr Serie 100 L #1912,922,310,282,3.7
Sikkerhedsudstyr Serie 100 XL #1913,732,123,259,4.9
Sikkerhedsudstyr Serie 100 XXL #1914,1087,148,294,5.8
Sikkerhedsudstyr Serie 100 V1 #1915,855,209,245,7.4
Sikkerhedsudstyr Serie 100 V2 #1916,952,382,314,7.1
Sikkerhedsudstyr Serie 100 V3 #1917,1327,400,194,5.3
Sikkerhedsudstyr Serie 100 MK2 #1918,333,113,313,5.0
Sikkerhedsudstyr Serie 100 MK3 #1919,1466,417,162,3.8
Sikkerhedsudstyr Serie 100 Gen2 #1920,1822,148,99,4.3
Sikkerhedsudstyr Serie 100 Gen3 #1921,944,398,242,6.2
Sikkerhedsudstyr Serie 100 Sort #1922,1729,375,220,6.6
Sikkerhedsudstyr Serie 100 Hvid #1923,525,156,119,4.4
Sikkerhedsudstyr Serie 100 Blå #1924,1231,370,338,6.4
Sikkerhedsudstyr Serie 100 Rød #1925,1003,228,247,5.7
Sikkerhedsudstyr Serie 100 Grøn #1926,721,138,109,3.8
Sikkerhedsudstyr Serie 100 Grå #1927,1361,377,156,4.0
Sikkerhedsudstyr Serie 200 Pro #1928,831,396,143,4.8
Sikkerhedsudstyr Serie 200 Plus #1929,1263,335,293,3.6
Sikkerhedsudstyr Serie 200 Premium #1930,1566,431,202,6.0
Sikkerhedsudstyr Serie 200 Standard #1931,1649,233,240,4.6
Sikkerhedsudstyr Serie 200 Basic #1932,782,128,218,6.2
Sikkerhedsudstyr Serie 200 Deluxe #1933,1765,164,209,6.2
Sikkerhedsudstyr Serie 200 Ultra #1934,1116,338,199,7.4
Sikkerhedsudstyr Serie 200 Max #1935,511,450,200,5.0
Sikkerhedsudstyr Serie 200 Compact #1936,664,329,331,5.5
Sikkerhedsudstyr Serie 200 Mini #1937,451,234,181,3.7
Sikkerhedsudstyr Serie 200 XL #1938,730,155,228,4.1
Sikkerhedsudstyr Serie 200 S #1939,1389,86,165,7.4
Sikkerhedsudstyr Serie 200 M #1940,1293,405,141,6.6
Sikkerhedsudstyr Serie 200 L #1941,1155,145,95,3.7
Sikkerhedsudstyr Serie 200 XL #1942,1090,253,237,3.6
Sikkerhedsudstyr Serie 200 XXL #1943,398,199,306,5.9
Sikkerhedsudstyr Serie 200 V1 #1944,1436,425,209,6.8
Sikkerhedsudstyr Serie 200 V2 #1945,695,193,225,5.5
Sikkerhedsudstyr Serie 200 V3 #1946,1615,391,256,7.3
Sikkerhedsudstyr Serie 200 MK2 #1947,1935,299,337,6.2
Sikkerhedsudstyr Serie 200 MK3 #1948,609,336,157,5.9
Sikkerhedsudstyr Serie 200 Gen2 #1949,1295,350,106,7.5
Sikkerhedsudstyr Serie 200 Gen3 #1950,248,248,116,5.9
Sikkerhedsudstyr Serie 200 Sort #1951,347,334,306,6.1
Sikkerhedsudstyr Serie 200 Hvid #1952,1314,249,313,4.9
Sikkerhedsudstyr Serie 200 Blå #1953,1822,151,317,7.2
Sikkerhedsudstyr Serie 200 Rød #1954,528,368,171,7.1
Sikkerhedsudstyr Serie 200 Grøn #1955,716,423,236,5.7
Sikkerhedsudstyr Serie 200 Grå #1956,496,115,196,7.2
Sikkerhedsudstyr Edition Pro #1957,984,350,192,4.7
Sikkerhedsudstyr Edition Plus #1958,1821,211,244,4.4
Sikkerhedsudstyr Edition Premium #1959,1435,307,180,4.5
Sikkerhedsudstyr Edition Standard #1960,980,230,228,6.8
Sikkerhedsudstyr Edition Basic #1961,1772,333,160,4.4
Sikkerhedsudstyr Edition Deluxe #1962,1683,312,210,7.0
Sikkerhedsudstyr Edition Ultra #1963,326,340,245,5.0
Sikkerhedsudstyr Edition Max #1964,1436,223,232,3.6
Sikkerhedsudstyr Edition Compact #1965,1676,210,220,4.0
Sikkerhedsudstyr Edition Mini #1966,537,231,314,7.0
Sikkerhedsudstyr Edition XL #1967,481,173,311,5.1
Sikkerhedsudstyr Edition S #1968,1023,393,309,7.4
Sikkerhedsudstyr Edition M #1969,1084,240,125,7.3
Sikkerhedsudstyr Edition L #1970,1920,447,203,3.8
Sikkerhedsudstyr Edition XL #1971,805,183,108,4.1
Sikkerhedsudstyr Edition XXL #1972,1480,394,122,4.9
Sikkerhedsudstyr Edition V1 #1973,278,155,196,6.0
Sikkerhedsudstyr Edition V2 #1974,361,335,239,4.0
Sikkerhedsudstyr Edition V3 #1975,1094,102,211,4.7
Sikkerhedsudstyr Edition MK2 #1976,244,180,198,5.4
Sikkerhedsudstyr Edition MK3 #1977,1093,217,244,5.0
Sikkerhedsudstyr Edition Gen2 #1978,1333,445,141,4.8
Sikkerhedsudstyr Edition Gen3 #1979,1340,358,156,4.6
Sikkerhedsudstyr Edition Sort #1980,1672,114,90,4.9
Sikkerhedsudstyr Edition Hvid #1981,363,82,312,5.6
Sikkerhedsudstyr Edition Blå #1982,1866,100,141,7.1
Sikkerhedsudstyr Edition Rød #1983,802,123,100,6.3
Sikkerhedsudstyr Edition Grøn #1984,807,427,170,3.8
Sikkerhedsudstyr Edition Grå #1985,500,104,183,4.9
Sikkerhedsudstyr Classic Pro #1986,1927,248,230,7.3
Sikkerhedsudstyr Classic Plus #1987,272,301,168,3.6
Sikkerhedsudstyr Classic Premium #1988,758,174,138,7.4
Sikkerhedsudstyr Classic Standard #1989,1195,292,213,4.3
Sikkerhedsudstyr Classic Basic #1990,739,218,169,4.6
Sikkerhedsudstyr Classic Deluxe #1991,985,198,267,6.3
Sikkerhedsudstyr Classic Ultra #1992,661,140,78,4.1
Sikkerhedsudstyr Classic Max #1993,1889,206,124,5.9
Sikkerhedsudstyr Classic Compact #1994,1122,342,340,6.5
Sikkerhedsudstyr Classic Mini #1995,1628,302,108,5.9
Sikkerhedsudstyr Classic XL #1996,935,361,252,7.1
Sikkerhedsudstyr Classic S #1997,1047,282,201,6.0
Sikkerhedsudstyr Classic M #1998,915,310,204,6.0
Sikkerhedsudstyr Classic L #1999,1533,425,339,4.2
Belysning Model A Pro #1000,1140,431,184,5.9
Belysning Model A Plus #1001,172,228,235,7.3
Belysning Model A Premium #1002,1072,228,284,7.1
Belysning Model A Standard #1003,244,467,216,4.3
Belysning Model A Basic #1004,779,1149,381,6.0
Belysning Model A Deluxe #1005,383,388,327,4.0
Belysning Model A Ultra #1006,800,1113,432,6.4
Belysning Model A Max #1007,685,364,120,7.3
Belysning Model A Compact #1008,1240,612,372,4.7
Belysning Model A Mini #1009,351,1075,344,5.7
Belysning Model A XL #1010,166,680,313,5.2
Belysning Model A S #1011,233,223,268,6.5
Belysning Model A M #1012,685,826,337,6.7
Belysning Model A L #1013,1090,1060,228,7.2
Belysning Model A XL #1014,627,577,376,6.7
Belysning Model A XXL #1015,1234,546,309,4.1
Belysning Model A V1 #1016,175,1072,239,4.6
Belysning Model A V2 #1017,1199,302,274,6.7
Belysning Model A V3 #1018,547,753,397,6.6
Belysning Model A MK2 #1019,358,799,381,4.1
Belysning Model A MK3 #1020,170,798,313,6.4
Belysning Model A Gen2 #1021,923,591,145,6.6
Belysning Model A Gen3 #1022,1063,768,190,5.0
Belysning Model A Sort #1023,335,796,198,4.0
Belysning Model A Hvid #1024,1206,656,372,5.5
Belysning Model A Blå #1025,523,948,349,7.4
Belysning Model A Rød #1026,890,750,362,7.0
Belysning Model A Grøn #1027,549,531,165,6.5
Belysning Model A Grå #1028,1202,435,242,6.9
Belysning Model B Pro #1029,967,563,258,4.7
Belysning Model B Plus #1030,1090,1035,289,6.7
Belysning Model B Premium #1031,364,442,239,3.9
Belysning Model B Standard #1032,538,942,299,3.7
Belysning Model B Basic #1033,545,560,156,5.2
Belysning Model B Deluxe #1034,339,1059,253,5.7
Belysning Model B Ultra #1035,831,1020,203,4.8
Belysning Model B Max #1036,1034,458,172,4.0
Belysning Model B Compact #1037,1173,298,102,6.5
Belysning Model B Mini #1038,270,359,310,5.0
Belysning Model B XL #1039,475,365,158,7.5
Belysning Model B S #1040,402,1104,446,3.6
Belysning Model B M #1041,924,359,119,6.2
Belysning Model B L #1042,432,240,181,7.4
Belysning Model B XL #1043,664,334,111,5.2
Belysning Model B XXL #1044,299,814,404,3.7
Belysning Model B V1 #1045,279,522,230,6.0
Belysning Model B V2 #1046,855,655,335,7.3
Belysning Model B V3 #1047,957,1042,262,5.0
Belysning Model B MK2 #1048,830,749,192,5.0
Belysning Model B MK3 #1049,717,1181,358,4.5
Belysning Model B Gen2 #1050,1066,339,319,5.5
Belysning Model B Gen3 #1051,716,795,413,3.6
Belysning Model B Sort #1052,935,726,205,3.7
Belysning Model B Hvid #1053,358,1136,225,6.7
Belysning Model B Blå #1054,1020,783,265,5.6
Belysning Model B Rød #1055,483,917,248,3.7
Belysning Model B Grøn #1056,838,965,330,4.1
Belysning Model B Grå #1057,1048,880,317,7.0
Belysning Model C Pro #1058,813,621,173,5.9
Belysning Model C Plus #1059,640,1108,253,4.7
Belysning Model C Premium #1060,763,287,131,4.9
Belysning Model C Standard #1061,438,281,230,7.4
Belysning Model C Basic #1062,1235,636,162,5.0
Belysning Model C Deluxe #1063,379,366,207,3.9
Belysning Model C Ultra #1064,981,251,131,5.8
Belysning Model C Max #1065,1108,1114,369,3.7
Belysning Model C Compact #1066,332,366,214,5.6
Belysning Model C Mini #1067,210,1117,339,4.2
Belysning Model C XL #1068,934,1082,313,5.3
Belysning Model C S #1069,421,719,319,4.0
Belysning Model C M #1070,496,1178,469,6.7
Belysning Model C L #1071,410,791,229,6.4
Belysning Model C XL #1072,484,695,353,6.5
Belysning Model C XXL #1073,762,300,162,3.9
Belysning Model C V1 #1074,183,473,284,6.1
Belysning Model C V2 #1075,902,522,347,4.4
Belysning Model C V3 #1076,975,1015,341,4.5
Belysning Model C MK2 #1077,152,1015,341,4.5
Belysning Model C MK3 #1078,371,370,268,5.4
Belysning Model C Gen2 #1079,804,572,318,4.6
Belysning Model C Gen3 #1080,760,435,301,6.6
Belysning Model C Sort #1081,360,356,164,4.3
Belysning Model C Hvid #1082,673,476,199,4.0
Belysning Model C Blå #1083,1117,715,176,7.3
Belysning Model C Rød #1084,745,929,199,3.6
Belysning Model C Grøn #1085,288,1047,308,6.7
Belysning Model C Grå #1086,162,391,147,4.3
Belysning Type 1 Pro #1087,1193,731,218,6.0
Belysning Type 1 Plus #1088,1115,817,338,6.3
Belysning Type 1 Premium #1089,1174,561,177,4.1
Belysning Type 1 Standard #1090,660,1044,456,6.3
Belysning Type 1 Basic #1091,315,538,349,7.0
Belysning Type 1 Deluxe #1092,960,1043,341,4.7
Belysning Type 1 Ultra #1093,976,554,360,4.9
Belysning Type 1 Max #1094,1070,1097,281,5.9
Belysning Type 1 Compact #1095,211,233,310,5.2
Belysning Type 1 Mini #1096,444,473,358,4.6
Belysning Type 1 XL #1097,378,1092,361,6.0
Belysning Type 1 S #1098,283,675,180,7.2
Belysning Type 1 M #1099,973,1141,427,6.8
Belysning Type 1 L #1100,645,347,347,4.6
Belysning Type 1 XL #1101,648,247,331,7.4
Belysning Type 1 XXL #1102,272,426,328,7.3
Belysning Type 1 V1 #1103,227,565,261,5.9
Belysning Type 1 V2 #1104,428,830,416,7.1
Belysning Type 1 V3 #1105,1020,832,394,6.7
Belysning Type 1 MK2 #1106,879,796,225,4.6
Belysning Type 1 MK3 #1107,837,935,246,4.7
Belysning Type 1 Gen2 #1108,698,960,316,5.8
Belysning Type 1 Gen3 #1109,525,909,213,5.0
Belysning Type 1 Sort #1110,208,1129,419,6.1
Belysning Type 1 Hvid #1111,1021,396,240,4.6
Belysning Type 1 Blå #1112,826,674,223,6.8
Belysning Type 1 Rød #1113,995,832,381,4.9
Belysning Type 1 Grøn #1114,165,845,348,4.3
Belysning Type 1 Grå #1115,316,438,253,4.3
Belysning Type 2 Pro #1116,1147,766,224,5.0
Belysning Type 2 Plus #1117,614,713,230,4.5
Belysning Type 2 Premium #1118,839,1145,252,5.9
Belysning Type 2 Standard #1119,945,870,372,5.9
Belysning Type 2 Basic #1120,360,306,269,3.6
Belysning Type 2 Deluxe #1121,856,568,141,3.9
Belysning Type 2 Ultra #1122,261,1193,363,4.5
Belysning Type 2 Max #1123,217,736,197,5.6
Belysning Type 2 Compact #1124,334,520,306,4.6
Belysning Type 2 Mini #1125,962,691,302,6.0
Belysning Type 2 XL #1126,1190,485,173,6.2
Belysning Type 2 S #1127,524,1019,229,4.0
Belysning Type 2 M #1128,601,251,118,4.6
Belysning Type 2 L #1129,557,893,391,3.9
Belysning Type 2 XL #1130,513,692,368,6.8
Belysning Type 2 XXL #1131,386,863,364,3.7
Belysning Type 2 V1 #1132,1124,289,254,5.0
Belysning Type 2 V2 #1133,367,350,178,6.4
Belysning Type 2 V3 #1134,234,373,181,4.1
Belysning Type 2 MK2 #1135,398,1077,285,7.1
Belysning Type 2 MK3 #1136,1211,359,264,4.5
Belysning Type 2 Gen2 #1137,1108,223,145,5.5
Belysning Type 2 Gen3 #1138,674,303,108,6.9
Belysning Type 2 Sort #1139,204,789,335,6.3
Belysning Type 2 Hvid #1140,342,293,235,6.2
Belysning Type 2 Blå #1141,530,1154,328,4.4
Belysning Type 2 Rød #1142,802,889,420,4.5
Belysning Type 2 Grøn #1143,1098,247,222,3.7
Belysning Type 2 Grå #1144,908,292,167,7.4
Belysning Serie 100 Pro #1145,166,678,235,4.2
Belysning Serie 100 Plus #1146,592,757,230,6.9
Belysning Serie 100 Premium #1147,189,706,217,5.2
Belysning Serie 100 Standard #1148,608,1060,409,5.3
Belysning Serie 100 Basic #1149,1183,940,225,5.1
Belysning Serie 100 Deluxe #1150,1029,1017,237,4.9
Belysning Serie 100 Ultra #1151,963,324,326,5.7
Belysning Serie 100 Max #1152,591,750,232,5.0
Belysning Serie 100 Compact #1153,321,293,332,6.9
Belysning Serie 100 Mini #1154,1073,605,219,7.0
Belysning Serie 100 XL #1155,790,964,337,4.3
Belysning Serie 100 S #1156,1026,236,229,7.0
Belysning Serie 100 M #1157,196,677,196,6.4
Belysning Serie 100 L #1158,324,252,262,4.8
Belysning Serie 100 XL #1159,236,1119,397,3.7
Belysning Serie 100 XXL #1160,423,1139,371,4.8
Belysning Serie 100 V1 #1161,640,483,284,4.7
Belysning Serie 100 V2 #1162,573,1083,265,6.0
Belysning Serie 100 V3 #1163,512,608,346,4.0
Belysning Serie 100 MK2 #1164,296,908,400,5.2
Belysning Serie 100 MK3 #1165,912,215,275,6.5
Belysning Serie 100 Gen2 #1166,955,670,306,4.2
Belysning Serie 100 Gen3 #1167,481,904,223,5.1
Belysning Serie 100 Sort #1168,1071,201,288,4.8
Belysning Serie 100 Hvid #1169,238,313,138,6.9
Belysning Serie 100 Blå #1170,421,952,264,4.4
Belysning Serie 100 Rød #1171,664,673,215,3.5
Belysning Serie 100 Grøn #1172,354,205,197,6.3
Belysning Serie 100 Grå #1173,752,925,402,6.3
Belysning Serie 200 Pro #1174,1137,799,297,7.0
Belysning Serie 200 Plus #1175,652,307,244,4.1
Belysning Serie 200 Premium #1176,517,1181,259,4.7
Belysning Serie 200 Standard #1177,922,1043,296,6.7
Belysning Serie 200 Basic #1178,1226,1122,270,7.1
Belysning Serie 200 Deluxe #1179,299,307,202,6.6
Belysning Serie 200 Ultra #1180,1084,1085,400,4.3
Belysning Serie 200 Max #1181,435,501,370,4.5
Belysning Serie 200 Compact #1182,471,847,197,7.0
Belysning Serie 200 Mini #1183,554,534,214,3.7
Belysning Serie 200 XL #1184,421,583,141,7.0
Belysning Serie 200 S #1185,1166,367,191,6.7
Belysning Serie 200 M #1186,731,348,296,5.1
Belysning Serie 200 L #1187,266,1071,260,5.0
Belysning Serie 200 XL #1188,1215,1159,358,6.8
Belysning Serie 200 XXL #1189,922,693,314,6.0
Belysning Serie 200 V1 #1190,735,297,106,7.1
Belysning Serie 200 V2 #1191,984,499,229,3.9
Belysning Serie 200 V3 #1192,889,274,231,5.7
Belysning Serie 200 MK2 #1193,619,1119,222,6.2
Belysning Serie 200 MK3 #1194,337,1121,321,4.9
Belysning Serie 200 Gen2 #1195,214,488,286,4.3
Belysning Serie 200 Gen3 #1196,1115,488,143,7.2
Belysning Serie 200 Sort #1197,1164,823,268,4.9
Belysning Serie 200 Hvid #1198,1057,917,369,4.8
Belysning Serie 200 Blå #1199,757,303,167,5.1
Belysning Serie 200 Rød #1200,1208,1189,272,5.0
Belysning Serie 200 Grøn #1201,778,619,391,7.4
Belysning Serie 200 Grå #1202,370,207,270,5.1
Belysning Edition Pro #1203,1221,290,216,6.1
Belysning Edition Plus #1204,707,351,137,6.6
Belysning Edition Premium #1205,349,522,184,3.8
Belysning Edition Standard #1206,1082,955,265,5.0
Belysning Edition Basic #1207,783,1052,315,4.4
Belysning Edition Deluxe #1208,680,204,250,6.0
Belysning Edition Ultra #1209,157,518,291,6.9
Belysning Edition Max #1210,505,250,262,4.4
Belysning Edition Compact #1211,1125,1096,383,7.1
Belysning Edition Mini #1212,841,1117,289,3.5
Belysning Edition XL #1213,1152,896,376,4.4
Belysning Edition S #1214,619,295,208,4.0
Belysning Edition M #1215,974,359,119,6.1
Belysning Edition L #1216,589,1087,228,6.8
Belysning Edition XL #1217,431,421,115,7.2
Belysning Edition XXL #1218,1003,596,315,4.1
Belysning Edition V1 #1219,1014,720,361,5.5
Belysning Edition V2 #1220,780,470,244,4.6
Belysning Edition V3 #1221,984,492,344,4.7
Belysning Edition MK2 #1222,1001,1058,254,7.3
Belysning Edition MK3 #1223,954,612,174,3.8
Belysning Edition Gen2 #1224,818,627,331,3.8
Belysning Edition Gen3 #1225,1161,879,200,7.4
Belysning Edition Sort #1226,550,1184,245,5.5
Belysning Edition Hvid #1227,933,628,359,5.9
Belysning Edition Blå #1228,762,206,302,6.2
Belysning Edition Rød #1229,669,591,237,6.2
Belysning Edition Grøn #1230,865,605,175,4.1
Belysning Edition Grå #1231,169,1003,397,5.5
Belysning Classic Pro #1232,1145,578,384,4.3
Belysning Classic Plus #1233,360,689,308,7.0
Belysning Classic Premium #1234,1057,1083,400,6.1
Belysning Classic Standard #1235,781,562,294,4.7
Belysning Classic Basic #1236,1200,1193,374,5.3
Belysning Classic Deluxe #1237,963,960,212,6.5
Belysning Classic Ultra #1238,433,1001,370,3.8
Belysning Classic Max #1239,1196,848,403,4.2
Belysning Classic Compact #1240,755,619,147,5.6
Belysning Classic Mini #1241,576,1080,315,7.0
Belysning Classic XL #1242,756,322,345,3.5
Belysning Classic S #1243,417,312,126,4.0
Belysning Classic M #1244,708,378,193,5.1
Belysning Classic L #1245,217,1157,316,7.4
Belysning Classic XL #1246,774,495,140,5.8
Belysning Classic XXL #1247,653,851,403,3.9
Belysning Classic V1 #1248,763,435,265,4.7
Belysning Classic V2 #1249,788,1121,429,4.0
Belysning Classic V3 #1250,408,1140,356,7.3
Belysning Classic MK2 #1251,470,538,161,4.3
Belysning Classic MK3 #1252,667,391,329,6.4
Belysning Classic Gen2 #1253,529,842,338,3.6
Belysning Classic Gen3 #1254,448,950,386,6.6
Belysning Classic Sort #1255,944,1004,237,7.3
Belysning Classic Hvid #1256,323,239,129,6.2
Belysning Classic Blå #1257,277,339,230,4.6
Belysning Classic Rød #1258,1223,951,328,5.3
Belysning Classic Grøn #1259,1111,641,363,6.8
Belysning Classic Grå #1260,215,745,314,4.3
Belysning Modern Pro #1261,441,951,422,4.7
Belysning Modern Plus #1262,357,1050,362,6.2
Belysning Modern Premium #1263,218,1144,236,4.9
Belysning Modern Standard #1264,217,901,389,4.5
Belysning Modern Basic #1265,571,508,147,4.0
Belysning Modern Deluxe #1266,739,645,260,4.3
Belysning Modern Ultra #1267,829,541,233,5.9
Belysning Modern Max #1268,1010,370,336,4.5
Belysning Modern Compact #1269,982,1184,450,5.6
Belysning Modern Mini #1270,695,354,297,6.0
Belysning Modern XL #1271,918,746,374,7.2
Belysning Modern S #1272,167,987,251,4.6
Belysning Modern M #1273,230,899,281,4.4
Belysning Modern L #1274,552,967,357,7.0
Belysning Modern XL #1275,660,578,235,6.3
Belysning Modern XXL #1276,684,1047,333,4.4
Belysning Modern V1 #1277,1110,853,262,5.0
Belysning Modern V2 #1278,234,994,295,6.8
Belysning Modern V3 #1279,432,396,219,6.0
Belysning Modern MK2 #1280,411,692,346,4.5
Belysning Modern MK3 #1281,990,323,273,6.3
Belysning Modern Gen2 #1282,910,662,335,5.7
Belysning Modern Gen3 #1283,1000,1184,241,3.7
Belysning Modern Sort #1284,434,1112,462,5.9
Belysning Modern Hvid #1285,544,472,355,3.5
Belysning Modern Blå #1286,1210,734,293,4.3
Belysning Modern Rød #1287,518,860,293,5.7
Belysning Modern Grøn #1288,922,973,422,5.3
Belysning Modern Grå #1289,282,1021,325,3.7
Belysning Industri Pro #1290,183,1020,269,4.1
Belysning Industri Plus #1291,429,1052,224,5.9
Belysning Industri Premium #1292,775,372,343,5.4
Belysning Industri Standard #1293,387,358,110,6.5
Belysning Industri Basic #1294,188,694,302,4.0
Belysning Industri Deluxe #1295,625,206,182,4.0
Belysning Industri Ultra #1296,862,278,179,6.1
Belysning Industri Max #1297,179,1174,398,5.5
Belysning Industri Compact #1298,1209,532,361,4.0
Belysning Industri Mini #1299,189,775,250,5.0
Belysning Industri XL #1300,945,268,154,4.0
Belysning Industri S #1301,362,790,248,5.8
Belysning Industri M #1302,1090,902,434,7.4
Belysning Industri L #1303,406,870,226,5.4
Belysning Industri XL #1304,754,986,375,3.7
Belysning Industri XXL #1305,1054,1178,231,4.8
Belysning Industri V1 #1306,746,790,344,6.7
Belysning Industri V2 #1307,1179,778,370,6.4
Belysning Industri V3 #1308,793,549,207,6.6
Belysning Industri MK2 #1309,579,884,358,4.8
Belysning Industri MK3 #1310,722,806,300,4.9
Belysning Industri Gen2 #1311,1015,971,268,6.2
Belysning Industri Gen3 #1312,156,273,278,4.4
Belysning Industri Sort #1313,194,763,211,6.2
Belysning Industri Hvid #1314,643,1027,403,3.9
Belysning Industri Blå #1315,337,892,333,4.9
Belysning Industri Rød #1316,980,226,299,7.1
Belysning Industri Grøn #1317,643,698,297,7.4
Belysning Industri Grå #1318,820,890,266,5.5
Belysning Professionel Pro #1319,995,563,226,5.6
Belysning Professionel Plus #1320,1217,1131,447,4.7
Belysning Professionel Premium #1321,665,867,192,6.6
Belysning Professionel Standard #1322,389,633,372,3.8
Belysning Professionel Basic #1323,273,262,192,7.0
Belysning Professionel Deluxe #1324,653,734,272,3.5
Belysning Professionel Ultra #1325,1079,337,311,7.0
Belysning Professionel Max #1326,311,678,238,7.0
Belysning Professionel Compact #1327,1226,647,223,3.5
Belysning Professionel Mini #1328,986,1080,307,4.1
Belysning Professionel XL #1329,742,867,413,4.8
Belysning Professionel S #1330,608,939,309,6.7
Belysning Professionel M #1331,227,826,232,6.5
Belysning Professionel L #1332,1103,816,174,3.7
Belysning Professionel XL #1333,678,608,300,4.3
Belysning Professionel XXL #1334,574,806,411,4.2
Belysning Professionel V1 #1335,733,240,137,7.3
Belysning Professionel V2 #1336,571,275,117,5.8
Belysning Professionel V3 #1337,314,211,102,4.9
Belysning Professionel MK2 #1338,779,385,152,3.6
Belysning Professionel MK3 #1339,362,542,137,4.0
Belysning Professionel Gen2 #1340,817,282,261,5.0
Belysning Professionel Gen3 #1341,1062,713,291,4.9
Belysning Professionel Sort #1342,1127,743,163,6.6
Belysning Professionel Hvid #1343,308,714,346,5.3
Belysning Professionel Blå #1344,890,1108,342,4.3
Belysning Professionel Rød #1345,328,1194,434,5.5
Belysning Professionel Grøn #1346,742,915,403,5.0
Belysning Professionel Grå #1347,807,428,217,6.9
Belysning Commercial Pro #1348,902,416,171,7.5
Belysning Commercial Plus #1349,874,1035,422,5.2
Belysning Commercial Premium #1350,947,448,342,4.7
Belysning Commercial Standard #1351,1089,617,258,4.0
Belysning Commercial Basic #1352,688,489,273,4.8
Belysning Commercial Deluxe #1353,450,424,297,5.7
Belysning Commercial Ultra #1354,901,1131,391,3.6
Belysning Commercial Max #1355,784,1004,224,4.2
Belysning Commercial Compact #1356,938,434,291,5.9
Belysning Commercial Mini #1357,421,950,244,4.1
Belysning Commercial XL #1358,722,935,305,7.5
Belysning Commercial S #1359,516,322,348,3.5
Belysning Commercial M #1360,478,567,240,4.8
Belysning Commercial L #1361,1000,1067,366,6.7
Belysning Commercial XL #1362,374,748,380,6.9
Belysning Commercial XXL #1363,1203,732,265,4.3
Belysning Commercial V1 #1364,723,1154,443,6.2
Belysning Commercial V2 #1365,730,458,316,4.4
Belysning Commercial V3 #1366,549,630,344,4.5
Belysning Commercial MK2 #1367,1166,765,246,3.8
Belysning Commercial MK3 #1368,1041,384,341,6.2
Belysning Commercial Gen2 #1369,966,536,204,7.4
Belysning Commercial Gen3 #1370,256,765,209,6.4
Belysning Commercial Sort #1371,1117,338,306,7.0
Belysning Commercial Hvid #1372,1237,494,221,6.3
Belysning Commercial Blå #1373,1249,372,252,6.2
Belysning Commercial Rød #1374,917,440,134,5.1
Belysning Commercial Grøn #1375,276,815,404,3.5
Belysning Commercial Grå #1376,537,1089,330,5.7
Belysning Model A Pro #1377,587,1200,231,3.6
Belysning Model A Plus #1378,344,976,374,4.1
Belysning Model A Premium #1379,916,418,350,3.8
Belysning Model A Standard #1380,268,1034,257,3.7
Belysning Model A Basic #1381,678,425,277,3.9
Belysning Model A Deluxe #1382,873,879,211,3.7
Belysning Model A Ultra #1383,185,450,302,4.4
Belysning Model A Max #1384,841,231,255,4.4
Belysning Model A Compact #1385,361,1072,380,6.6
Belysning Model A Mini #1386,554,719,233,6.1
Belysning Model A XL #1387,526,306,313,6.2
Belysning Model A S #1388,744,219,321,6.6
Belysning Model A M #1389,263,753,257,5.2
Belysning Model A L #1390,204,622,279,5.4
Belysning Model A XL #1391,452,1109,270,7.4
Belysning Model A XXL #1392,221,247,130,5.9
Belysning Model A V1 #1393,487,442,348,5.2
Belysning Model A V2 #1394,291,1097,384,5.9
Belysning Model A V3 #1395,909,979,327,5.3
Belysning Model A MK2 #1396,1195,816,184,3.6
Belysning Model A MK3 #1397,1164,447,164,6.4
Belysning Model A Gen2 #1398,383,876,378,6.4
Belysning Model A Gen3 #1399,935,286,250,4.9
Belysning Model A Sort #1400,1072,554,184,5.0
Belysning Model A Hvid #1401,384,313,195,7.4
Belysning Model A Blå #1402,916,779,361,5.0
Belysning Model A Rød #1403,242,971,305,5.9
Belysning Model A Grøn #1404,501,832,381,4.7
Belysning Model A Grå #1405,1111,215,225,3.6
Belysning Model B Pro #1406,312,961,327,3.6
Belysning Model B Plus #1407,1124,218,225,5.2
Belysning Model B Premium #1408,955,876,426,4.9
Belysning Model B Standard #1409,1026,575,291,6.6
Belysning Model B Basic #1410,757,447,135,7.2
Belysning Model B Deluxe #1411,1063,1103,227,4.4
Belysning Model B Ultra #1412,630,924,406,5.5
Belysning Model B Max #1413,1054,348,341,6.2
Belysning Model B Compact #1414,1158,915,422,5.1
Belysning Model B Mini #1415,481,709,399,4.0
Belysning Model B XL #1416,671,1001,230,5.1
Belysning Model B S #1417,549,616,362,6.3
Belysning Model B M #1418,762,266,110,6.2
Belysning Model B L #1419,932,669,150,6.1
Belysning Model B XL #1420,984,920,293,6.3
Belysning Model B XXL #1421,615,674,367,6.6
Belysning Model B V1 #1422,672,309,120,5.7
Belysning Model B V2 #1423,1177,496,276,4.6
Belysning Model B V3 #1424,490,1040,327,4.9
Belysning Model B MK2 #1425,1171,1146,249,5.3
Belysning Model B MK3 #1426,1010,545,176,6.3
Belysning Model B Gen2 #1427,717,1120,244,6.4
Belysning Model B Gen3 #1428,630,1054,300,6.3
Belysning Model B Sort #1429,375,1058,375,7.5
Belysning Model B Hvid #1430,1240,975,337,4.0
Belysning Model B Blå #1431,286,753,361,4.0
Belysning Model B Rød #1432,548,981,355,3.7
Belysning Model B Grøn #1433,288,1159,333,4.8
Belysning Model B Grå #1434,938,1136,277,5.3
Belysning Model C Pro #1435,157,509,326,7.5
Belysning Model C Plus #1436,237,1042,446,6.0
Belysning Model C Premium #1437,711,1073,218,3.6
Belysning Model C Standard #1438,683,373,259,5.1
Belysning Model C Basic #1439,1247,531,342,4.4
Belysning Model C Deluxe #1440,607,593,385,4.5
Belysning Model C Ultra #1441,753,1047,252,4.6
Belysning Model C Max #1442,700,745,370,5.6
Belysning Model C Compact #1443,1006,690,396,7.1
Belysning Model C Mini #1444,253,1044,236,7.0
Belysning Model C XL #1445,576,596,218,6.5
Belysning Model C S #1446,1230,421,307,3.6
Belysning Model C M #1447,1244,1123,455,4.3
Belysning Model C L #1448,573,476,334,6.1
Belysning Model C XL #1449,732,832,179,4.0
Belysning Model C XXL #1450,1039,781,216,4.1
Belysning Model C V1 #1451,849,663,222,4.9
Belysning Model C V2 #1452,1044,662,382,5.2
Belysning Model C V3 #1453,551,1174,293,4.9
Belysning Model C MK2 #1454,1017,672,330,4.8
Belysning Model C MK3 #1455,937,261,118,4.1
Belysning Model C Gen2 #1456,1076,749,384,3.7
Belysning Model C Gen3 #1457,155,294,140,3.6
Belysning Model C Sort #1458,357,660,217,4.4
Belysning Model C Hvid #1459,581,375,211,6.3
Belysning Model C Blå #1460,232,529,160,5.8
Belysning Model C Rød #1461,398,513,354,5.1
Belysning Model C Grøn #1462,751,995,371,5.5
Belysning Model C Grå #1463,620,1065,289,4.9
Belysning Type 1 Pro #1464,400,661,259,7.1
Belysning Type 1 Plus #1465,1110,717,287,4.6
Belysning Type 1 Premium #1466,457,1114,311,6.4
Belysning Type 1 Standard #1467,461,828,337,6.5
Belysning Type 1 Basic #1468,1212,757,252,3.5
Belysning Type 1 Deluxe #1469,756,970,386,3.7
Belysning Type 1 Ultra #1470,1044,844,376,6.8
Belysning Type 1 Max #1471,548,376,279,6.8
Belysning Type 1 Compact #1472,572,740,376,5.1
Belysning Type 1 Mini #1473,543,762,196,3.7
Belysning Type 1 XL #1474,525,484,240,4.1
Belysning Type 1 S #1475,486,554,179,4.6
Belysning Type 1 M #1476,939,325,253,5.8
Belysning Type 1 L #1477,853,904,407,3.6
Belysning Type 1 XL #1478,617,741,342,6.8
Belysning Type 1 XXL #1479,197,339,271,7.3
Belysning Type 1 V1 #1480,265,869,315,6.8
Belysning Type 1 V2 #1481,743,618,204,6.7
Belysning Type 1 V3 #1482,305,833,263,3.7
Belysning Type 1 MK2 #1483,689,640,314,7.2
Belysning Type 1 MK3 #1484,602,736,406,6.5
Belysning Type 1 Gen2 #1485,224,871,431,6.2
Belysning Type 1 Gen3 #1486,438,541,240,7.2
Belysning Type 1 Sort #1487,261,1080,403,4.5
Belysning Type 1 Hvid #1488,681,566,363,5.3
Belysning Type 1 Blå #1489,320,855,323,5.4
Belysning Type 1 Rød #1490,1106,830,234,3.9
Belysning Type 1 Grøn #1491,595,968,350,4.0
Belysning Type 1 Grå #1492,324,605,289,7.1
Belysning Type 2 Pro #1493,285,721,248,3.6
Belysning Type 2 Plus #1494,1198,664,330,6.1
Belysning Type 2 Premium #1495,574,425,123,6.5
Belysning Type 2 Standard #1496,1203,350,250,4.0
Belysning Type 2 Basic #1497,627,999,324,6.5
Belysning Type 2 Deluxe #1498,964,520,181,3.7
Belysning Type 2 Ultra #1499,297,751,309,6.9
